ISO-10303-21;
HEADER;
FILE_DESCRIPTION(('Open CASCADE Model'),'2;1');
FILE_NAME('equipment_pump_skid_001.step','1970-01-01T00:00:00',('Author'),(
    'Open CASCADE'),'Open CASCADE STEP processor 7.7','Open CASCADE 7.7'
  ,'Unknown');
FILE_SCHEMA(('AUTOMOTIVE_DESIGN { 1 0 10303 214 1 1 1 1 }'));
ENDSEC;
DATA;
#1 = APPLICATION_PROTOCOL_DEFINITION('international standard',
  'automotive_design',2000,#2);
#2 = APPLICATION_CONTEXT(
  'core data for automotive mechanical design processes');
#3 = SHAPE_DEFINITION_REPRESENTATION(#4,#10);
#4 = PRODUCT_DEFINITION_SHAPE('','',#5);
#5 = PRODUCT_DEFINITION('design','',#6,#9);
#6 = PRODUCT_DEFINITION_FORMATION('','',#7);
#7 = PRODUCT('Open CASCADE STEP translator 7.7 5',
  'Open CASCADE STEP translator 7.7 5','',(#8));
#8 = PRODUCT_CONTEXT('',#2,'mechanical');
#9 = PRODUCT_DEFINITION_CONTEXT('part definition',#2,'design');
#10 = ADVANCED_BREP_SHAPE_REPRESENTATION('',(#11,#15),#3409);
#11 = AXIS2_PLACEMENT_3D('',#12,#13,#14);
#12 = CARTESIAN_POINT('',(0.,0.,0.));
#13 = DIRECTION('',(0.,0.,1.));
#14 = DIRECTION('',(1.,0.,-0.));
#15 = MANIFOLD_SOLID_BREP('',#16);
#16 = CLOSED_SHELL('',(#17,#295,#925,#974,#1023,#1435,#1847,#1896,#1945,
    #2064,#2091,#2118,#2220,#2247,#2254,#2488,#2537,#2564,#2613,#2640,
    #2689,#2716,#2879,#2906,#2955,#2982,#3031,#3038,#3065,#3114,#3163,
    #3190,#3217,#3224,#3251,#3300,#3307,#3356,#3383,#3394));
#17 = ADVANCED_FACE('',(#18),#32,.F.);
#18 = FACE_BOUND('',#19,.F.);
#19 = EDGE_LOOP('',(#20,#55,#83,#111,#134,#162,#190,#218,#246,#269));
#20 = ORIENTED_EDGE('',*,*,#21,.F.);
#21 = EDGE_CURVE('',#22,#24,#26,.T.);
#22 = VERTEX_POINT('',#23);
#23 = CARTESIAN_POINT('',(-581.,-260.,0.));
#24 = VERTEX_POINT('',#25);
#25 = CARTESIAN_POINT('',(581.,-260.,0.));
#26 = SURFACE_CURVE('',#27,(#31,#43),.PCURVE_S1.);
#27 = LINE('',#28,#29);
#28 = CARTESIAN_POINT('',(-585.,-260.,0.));
#29 = VECTOR('',#30,1.);
#30 = DIRECTION('',(1.,0.,0.));
#31 = PCURVE('',#32,#37);
#32 = PLANE('',#33);
#33 = AXIS2_PLACEMENT_3D('',#34,#35,#36);
#34 = CARTESIAN_POINT('',(-550.,-260.,0.));
#35 = DIRECTION('',(0.,1.,0.));
#36 = DIRECTION('',(0.,0.,1.));
#37 = DEFINITIONAL_REPRESENTATION('',(#38),#42);
#38 = LINE('',#39,#40);
#39 = CARTESIAN_POINT('',(0.,-35.));
#40 = VECTOR('',#41,1.);
#41 = DIRECTION('',(0.,1.));
#42 = ( GEOMETRIC_REPRESENTATION_CONTEXT(2) 
PARAMETRIC_REPRESENTATION_CONTEXT() REPRESENTATION_CONTEXT('2D SPACE',''
  ) );
#43 = PCURVE('',#44,#49);
#44 = PLANE('',#45);
#45 = AXIS2_PLACEMENT_3D('',#46,#47,#48);
#46 = CARTESIAN_POINT('',(-550.,-260.,0.));
#47 = DIRECTION('',(0.,0.,1.));
#48 = DIRECTION('',(1.,0.,0.));
#49 = DEFINITIONAL_REPRESENTATION('',(#50),#54);
#50 = LINE('',#51,#52);
#51 = CARTESIAN_POINT('',(-35.,0.));
#52 = VECTOR('',#53,1.);
#53 = DIRECTION('',(1.,0.));
#54 = ( GEOMETRIC_REPRESENTATION_CONTEXT(2) 
PARAMETRIC_REPRESENTATION_CONTEXT() REPRESENTATION_CONTEXT('2D SPACE',''
  ) );
#55 = ORIENTED_EDGE('',*,*,#56,.T.);
#56 = EDGE_CURVE('',#22,#57,#59,.T.);
#57 = VERTEX_POINT('',#58);
#58 = CARTESIAN_POINT('',(-581.,-260.,99.));
#59 = SURFACE_CURVE('',#60,(#64,#71),.PCURVE_S1.);
#60 = LINE('',#61,#62);
#61 = CARTESIAN_POINT('',(-581.,-260.,0.));
#62 = VECTOR('',#63,1.);
#63 = DIRECTION('',(0.,0.,1.));
#64 = PCURVE('',#32,#65);
#65 = DEFINITIONAL_REPRESENTATION('',(#66),#70);
#66 = LINE('',#67,#68);
#67 = CARTESIAN_POINT('',(0.,-31.));
#68 = VECTOR('',#69,1.);
#69 = DIRECTION('',(1.,0.));
#70 = ( GEOMETRIC_REPRESENTATION_CONTEXT(2) 
PARAMETRIC_REPRESENTATION_CONTEXT() REPRESENTATION_CONTEXT('2D SPACE',''
  ) );
#71 = PCURVE('',#72,#77);
#72 = PLANE('',#73);
#73 = AXIS2_PLACEMENT_3D('',#74,#75,#76);
#74 = CARTESIAN_POINT('',(-583.,-258.,0.));
#75 = DIRECTION('',(-0.707106781187,-0.707106781187,0.));
#76 = DIRECTION('',(0.,0.,1.));
#77 = DEFINITIONAL_REPRESENTATION('',(#78),#82);
#78 = LINE('',#79,#80);
#79 = CARTESIAN_POINT('',(0.,-2.828427124746));
#80 = VECTOR('',#81,1.);
#81 = DIRECTION('',(1.,0.));
#82 = ( GEOMETRIC_REPRESENTATION_CONTEXT(2) 
PARAMETRIC_REPRESENTATION_CONTEXT() REPRESENTATION_CONTEXT('2D SPACE',''
  ) );
#83 = ORIENTED_EDGE('',*,*,#84,.T.);
#84 = EDGE_CURVE('',#57,#85,#87,.T.);
#85 = VERTEX_POINT('',#86);
#86 = CARTESIAN_POINT('',(-550.,-260.,99.));
#87 = SURFACE_CURVE('',#88,(#92,#99),.PCURVE_S1.);
#88 = LINE('',#89,#90);
#89 = CARTESIAN_POINT('',(-585.,-260.,99.));
#90 = VECTOR('',#91,1.);
#91 = DIRECTION('',(1.,0.,0.));
#92 = PCURVE('',#32,#93);
#93 = DEFINITIONAL_REPRESENTATION('',(#94),#98);
#94 = LINE('',#95,#96);
#95 = CARTESIAN_POINT('',(99.,-35.));
#96 = VECTOR('',#97,1.);
#97 = DIRECTION('',(0.,1.));
#98 = ( GEOMETRIC_REPRESENTATION_CONTEXT(2) 
PARAMETRIC_REPRESENTATION_CONTEXT() REPRESENTATION_CONTEXT('2D SPACE',''
  ) );
#99 = PCURVE('',#100,#105);
#100 = PLANE('',#101);
#101 = AXIS2_PLACEMENT_3D('',#102,#103,#104);
#102 = CARTESIAN_POINT('',(-585.,-260.,99.));
#103 = DIRECTION('',(0.,0.,1.));
#104 = DIRECTION('',(1.,0.,0.));
#105 = DEFINITIONAL_REPRESENTATION('',(#106),#110);
#106 = LINE('',#107,#108);
#107 = CARTESIAN_POINT('',(0.,0.));
#108 = VECTOR('',#109,1.);
#109 = DIRECTION('',(1.,0.));
#110 = ( GEOMETRIC_REPRESENTATION_CONTEXT(2) 
PARAMETRIC_REPRESENTATION_CONTEXT() REPRESENTATION_CONTEXT('2D SPACE',''
  ) );
#111 = ORIENTED_EDGE('',*,*,#112,.T.);
#112 = EDGE_CURVE('',#85,#113,#115,.T.);
#113 = VERTEX_POINT('',#114);
#114 = CARTESIAN_POINT('',(-546.,-260.,99.));
#115 = SURFACE_CURVE('',#116,(#120,#127),.PCURVE_S1.);
#116 = LINE('',#117,#118);
#117 = CARTESIAN_POINT('',(-567.5,-260.,99.));
#118 = VECTOR('',#119,1.);
#119 = DIRECTION('',(1.,0.,0.));
#120 = PCURVE('',#32,#121);
#121 = DEFINITIONAL_REPRESENTATION('',(#122),#126);
#122 = LINE('',#123,#124);
#123 = CARTESIAN_POINT('',(99.,-17.5));
#124 = VECTOR('',#125,1.);
#125 = DIRECTION('',(0.,1.));
#126 = ( GEOMETRIC_REPRESENTATION_CONTEXT(2) 
PARAMETRIC_REPRESENTATION_CONTEXT() REPRESENTATION_CONTEXT('2D SPACE',''
  ) );
#127 = PCURVE('',#100,#128);
#128 = DEFINITIONAL_REPRESENTATION('',(#129),#133);
#129 = LINE('',#130,#131);
#130 = CARTESIAN_POINT('',(17.5,0.));
#131 = VECTOR('',#132,1.);
#132 = DIRECTION('',(1.,0.));
#133 = ( GEOMETRIC_REPRESENTATION_CONTEXT(2) 
PARAMETRIC_REPRESENTATION_CONTEXT() REPRESENTATION_CONTEXT('2D SPACE',''
  ) );
#134 = ORIENTED_EDGE('',*,*,#135,.T.);
#135 = EDGE_CURVE('',#113,#136,#138,.T.);
#136 = VERTEX_POINT('',#137);
#137 = CARTESIAN_POINT('',(-546.,-260.,180.));
#138 = SURFACE_CURVE('',#139,(#143,#150),.PCURVE_S1.);
#139 = LINE('',#140,#141);
#140 = CARTESIAN_POINT('',(-546.,-260.,99.));
#141 = VECTOR('',#142,1.);
#142 = DIRECTION('',(0.,0.,1.));
#143 = PCURVE('',#32,#144);
#144 = DEFINITIONAL_REPRESENTATION('',(#145),#149);
#145 = LINE('',#146,#147);
#146 = CARTESIAN_POINT('',(99.,4.));
#147 = VECTOR('',#148,1.);
#148 = DIRECTION('',(1.,0.));
#149 = ( GEOMETRIC_REPRESENTATION_CONTEXT(2) 
PARAMETRIC_REPRESENTATION_CONTEXT() REPRESENTATION_CONTEXT('2D SPACE',''
  ) );
#150 = PCURVE('',#151,#156);
#151 = PLANE('',#152);
#152 = AXIS2_PLACEMENT_3D('',#153,#154,#155);
#153 = CARTESIAN_POINT('',(-548.,-258.,99.));
#154 = DIRECTION('',(-0.707106781187,-0.707106781187,0.));
#155 = DIRECTION('',(0.,0.,1.));
#156 = DEFINITIONAL_REPRESENTATION('',(#157),#161);
#157 = LINE('',#158,#159);
#158 = CARTESIAN_POINT('',(0.,-2.828427124746));
#159 = VECTOR('',#160,1.);
#160 = DIRECTION('',(1.,0.));
#161 = ( GEOMETRIC_REPRESENTATION_CONTEXT(2) 
PARAMETRIC_REPRESENTATION_CONTEXT() REPRESENTATION_CONTEXT('2D SPACE',''
  ) );
#162 = ORIENTED_EDGE('',*,*,#163,.T.);
#163 = EDGE_CURVE('',#136,#164,#166,.T.);
#164 = VERTEX_POINT('',#165);
#165 = CARTESIAN_POINT('',(546.,-260.,180.));
#166 = SURFACE_CURVE('',#167,(#171,#178),.PCURVE_S1.);
#167 = LINE('',#168,#169);
#168 = CARTESIAN_POINT('',(-550.,-260.,180.));
#169 = VECTOR('',#170,1.);
#170 = DIRECTION('',(1.,0.,0.));
#171 = PCURVE('',#32,#172);
#172 = DEFINITIONAL_REPRESENTATION('',(#173),#177);
#173 = LINE('',#174,#175);
#174 = CARTESIAN_POINT('',(180.,0.));
#175 = VECTOR('',#176,1.);
#176 = DIRECTION('',(0.,1.));
#177 = ( GEOMETRIC_REPRESENTATION_CONTEXT(2) 
PARAMETRIC_REPRESENTATION_CONTEXT() REPRESENTATION_CONTEXT('2D SPACE',''
  ) );
#178 = PCURVE('',#179,#184);
#179 = PLANE('',#180);
#180 = AXIS2_PLACEMENT_3D('',#181,#182,#183);
#181 = CARTESIAN_POINT('',(-550.,-260.,180.));
#182 = DIRECTION('',(0.,0.,1.));
#183 = DIRECTION('',(1.,0.,0.));
#184 = DEFINITIONAL_REPRESENTATION('',(#185),#189);
#185 = LINE('',#186,#187);
#186 = CARTESIAN_POINT('',(0.,0.));
#187 = VECTOR('',#188,1.);
#188 = DIRECTION('',(1.,0.));
#189 = ( GEOMETRIC_REPRESENTATION_CONTEXT(2) 
PARAMETRIC_REPRESENTATION_CONTEXT() REPRESENTATION_CONTEXT('2D SPACE',''
  ) );
#190 = ORIENTED_EDGE('',*,*,#191,.F.);
#191 = EDGE_CURVE('',#192,#164,#194,.T.);
#192 = VERTEX_POINT('',#193);
#193 = CARTESIAN_POINT('',(546.,-260.,99.));
#194 = SURFACE_CURVE('',#195,(#199,#206),.PCURVE_S1.);
#195 = LINE('',#196,#197);
#196 = CARTESIAN_POINT('',(546.,-260.,99.));
#197 = VECTOR('',#198,1.);
#198 = DIRECTION('',(0.,0.,1.));
#199 = PCURVE('',#32,#200);
#200 = DEFINITIONAL_REPRESENTATION('',(#201),#205);
#201 = LINE('',#202,#203);
#202 = CARTESIAN_POINT('',(99.,1.096E+03));
#203 = VECTOR('',#204,1.);
#204 = DIRECTION('',(1.,0.));
#205 = ( GEOMETRIC_REPRESENTATION_CONTEXT(2) 
PARAMETRIC_REPRESENTATION_CONTEXT() REPRESENTATION_CONTEXT('2D SPACE',''
  ) );
#206 = PCURVE('',#207,#212);
#207 = PLANE('',#208);
#208 = AXIS2_PLACEMENT_3D('',#209,#210,#211);
#209 = CARTESIAN_POINT('',(548.,-258.,99.));
#210 = DIRECTION('',(-0.707106781187,0.707106781187,0.));
#211 = DIRECTION('',(0.,0.,1.));
#212 = DEFINITIONAL_REPRESENTATION('',(#213),#217);
#213 = LINE('',#214,#215);
#214 = CARTESIAN_POINT('',(0.,-2.828427124746));
#215 = VECTOR('',#216,1.);
#216 = DIRECTION('',(1.,0.));
#217 = ( GEOMETRIC_REPRESENTATION_CONTEXT(2) 
PARAMETRIC_REPRESENTATION_CONTEXT() REPRESENTATION_CONTEXT('2D SPACE',''
  ) );
#218 = ORIENTED_EDGE('',*,*,#219,.F.);
#219 = EDGE_CURVE('',#220,#192,#222,.T.);
#220 = VERTEX_POINT('',#221);
#221 = CARTESIAN_POINT('',(550.,-260.,99.));
#222 = SURFACE_CURVE('',#223,(#227,#234),.PCURVE_S1.);
#223 = LINE('',#224,#225);
#224 = CARTESIAN_POINT('',(-17.5,-260.,99.));
#225 = VECTOR('',#226,1.);
#226 = DIRECTION('',(-1.,-0.,-0.));
#227 = PCURVE('',#32,#228);
#228 = DEFINITIONAL_REPRESENTATION('',(#229),#233);
#229 = LINE('',#230,#231);
#230 = CARTESIAN_POINT('',(99.,532.5));
#231 = VECTOR('',#232,1.);
#232 = DIRECTION('',(-0.,-1.));
#233 = ( GEOMETRIC_REPRESENTATION_CONTEXT(2) 
PARAMETRIC_REPRESENTATION_CONTEXT() REPRESENTATION_CONTEXT('2D SPACE',''
  ) );
#234 = PCURVE('',#235,#240);
#235 = PLANE('',#236);
#236 = AXIS2_PLACEMENT_3D('',#237,#238,#239);
#237 = CARTESIAN_POINT('',(515.,-260.,99.));
#238 = DIRECTION('',(0.,0.,1.));
#239 = DIRECTION('',(1.,0.,0.));
#240 = DEFINITIONAL_REPRESENTATION('',(#241),#245);
#241 = LINE('',#242,#243);
#242 = CARTESIAN_POINT('',(-532.5,0.));
#243 = VECTOR('',#244,1.);
#244 = DIRECTION('',(-1.,-0.));
#245 = ( GEOMETRIC_REPRESENTATION_CONTEXT(2) 
PARAMETRIC_REPRESENTATION_CONTEXT() REPRESENTATION_CONTEXT('2D SPACE',''
  ) );
#246 = ORIENTED_EDGE('',*,*,#247,.T.);
#247 = EDGE_CURVE('',#220,#248,#250,.T.);
#248 = VERTEX_POINT('',#249);
#249 = CARTESIAN_POINT('',(581.,-260.,99.));
#250 = SURFACE_CURVE('',#251,(#255,#262),.PCURVE_S1.);
#251 = LINE('',#252,#253);
#252 = CARTESIAN_POINT('',(515.,-260.,99.));
#253 = VECTOR('',#254,1.);
#254 = DIRECTION('',(1.,0.,0.));
#255 = PCURVE('',#32,#256);
#256 = DEFINITIONAL_REPRESENTATION('',(#257),#261);
#257 = LINE('',#258,#259);
#258 = CARTESIAN_POINT('',(99.,1.065E+03));
#259 = VECTOR('',#260,1.);
#260 = DIRECTION('',(0.,1.));
#261 = ( GEOMETRIC_REPRESENTATION_CONTEXT(2) 
PARAMETRIC_REPRESENTATION_CONTEXT() REPRESENTATION_CONTEXT('2D SPACE',''
  ) );
#262 = PCURVE('',#235,#263);
#263 = DEFINITIONAL_REPRESENTATION('',(#264),#268);
#264 = LINE('',#265,#266);
#265 = CARTESIAN_POINT('',(0.,0.));
#266 = VECTOR('',#267,1.);
#267 = DIRECTION('',(1.,0.));
#268 = ( GEOMETRIC_REPRESENTATION_CONTEXT(2) 
PARAMETRIC_REPRESENTATION_CONTEXT() REPRESENTATION_CONTEXT('2D SPACE',''
  ) );
#269 = ORIENTED_EDGE('',*,*,#270,.F.);
#270 = EDGE_CURVE('',#24,#248,#271,.T.);
#271 = SURFACE_CURVE('',#272,(#276,#283),.PCURVE_S1.);
#272 = LINE('',#273,#274);
#273 = CARTESIAN_POINT('',(581.,-260.,0.));
#274 = VECTOR('',#275,1.);
#275 = DIRECTION('',(0.,0.,1.));
#276 = PCURVE('',#32,#277);
#277 = DEFINITIONAL_REPRESENTATION('',(#278),#282);
#278 = LINE('',#279,#280);
#279 = CARTESIAN_POINT('',(0.,1.131E+03));
#280 = VECTOR('',#281,1.);
#281 = DIRECTION('',(1.,0.));
#282 = ( GEOMETRIC_REPRESENTATION_CONTEXT(2) 
PARAMETRIC_REPRESENTATION_CONTEXT() REPRESENTATION_CONTEXT('2D SPACE',''
  ) );
#283 = PCURVE('',#284,#289);
#284 = PLANE('',#285);
#285 = AXIS2_PLACEMENT_3D('',#286,#287,#288);
#286 = CARTESIAN_POINT('',(583.,-258.,0.));
#287 = DIRECTION('',(-0.707106781187,0.707106781187,0.));
#288 = DIRECTION('',(0.,0.,1.));
#289 = DEFINITIONAL_REPRESENTATION('',(#290),#294);
#290 = LINE('',#291,#292);
#291 = CARTESIAN_POINT('',(0.,-2.828427124746));
#292 = VECTOR('',#293,1.);
#293 = DIRECTION('',(1.,0.));
#294 = ( GEOMETRIC_REPRESENTATION_CONTEXT(2) 
PARAMETRIC_REPRESENTATION_CONTEXT() REPRESENTATION_CONTEXT('2D SPACE',''
  ) );
#295 = ADVANCED_FACE('',(#296,#483,#709),#44,.F.);
#296 = FACE_BOUND('',#297,.F.);
#297 = EDGE_LOOP('',(#298,#328,#349,#350,#373,#401,#429,#457));
#298 = ORIENTED_EDGE('',*,*,#299,.F.);
#299 = EDGE_CURVE('',#300,#302,#304,.T.);
#300 = VERTEX_POINT('',#301);
#301 = CARTESIAN_POINT('',(-585.,-256.,0.));
#302 = VERTEX_POINT('',#303);
#303 = CARTESIAN_POINT('',(-585.,256.,0.));
#304 = SURFACE_CURVE('',#305,(#309,#316),.PCURVE_S1.);
#305 = LINE('',#306,#307);
#306 = CARTESIAN_POINT('',(-585.,-260.,0.));
#307 = VECTOR('',#308,1.);
#308 = DIRECTION('',(0.,1.,0.));
#309 = PCURVE('',#44,#310);
#310 = DEFINITIONAL_REPRESENTATION('',(#311),#315);
#311 = LINE('',#312,#313);
#312 = CARTESIAN_POINT('',(-35.,0.));
#313 = VECTOR('',#314,1.);
#314 = DIRECTION('',(0.,1.));
#315 = ( GEOMETRIC_REPRESENTATION_CONTEXT(2) 
PARAMETRIC_REPRESENTATION_CONTEXT() REPRESENTATION_CONTEXT('2D SPACE',''
  ) );
#316 = PCURVE('',#317,#322);
#317 = PLANE('',#318);
#318 = AXIS2_PLACEMENT_3D('',#319,#320,#321);
#319 = CARTESIAN_POINT('',(-585.,-260.,0.));
#320 = DIRECTION('',(1.,0.,0.));
#321 = DIRECTION('',(0.,0.,1.));
#322 = DEFINITIONAL_REPRESENTATION('',(#323),#327);
#323 = LINE('',#324,#325);
#324 = CARTESIAN_POINT('',(0.,0.));
#325 = VECTOR('',#326,1.);
#326 = DIRECTION('',(0.,-1.));
#327 = ( GEOMETRIC_REPRESENTATION_CONTEXT(2) 
PARAMETRIC_REPRESENTATION_CONTEXT() REPRESENTATION_CONTEXT('2D SPACE',''
  ) );
#328 = ORIENTED_EDGE('',*,*,#329,.F.);
#329 = EDGE_CURVE('',#22,#300,#330,.T.);
#330 = SURFACE_CURVE('',#331,(#335,#342),.PCURVE_S1.);
#331 = LINE('',#332,#333);
#332 = CARTESIAN_POINT('',(-574.25,-266.75,0.));
#333 = VECTOR('',#334,1.);
#334 = DIRECTION('',(-0.707106781187,0.707106781187,0.));
#335 = PCURVE('',#44,#336);
#336 = DEFINITIONAL_REPRESENTATION('',(#337),#341);
#337 = LINE('',#338,#339);
#338 = CARTESIAN_POINT('',(-24.25,-6.75));
#339 = VECTOR('',#340,1.);
#340 = DIRECTION('',(-0.707106781187,0.707106781187));
#341 = ( GEOMETRIC_REPRESENTATION_CONTEXT(2) 
PARAMETRIC_REPRESENTATION_CONTEXT() REPRESENTATION_CONTEXT('2D SPACE',''
  ) );
#342 = PCURVE('',#72,#343);
#343 = DEFINITIONAL_REPRESENTATION('',(#344),#348);
#344 = LINE('',#345,#346);
#345 = CARTESIAN_POINT('',(0.,-12.37436867076));
#346 = VECTOR('',#347,1.);
#347 = DIRECTION('',(0.,1.));
#348 = ( GEOMETRIC_REPRESENTATION_CONTEXT(2) 
PARAMETRIC_REPRESENTATION_CONTEXT() REPRESENTATION_CONTEXT('2D SPACE',''
  ) );
#349 = ORIENTED_EDGE('',*,*,#21,.T.);
#350 = ORIENTED_EDGE('',*,*,#351,.T.);
#351 = EDGE_CURVE('',#24,#352,#354,.T.);
#352 = VERTEX_POINT('',#353);
#353 = CARTESIAN_POINT('',(585.,-256.,0.));
#354 = SURFACE_CURVE('',#355,(#359,#366),.PCURVE_S1.);
#355 = LINE('',#356,#357);
#356 = CARTESIAN_POINT('',(299.25,-541.75,0.));
#357 = VECTOR('',#358,1.);
#358 = DIRECTION('',(0.707106781187,0.707106781187,-0.));
#359 = PCURVE('',#44,#360);
#360 = DEFINITIONAL_REPRESENTATION('',(#361),#365);
#361 = LINE('',#362,#363);
#362 = CARTESIAN_POINT('',(849.25,-281.75));
#363 = VECTOR('',#364,1.);
#364 = DIRECTION('',(0.707106781187,0.707106781187));
#365 = ( GEOMETRIC_REPRESENTATION_CONTEXT(2) 
PARAMETRIC_REPRESENTATION_CONTEXT() REPRESENTATION_CONTEXT('2D SPACE',''
  ) );
#366 = PCURVE('',#284,#367);
#367 = DEFINITIONAL_REPRESENTATION('',(#368),#372);
#368 = LINE('',#369,#370);
#369 = CARTESIAN_POINT('',(0.,-401.2830983233));
#370 = VECTOR('',#371,1.);
#371 = DIRECTION('',(0.,1.));
#372 = ( GEOMETRIC_REPRESENTATION_CONTEXT(2) 
PARAMETRIC_REPRESENTATION_CONTEXT() REPRESENTATION_CONTEXT('2D SPACE',''
  ) );
#373 = ORIENTED_EDGE('',*,*,#374,.T.);
#374 = EDGE_CURVE('',#352,#375,#377,.T.);
#375 = VERTEX_POINT('',#376);
#376 = CARTESIAN_POINT('',(585.,256.,0.));
#377 = SURFACE_CURVE('',#378,(#382,#389),.PCURVE_S1.);
#378 = LINE('',#379,#380);
#379 = CARTESIAN_POINT('',(585.,-260.,0.));
#380 = VECTOR('',#381,1.);
#381 = DIRECTION('',(0.,1.,0.));
#382 = PCURVE('',#44,#383);
#383 = DEFINITIONAL_REPRESENTATION('',(#384),#388);
#384 = LINE('',#385,#386);
#385 = CARTESIAN_POINT('',(1.135E+03,0.));
#386 = VECTOR('',#387,1.);
#387 = DIRECTION('',(0.,1.));
#388 = ( GEOMETRIC_REPRESENTATION_CONTEXT(2) 
PARAMETRIC_REPRESENTATION_CONTEXT() REPRESENTATION_CONTEXT('2D SPACE',''
  ) );
#389 = PCURVE('',#390,#395);
#390 = PLANE('',#391);
#391 = AXIS2_PLACEMENT_3D('',#392,#393,#394);
#392 = CARTESIAN_POINT('',(585.,-260.,0.));
#393 = DIRECTION('',(1.,0.,0.));
#394 = DIRECTION('',(0.,0.,1.));
#395 = DEFINITIONAL_REPRESENTATION('',(#396),#400);
#396 = LINE('',#397,#398);
#397 = CARTESIAN_POINT('',(0.,0.));
#398 = VECTOR('',#399,1.);
#399 = DIRECTION('',(0.,-1.));
#400 = ( GEOMETRIC_REPRESENTATION_CONTEXT(2) 
PARAMETRIC_REPRESENTATION_CONTEXT() REPRESENTATION_CONTEXT('2D SPACE',''
  ) );
#401 = ORIENTED_EDGE('',*,*,#402,.F.);
#402 = EDGE_CURVE('',#403,#375,#405,.T.);
#403 = VERTEX_POINT('',#404);
#404 = CARTESIAN_POINT('',(581.,260.,0.));
#405 = SURFACE_CURVE('',#406,(#410,#417),.PCURVE_S1.);
#406 = LINE('',#407,#408);
#407 = CARTESIAN_POINT('',(429.25,411.75,0.));
#408 = VECTOR('',#409,1.);
#409 = DIRECTION('',(0.707106781187,-0.707106781187,0.));
#410 = PCURVE('',#44,#411);
#411 = DEFINITIONAL_REPRESENTATION('',(#412),#416);
#412 = LINE('',#413,#414);
#413 = CARTESIAN_POINT('',(979.25,671.75));
#414 = VECTOR('',#415,1.);
#415 = DIRECTION('',(0.707106781187,-0.707106781187));
#416 = ( GEOMETRIC_REPRESENTATION_CONTEXT(2) 
PARAMETRIC_REPRESENTATION_CONTEXT() REPRESENTATION_CONTEXT('2D SPACE',''
  ) );
#417 = PCURVE('',#418,#423);
#418 = PLANE('',#419);
#419 = AXIS2_PLACEMENT_3D('',#420,#421,#422);
#420 = CARTESIAN_POINT('',(583.,258.,0.));
#421 = DIRECTION('',(0.707106781187,0.707106781187,0.));
#422 = DIRECTION('',(0.,-0.,1.));
#423 = DEFINITIONAL_REPRESENTATION('',(#424),#428);
#424 = LINE('',#425,#426);
#425 = CARTESIAN_POINT('',(0.,-217.4353352148));
#426 = VECTOR('',#427,1.);
#427 = DIRECTION('',(0.,1.));
#428 = ( GEOMETRIC_REPRESENTATION_CONTEXT(2) 
PARAMETRIC_REPRESENTATION_CONTEXT() REPRESENTATION_CONTEXT('2D SPACE',''
  ) );
#429 = ORIENTED_EDGE('',*,*,#430,.F.);
#430 = EDGE_CURVE('',#431,#403,#433,.T.);
#431 = VERTEX_POINT('',#432);
#432 = CARTESIAN_POINT('',(-581.,260.,0.));
#433 = SURFACE_CURVE('',#434,(#438,#445),.PCURVE_S1.);
#434 = LINE('',#435,#436);
#435 = CARTESIAN_POINT('',(-585.,260.,0.));
#436 = VECTOR('',#437,1.);
#437 = DIRECTION('',(1.,0.,0.));
#438 = PCURVE('',#44,#439);
#439 = DEFINITIONAL_REPRESENTATION('',(#440),#444);
#440 = LINE('',#441,#442);
#441 = CARTESIAN_POINT('',(-35.,520.));
#442 = VECTOR('',#443,1.);
#443 = DIRECTION('',(1.,0.));
#444 = ( GEOMETRIC_REPRESENTATION_CONTEXT(2) 
PARAMETRIC_REPRESENTATION_CONTEXT() REPRESENTATION_CONTEXT('2D SPACE',''
  ) );
#445 = PCURVE('',#446,#451);
#446 = PLANE('',#447);
#447 = AXIS2_PLACEMENT_3D('',#448,#449,#450);
#448 = CARTESIAN_POINT('',(-585.,260.,0.));
#449 = DIRECTION('',(0.,1.,0.));
#450 = DIRECTION('',(0.,0.,1.));
#451 = DEFINITIONAL_REPRESENTATION('',(#452),#456);
#452 = LINE('',#453,#454);
#453 = CARTESIAN_POINT('',(0.,0.));
#454 = VECTOR('',#455,1.);
#455 = DIRECTION('',(0.,1.));
#456 = ( GEOMETRIC_REPRESENTATION_CONTEXT(2) 
PARAMETRIC_REPRESENTATION_CONTEXT() REPRESENTATION_CONTEXT('2D SPACE',''
  ) );
#457 = ORIENTED_EDGE('',*,*,#458,.F.);
#458 = EDGE_CURVE('',#302,#431,#459,.T.);
#459 = SURFACE_CURVE('',#460,(#464,#471),.PCURVE_S1.);
#460 = LINE('',#461,#462);
#461 = CARTESIAN_POINT('',(-704.25,136.75,0.));
#462 = VECTOR('',#463,1.);
#463 = DIRECTION('',(0.707106781187,0.707106781187,-0.));
#464 = PCURVE('',#44,#465);
#465 = DEFINITIONAL_REPRESENTATION('',(#466),#470);
#466 = LINE('',#467,#468);
#467 = CARTESIAN_POINT('',(-154.25,396.75));
#468 = VECTOR('',#469,1.);
#469 = DIRECTION('',(0.707106781187,0.707106781187));
#470 = ( GEOMETRIC_REPRESENTATION_CONTEXT(2) 
PARAMETRIC_REPRESENTATION_CONTEXT() REPRESENTATION_CONTEXT('2D SPACE',''
  ) );
#471 = PCURVE('',#472,#477);
#472 = PLANE('',#473);
#473 = AXIS2_PLACEMENT_3D('',#474,#475,#476);
#474 = CARTESIAN_POINT('',(-583.,258.,0.));
#475 = DIRECTION('',(0.707106781187,-0.707106781187,0.));
#476 = DIRECTION('',(-0.,-0.,-1.));
#477 = DEFINITIONAL_REPRESENTATION('',(#478),#482);
#478 = LINE('',#479,#480);
#479 = CARTESIAN_POINT('',(-0.,-171.4733944377));
#480 = VECTOR('',#481,1.);
#481 = DIRECTION('',(-0.,1.));
#482 = ( GEOMETRIC_REPRESENTATION_CONTEXT(2) 
PARAMETRIC_REPRESENTATION_CONTEXT() REPRESENTATION_CONTEXT('2D SPACE',''
  ) );
#483 = FACE_BOUND('',#484,.F.);
#484 = EDGE_LOOP('',(#485,#515,#543,#571,#599,#627,#655,#683));
#485 = ORIENTED_EDGE('',*,*,#486,.T.);
#486 = EDGE_CURVE('',#487,#489,#491,.T.);
#487 = VERTEX_POINT('',#488);
#488 = CARTESIAN_POINT('',(39.,190.,0.));
#489 = VERTEX_POINT('',#490);
#490 = CARTESIAN_POINT('',(511.,190.,0.));
#491 = SURFACE_CURVE('',#492,(#496,#503),.PCURVE_S1.);
#492 = LINE('',#493,#494);
#493 = CARTESIAN_POINT('',(-550.,190.,0.));
#494 = VECTOR('',#495,1.);
#495 = DIRECTION('',(1.,0.,0.));
#496 = PCURVE('',#44,#497);
#497 = DEFINITIONAL_REPRESENTATION('',(#498),#502);
#498 = LINE('',#499,#500);
#499 = CARTESIAN_POINT('',(0.,450.));
#500 = VECTOR('',#501,1.);
#501 = DIRECTION('',(1.,0.));
#502 = ( GEOMETRIC_REPRESENTATION_CONTEXT(2) 
PARAMETRIC_REPRESENTATION_CONTEXT() REPRESENTATION_CONTEXT('2D SPACE',''
  ) );
#503 = PCURVE('',#504,#509);
#504 = PLANE('',#505);
#505 = AXIS2_PLACEMENT_3D('',#506,#507,#508);
#506 = CARTESIAN_POINT('',(-550.,190.,0.));
#507 = DIRECTION('',(0.,1.,0.));
#508 = DIRECTION('',(0.,0.,1.));
#509 = DEFINITIONAL_REPRESENTATION('',(#510),#514);
#510 = LINE('',#511,#512);
#511 = CARTESIAN_POINT('',(0.,0.));
#512 = VECTOR('',#513,1.);
#513 = DIRECTION('',(0.,1.));
#514 = ( GEOMETRIC_REPRESENTATION_CONTEXT(2) 
PARAMETRIC_REPRESENTATION_CONTEXT() REPRESENTATION_CONTEXT('2D SPACE',''
  ) );
#515 = ORIENTED_EDGE('',*,*,#516,.T.);
#516 = EDGE_CURVE('',#489,#517,#519,.T.);
#517 = VERTEX_POINT('',#518);
#518 = CARTESIAN_POINT('',(515.,186.,0.));
#519 = SURFACE_CURVE('',#520,(#524,#531),.PCURVE_S1.);
#520 = LINE('',#521,#522);
#521 = CARTESIAN_POINT('',(359.25,341.75,-1.42108547152E-14));
#522 = VECTOR('',#523,1.);
#523 = DIRECTION('',(0.707106781187,-0.707106781187,-0.));
#524 = PCURVE('',#44,#525);
#525 = DEFINITIONAL_REPRESENTATION('',(#526),#530);
#526 = LINE('',#527,#528);
#527 = CARTESIAN_POINT('',(909.25,601.75));
#528 = VECTOR('',#529,1.);
#529 = DIRECTION('',(0.707106781187,-0.707106781187));
#530 = ( GEOMETRIC_REPRESENTATION_CONTEXT(2) 
PARAMETRIC_REPRESENTATION_CONTEXT() REPRESENTATION_CONTEXT('2D SPACE',''
  ) );
#531 = PCURVE('',#532,#537);
#532 = PLANE('',#533);
#533 = AXIS2_PLACEMENT_3D('',#534,#535,#536);
#534 = CARTESIAN_POINT('',(513.,188.,99.));
#535 = DIRECTION('',(0.707106781187,0.707106781187,0.));
#536 = DIRECTION('',(-0.,-0.,1.));
#537 = DEFINITIONAL_REPRESENTATION('',(#538),#542);
#538 = LINE('',#539,#540);
#539 = CARTESIAN_POINT('',(-99.,-217.4353352148));
#540 = VECTOR('',#541,1.);
#541 = DIRECTION('',(-0.,1.));
#542 = ( GEOMETRIC_REPRESENTATION_CONTEXT(2) 
PARAMETRIC_REPRESENTATION_CONTEXT() REPRESENTATION_CONTEXT('2D SPACE',''
  ) );
#543 = ORIENTED_EDGE('',*,*,#544,.F.);
#544 = EDGE_CURVE('',#545,#517,#547,.T.);
#545 = VERTEX_POINT('',#546);
#546 = CARTESIAN_POINT('',(515.,-186.,0.));
#547 = SURFACE_CURVE('',#548,(#552,#559),.PCURVE_S1.);
#548 = LINE('',#549,#550);
#549 = CARTESIAN_POINT('',(515.,-260.,0.));
#550 = VECTOR('',#551,1.);
#551 = DIRECTION('',(0.,1.,0.));
#552 = PCURVE('',#44,#553);
#553 = DEFINITIONAL_REPRESENTATION('',(#554),#558);
#554 = LINE('',#555,#556);
#555 = CARTESIAN_POINT('',(1.065E+03,0.));
#556 = VECTOR('',#557,1.);
#557 = DIRECTION('',(0.,1.));
#558 = ( GEOMETRIC_REPRESENTATION_CONTEXT(2) 
PARAMETRIC_REPRESENTATION_CONTEXT() REPRESENTATION_CONTEXT('2D SPACE',''
  ) );
#559 = PCURVE('',#560,#565);
#560 = PLANE('',#561);
#561 = AXIS2_PLACEMENT_3D('',#562,#563,#564);
#562 = CARTESIAN_POINT('',(515.,-260.,0.));
#563 = DIRECTION('',(1.,0.,0.));
#564 = DIRECTION('',(0.,0.,1.));
#565 = DEFINITIONAL_REPRESENTATION('',(#566),#570);
#566 = LINE('',#567,#568);
#567 = CARTESIAN_POINT('',(0.,0.));
#568 = VECTOR('',#569,1.);
#569 = DIRECTION('',(0.,-1.));
#570 = ( GEOMETRIC_REPRESENTATION_CONTEXT(2) 
PARAMETRIC_REPRESENTATION_CONTEXT() REPRESENTATION_CONTEXT('2D SPACE',''
  ) );
#571 = ORIENTED_EDGE('',*,*,#572,.F.);
#572 = EDGE_CURVE('',#573,#545,#575,.T.);
#573 = VERTEX_POINT('',#574);
#574 = CARTESIAN_POINT('',(511.,-190.,0.));
#575 = SURFACE_CURVE('',#576,(#580,#587),.PCURVE_S1.);
#576 = LINE('',#577,#578);
#577 = CARTESIAN_POINT('',(229.25,-471.75,-1.42108547152E-14));
#578 = VECTOR('',#579,1.);
#579 = DIRECTION('',(0.707106781187,0.707106781187,-0.));
#580 = PCURVE('',#44,#581);
#581 = DEFINITIONAL_REPRESENTATION('',(#582),#586);
#582 = LINE('',#583,#584);
#583 = CARTESIAN_POINT('',(779.25,-211.75));
#584 = VECTOR('',#585,1.);
#585 = DIRECTION('',(0.707106781187,0.707106781187));
#586 = ( GEOMETRIC_REPRESENTATION_CONTEXT(2) 
PARAMETRIC_REPRESENTATION_CONTEXT() REPRESENTATION_CONTEXT('2D SPACE',''
  ) );
#587 = PCURVE('',#588,#593);
#588 = PLANE('',#589);
#589 = AXIS2_PLACEMENT_3D('',#590,#591,#592);
#590 = CARTESIAN_POINT('',(513.,-188.,99.));
#591 = DIRECTION('',(-0.707106781187,0.707106781187,0.));
#592 = DIRECTION('',(-0.,-0.,1.));
#593 = DEFINITIONAL_REPRESENTATION('',(#594),#598);
#594 = LINE('',#595,#596);
#595 = CARTESIAN_POINT('',(-99.,-401.2830983233));
#596 = VECTOR('',#597,1.);
#597 = DIRECTION('',(-0.,1.));
#598 = ( GEOMETRIC_REPRESENTATION_CONTEXT(2) 
PARAMETRIC_REPRESENTATION_CONTEXT() REPRESENTATION_CONTEXT('2D SPACE',''
  ) );
#599 = ORIENTED_EDGE('',*,*,#600,.F.);
#600 = EDGE_CURVE('',#601,#573,#603,.T.);
#601 = VERTEX_POINT('',#602);
#602 = CARTESIAN_POINT('',(39.,-190.,0.));
#603 = SURFACE_CURVE('',#604,(#608,#615),.PCURVE_S1.);
#604 = LINE('',#605,#606);
#605 = CARTESIAN_POINT('',(-550.,-190.,0.));
#606 = VECTOR('',#607,1.);
#607 = DIRECTION('',(1.,0.,0.));
#608 = PCURVE('',#44,#609);
#609 = DEFINITIONAL_REPRESENTATION('',(#610),#614);
#610 = LINE('',#611,#612);
#611 = CARTESIAN_POINT('',(0.,70.));
#612 = VECTOR('',#613,1.);
#613 = DIRECTION('',(1.,0.));
#614 = ( GEOMETRIC_REPRESENTATION_CONTEXT(2) 
PARAMETRIC_REPRESENTATION_CONTEXT() REPRESENTATION_CONTEXT('2D SPACE',''
  ) );
#615 = PCURVE('',#616,#621);
#616 = PLANE('',#617);
#617 = AXIS2_PLACEMENT_3D('',#618,#619,#620);
#618 = CARTESIAN_POINT('',(-550.,-190.,0.));
#619 = DIRECTION('',(0.,1.,0.));
#620 = DIRECTION('',(0.,0.,1.));
#621 = DEFINITIONAL_REPRESENTATION('',(#622),#626);
#622 = LINE('',#623,#624);
#623 = CARTESIAN_POINT('',(0.,0.));
#624 = VECTOR('',#625,1.);
#625 = DIRECTION('',(0.,1.));
#626 = ( GEOMETRIC_REPRESENTATION_CONTEXT(2) 
PARAMETRIC_REPRESENTATION_CONTEXT() REPRESENTATION_CONTEXT('2D SPACE',''
  ) );
#627 = ORIENTED_EDGE('',*,*,#628,.F.);
#628 = EDGE_CURVE('',#629,#601,#631,.T.);
#629 = VERTEX_POINT('',#630);
#630 = CARTESIAN_POINT('',(35.,-186.,0.));
#631 = SURFACE_CURVE('',#632,(#636,#643),.PCURVE_S1.);
#632 = LINE('',#633,#634);
#633 = CARTESIAN_POINT('',(-91.75,-59.25,-1.42108547152E-14));
#634 = VECTOR('',#635,1.);
#635 = DIRECTION('',(0.707106781187,-0.707106781187,-0.));
#636 = PCURVE('',#44,#637);
#637 = DEFINITIONAL_REPRESENTATION('',(#638),#642);
#638 = LINE('',#639,#640);
#639 = CARTESIAN_POINT('',(458.25,200.75));
#640 = VECTOR('',#641,1.);
#641 = DIRECTION('',(0.707106781187,-0.707106781187));
#642 = ( GEOMETRIC_REPRESENTATION_CONTEXT(2) 
PARAMETRIC_REPRESENTATION_CONTEXT() REPRESENTATION_CONTEXT('2D SPACE',''
  ) );
#643 = PCURVE('',#644,#649);
#644 = PLANE('',#645);
#645 = AXIS2_PLACEMENT_3D('',#646,#647,#648);
#646 = CARTESIAN_POINT('',(37.,-188.,99.));
#647 = DIRECTION('',(-0.707106781187,-0.707106781187,0.));
#648 = DIRECTION('',(-0.,0.,-1.));
#649 = DEFINITIONAL_REPRESENTATION('',(#650),#654);
#650 = LINE('',#651,#652);
#651 = CARTESIAN_POINT('',(99.,-182.0799961555));
#652 = VECTOR('',#653,1.);
#653 = DIRECTION('',(0.,1.));
#654 = ( GEOMETRIC_REPRESENTATION_CONTEXT(2) 
PARAMETRIC_REPRESENTATION_CONTEXT() REPRESENTATION_CONTEXT('2D SPACE',''
  ) );
#655 = ORIENTED_EDGE('',*,*,#656,.T.);
#656 = EDGE_CURVE('',#629,#657,#659,.T.);
#657 = VERTEX_POINT('',#658);
#658 = CARTESIAN_POINT('',(35.,186.,0.));
#659 = SURFACE_CURVE('',#660,(#664,#671),.PCURVE_S1.);
#660 = LINE('',#661,#662);
#661 = CARTESIAN_POINT('',(35.,-260.,0.));
#662 = VECTOR('',#663,1.);
#663 = DIRECTION('',(0.,1.,0.));
#664 = PCURVE('',#44,#665);
#665 = DEFINITIONAL_REPRESENTATION('',(#666),#670);
#666 = LINE('',#667,#668);
#667 = CARTESIAN_POINT('',(585.,0.));
#668 = VECTOR('',#669,1.);
#669 = DIRECTION('',(0.,1.));
#670 = ( GEOMETRIC_REPRESENTATION_CONTEXT(2) 
PARAMETRIC_REPRESENTATION_CONTEXT() REPRESENTATION_CONTEXT('2D SPACE',''
  ) );
#671 = PCURVE('',#672,#677);
#672 = PLANE('',#673);
#673 = AXIS2_PLACEMENT_3D('',#674,#675,#676);
#674 = CARTESIAN_POINT('',(35.,-260.,0.));
#675 = DIRECTION('',(1.,0.,0.));
#676 = DIRECTION('',(0.,0.,1.));
#677 = DEFINITIONAL_REPRESENTATION('',(#678),#682);
#678 = LINE('',#679,#680);
#679 = CARTESIAN_POINT('',(0.,0.));
#680 = VECTOR('',#681,1.);
#681 = DIRECTION('',(0.,-1.));
#682 = ( GEOMETRIC_REPRESENTATION_CONTEXT(2) 
PARAMETRIC_REPRESENTATION_CONTEXT() REPRESENTATION_CONTEXT('2D SPACE',''
  ) );
#683 = ORIENTED_EDGE('',*,*,#684,.F.);
#684 = EDGE_CURVE('',#487,#657,#685,.T.);
#685 = SURFACE_CURVE('',#686,(#690,#697),.PCURVE_S1.);
#686 = LINE('',#687,#688);
#687 = CARTESIAN_POINT('',(-221.75,-70.75,-1.42108547152E-14));
#688 = VECTOR('',#689,1.);
#689 = DIRECTION('',(-0.707106781187,-0.707106781187,0.));
#690 = PCURVE('',#44,#691);
#691 = DEFINITIONAL_REPRESENTATION('',(#692),#696);
#692 = LINE('',#693,#694);
#693 = CARTESIAN_POINT('',(328.25,189.25));
#694 = VECTOR('',#695,1.);
#695 = DIRECTION('',(-0.707106781187,-0.707106781187));
#696 = ( GEOMETRIC_REPRESENTATION_CONTEXT(2) 
PARAMETRIC_REPRESENTATION_CONTEXT() REPRESENTATION_CONTEXT('2D SPACE',''
  ) );
#697 = PCURVE('',#698,#703);
#698 = PLANE('',#699);
#699 = AXIS2_PLACEMENT_3D('',#700,#701,#702);
#700 = CARTESIAN_POINT('',(37.,188.,99.));
#701 = DIRECTION('',(0.707106781187,-0.707106781187,0.));
#702 = DIRECTION('',(-0.,-0.,1.));
#703 = DEFINITIONAL_REPRESENTATION('',(#704),#708);
#704 = LINE('',#705,#706);
#705 = CARTESIAN_POINT('',(-99.,365.92775926403));
#706 = VECTOR('',#707,1.);
#707 = DIRECTION('',(0.,1.));
#708 = ( GEOMETRIC_REPRESENTATION_CONTEXT(2) 
PARAMETRIC_REPRESENTATION_CONTEXT() REPRESENTATION_CONTEXT('2D SPACE',''
  ) );
#709 = FACE_BOUND('',#710,.F.);
#710 = EDGE_LOOP('',(#711,#736,#764,#792,#820,#843,#871,#899));
#711 = ORIENTED_EDGE('',*,*,#712,.T.);
#712 = EDGE_CURVE('',#713,#715,#717,.T.);
#713 = VERTEX_POINT('',#714);
#714 = CARTESIAN_POINT('',(-511.,190.,0.));
#715 = VERTEX_POINT('',#716);
#716 = CARTESIAN_POINT('',(-39.,190.,0.));
#717 = SURFACE_CURVE('',#718,(#722,#729),.PCURVE_S1.);
#718 = LINE('',#719,#720);
#719 = CARTESIAN_POINT('',(-550.,190.,0.));
#720 = VECTOR('',#721,1.);
#721 = DIRECTION('',(1.,0.,0.));
#722 = PCURVE('',#44,#723);
#723 = DEFINITIONAL_REPRESENTATION('',(#724),#728);
#724 = LINE('',#725,#726);
#725 = CARTESIAN_POINT('',(0.,450.));
#726 = VECTOR('',#727,1.);
#727 = DIRECTION('',(1.,0.));
#728 = ( GEOMETRIC_REPRESENTATION_CONTEXT(2) 
PARAMETRIC_REPRESENTATION_CONTEXT() REPRESENTATION_CONTEXT('2D SPACE',''
  ) );
#729 = PCURVE('',#504,#730);
#730 = DEFINITIONAL_REPRESENTATION('',(#731),#735);
#731 = LINE('',#732,#733);
#732 = CARTESIAN_POINT('',(0.,0.));
#733 = VECTOR('',#734,1.);
#734 = DIRECTION('',(0.,1.));
#735 = ( GEOMETRIC_REPRESENTATION_CONTEXT(2) 
PARAMETRIC_REPRESENTATION_CONTEXT() REPRESENTATION_CONTEXT('2D SPACE',''
  ) );
#736 = ORIENTED_EDGE('',*,*,#737,.T.);
#737 = EDGE_CURVE('',#715,#738,#740,.T.);
#738 = VERTEX_POINT('',#739);
#739 = CARTESIAN_POINT('',(-35.,186.,0.));
#740 = SURFACE_CURVE('',#741,(#745,#752),.PCURVE_S1.);
#741 = LINE('',#742,#743);
#742 = CARTESIAN_POINT('',(-53.25,204.25,-1.42108547152E-14));
#743 = VECTOR('',#744,1.);
#744 = DIRECTION('',(0.707106781187,-0.707106781187,-0.));
#745 = PCURVE('',#44,#746);
#746 = DEFINITIONAL_REPRESENTATION('',(#747),#751);
#747 = LINE('',#748,#749);
#748 = CARTESIAN_POINT('',(496.75,464.25));
#749 = VECTOR('',#750,1.);
#750 = DIRECTION('',(0.707106781187,-0.707106781187));
#751 = ( GEOMETRIC_REPRESENTATION_CONTEXT(2) 
PARAMETRIC_REPRESENTATION_CONTEXT() REPRESENTATION_CONTEXT('2D SPACE',''
  ) );
#752 = PCURVE('',#753,#758);
#753 = PLANE('',#754);
#754 = AXIS2_PLACEMENT_3D('',#755,#756,#757);
#755 = CARTESIAN_POINT('',(-37.,188.,99.));
#756 = DIRECTION('',(0.707106781187,0.707106781187,0.));
#757 = DIRECTION('',(-0.,-0.,1.));
#758 = DEFINITIONAL_REPRESENTATION('',(#759),#763);
#759 = LINE('',#760,#761);
#760 = CARTESIAN_POINT('',(-99.,-22.98097038856));
#761 = VECTOR('',#762,1.);
#762 = DIRECTION('',(-0.,1.));
#763 = ( GEOMETRIC_REPRESENTATION_CONTEXT(2) 
PARAMETRIC_REPRESENTATION_CONTEXT() REPRESENTATION_CONTEXT('2D SPACE',''
  ) );
#764 = ORIENTED_EDGE('',*,*,#765,.F.);
#765 = EDGE_CURVE('',#766,#738,#768,.T.);
#766 = VERTEX_POINT('',#767);
#767 = CARTESIAN_POINT('',(-35.,-186.,0.));
#768 = SURFACE_CURVE('',#769,(#773,#780),.PCURVE_S1.);
#769 = LINE('',#770,#771);
#770 = CARTESIAN_POINT('',(-35.,-260.,0.));
#771 = VECTOR('',#772,1.);
#772 = DIRECTION('',(0.,1.,0.));
#773 = PCURVE('',#44,#774);
#774 = DEFINITIONAL_REPRESENTATION('',(#775),#779);
#775 = LINE('',#776,#777);
#776 = CARTESIAN_POINT('',(515.,0.));
#777 = VECTOR('',#778,1.);
#778 = DIRECTION('',(0.,1.));
#779 = ( GEOMETRIC_REPRESENTATION_CONTEXT(2) 
PARAMETRIC_REPRESENTATION_CONTEXT() REPRESENTATION_CONTEXT('2D SPACE',''
  ) );
#780 = PCURVE('',#781,#786);
#781 = PLANE('',#782);
#782 = AXIS2_PLACEMENT_3D('',#783,#784,#785);
#783 = CARTESIAN_POINT('',(-35.,-260.,0.));
#784 = DIRECTION('',(1.,0.,0.));
#785 = DIRECTION('',(0.,0.,1.));
#786 = DEFINITIONAL_REPRESENTATION('',(#787),#791);
#787 = LINE('',#788,#789);
#788 = CARTESIAN_POINT('',(0.,0.));
#789 = VECTOR('',#790,1.);
#790 = DIRECTION('',(0.,-1.));
#791 = ( GEOMETRIC_REPRESENTATION_CONTEXT(2) 
PARAMETRIC_REPRESENTATION_CONTEXT() REPRESENTATION_CONTEXT('2D SPACE',''
  ) );
#792 = ORIENTED_EDGE('',*,*,#793,.F.);
#793 = EDGE_CURVE('',#794,#766,#796,.T.);
#794 = VERTEX_POINT('',#795);
#795 = CARTESIAN_POINT('',(-39.,-190.,0.));
#796 = SURFACE_CURVE('',#797,(#801,#808),.PCURVE_S1.);
#797 = LINE('',#798,#799);
#798 = CARTESIAN_POINT('',(-183.25,-334.25,-1.42108547152E-14));
#799 = VECTOR('',#800,1.);
#800 = DIRECTION('',(0.707106781187,0.707106781187,-0.));
#801 = PCURVE('',#44,#802);
#802 = DEFINITIONAL_REPRESENTATION('',(#803),#807);
#803 = LINE('',#804,#805);
#804 = CARTESIAN_POINT('',(366.75,-74.25));
#805 = VECTOR('',#806,1.);
#806 = DIRECTION('',(0.707106781187,0.707106781187));
#807 = ( GEOMETRIC_REPRESENTATION_CONTEXT(2) 
PARAMETRIC_REPRESENTATION_CONTEXT() REPRESENTATION_CONTEXT('2D SPACE',''
  ) );
#808 = PCURVE('',#809,#814);
#809 = PLANE('',#810);
#810 = AXIS2_PLACEMENT_3D('',#811,#812,#813);
#811 = CARTESIAN_POINT('',(-37.,-188.,99.));
#812 = DIRECTION('',(-0.707106781187,0.707106781187,0.));
#813 = DIRECTION('',(-0.,-0.,1.));
#814 = DEFINITIONAL_REPRESENTATION('',(#815),#819);
#815 = LINE('',#816,#817);
#816 = CARTESIAN_POINT('',(-99.,-206.828733497));
#817 = VECTOR('',#818,1.);
#818 = DIRECTION('',(-0.,1.));
#819 = ( GEOMETRIC_REPRESENTATION_CONTEXT(2) 
PARAMETRIC_REPRESENTATION_CONTEXT() REPRESENTATION_CONTEXT('2D SPACE',''
  ) );
#820 = ORIENTED_EDGE('',*,*,#821,.F.);
#821 = EDGE_CURVE('',#822,#794,#824,.T.);
#822 = VERTEX_POINT('',#823);
#823 = CARTESIAN_POINT('',(-511.,-190.,0.));
#824 = SURFACE_CURVE('',#825,(#829,#836),.PCURVE_S1.);
#825 = LINE('',#826,#827);
#826 = CARTESIAN_POINT('',(-550.,-190.,0.));
#827 = VECTOR('',#828,1.);
#828 = DIRECTION('',(1.,0.,0.));
#829 = PCURVE('',#44,#830);
#830 = DEFINITIONAL_REPRESENTATION('',(#831),#835);
#831 = LINE('',#832,#833);
#832 = CARTESIAN_POINT('',(0.,70.));
#833 = VECTOR('',#834,1.);
#834 = DIRECTION('',(1.,0.));
#835 = ( GEOMETRIC_REPRESENTATION_CONTEXT(2) 
PARAMETRIC_REPRESENTATION_CONTEXT() REPRESENTATION_CONTEXT('2D SPACE',''
  ) );
#836 = PCURVE('',#616,#837);
#837 = DEFINITIONAL_REPRESENTATION('',(#838),#842);
#838 = LINE('',#839,#840);
#839 = CARTESIAN_POINT('',(0.,0.));
#840 = VECTOR('',#841,1.);
#841 = DIRECTION('',(0.,1.));
#842 = ( GEOMETRIC_REPRESENTATION_CONTEXT(2) 
PARAMETRIC_REPRESENTATION_CONTEXT() REPRESENTATION_CONTEXT('2D SPACE',''
  ) );
#843 = ORIENTED_EDGE('',*,*,#844,.T.);
#844 = EDGE_CURVE('',#822,#845,#847,.T.);
#845 = VERTEX_POINT('',#846);
#846 = CARTESIAN_POINT('',(-515.,-186.,0.));
#847 = SURFACE_CURVE('',#848,(#852,#859),.PCURVE_S1.);
#848 = LINE('',#849,#850);
#849 = CARTESIAN_POINT('',(-504.25,-196.75,-1.42108547152E-14));
#850 = VECTOR('',#851,1.);
#851 = DIRECTION('',(-0.707106781187,0.707106781187,-0.));
#852 = PCURVE('',#44,#853);
#853 = DEFINITIONAL_REPRESENTATION('',(#854),#858);
#854 = LINE('',#855,#856);
#855 = CARTESIAN_POINT('',(45.75,63.25));
#856 = VECTOR('',#857,1.);
#857 = DIRECTION('',(-0.707106781187,0.707106781187));
#858 = ( GEOMETRIC_REPRESENTATION_CONTEXT(2) 
PARAMETRIC_REPRESENTATION_CONTEXT() REPRESENTATION_CONTEXT('2D SPACE',''
  ) );
#859 = PCURVE('',#860,#865);
#860 = PLANE('',#861);
#861 = AXIS2_PLACEMENT_3D('',#862,#863,#864);
#862 = CARTESIAN_POINT('',(-513.,-188.,99.));
#863 = DIRECTION('',(-0.707106781187,-0.707106781187,0.));
#864 = DIRECTION('',(0.,-0.,1.));
#865 = DEFINITIONAL_REPRESENTATION('',(#866),#870);
#866 = LINE('',#867,#868);
#867 = CARTESIAN_POINT('',(-99.,-12.37436867076));
#868 = VECTOR('',#869,1.);
#869 = DIRECTION('',(-0.,1.));
#870 = ( GEOMETRIC_REPRESENTATION_CONTEXT(2) 
PARAMETRIC_REPRESENTATION_CONTEXT() REPRESENTATION_CONTEXT('2D SPACE',''
  ) );
#871 = ORIENTED_EDGE('',*,*,#872,.T.);
#872 = EDGE_CURVE('',#845,#873,#875,.T.);
#873 = VERTEX_POINT('',#874);
#874 = CARTESIAN_POINT('',(-515.,186.,0.));
#875 = SURFACE_CURVE('',#876,(#880,#887),.PCURVE_S1.);
#876 = LINE('',#877,#878);
#877 = CARTESIAN_POINT('',(-515.,-260.,0.));
#878 = VECTOR('',#879,1.);
#879 = DIRECTION('',(0.,1.,0.));
#880 = PCURVE('',#44,#881);
#881 = DEFINITIONAL_REPRESENTATION('',(#882),#886);
#882 = LINE('',#883,#884);
#883 = CARTESIAN_POINT('',(35.,0.));
#884 = VECTOR('',#885,1.);
#885 = DIRECTION('',(0.,1.));
#886 = ( GEOMETRIC_REPRESENTATION_CONTEXT(2) 
PARAMETRIC_REPRESENTATION_CONTEXT() REPRESENTATION_CONTEXT('2D SPACE',''
  ) );
#887 = PCURVE('',#888,#893);
#888 = PLANE('',#889);
#889 = AXIS2_PLACEMENT_3D('',#890,#891,#892);
#890 = CARTESIAN_POINT('',(-515.,-260.,0.));
#891 = DIRECTION('',(1.,0.,0.));
#892 = DIRECTION('',(0.,0.,1.));
#893 = DEFINITIONAL_REPRESENTATION('',(#894),#898);
#894 = LINE('',#895,#896);
#895 = CARTESIAN_POINT('',(0.,0.));
#896 = VECTOR('',#897,1.);
#897 = DIRECTION('',(0.,-1.));
#898 = ( GEOMETRIC_REPRESENTATION_CONTEXT(2) 
PARAMETRIC_REPRESENTATION_CONTEXT() REPRESENTATION_CONTEXT('2D SPACE',''
  ) );
#899 = ORIENTED_EDGE('',*,*,#900,.F.);
#900 = EDGE_CURVE('',#713,#873,#901,.T.);
#901 = SURFACE_CURVE('',#902,(#906,#913),.PCURVE_S1.);
#902 = LINE('',#903,#904);
#903 = CARTESIAN_POINT('',(-634.25,66.75,-1.42108547152E-14));
#904 = VECTOR('',#905,1.);
#905 = DIRECTION('',(-0.707106781187,-0.707106781187,0.));
#906 = PCURVE('',#44,#907);
#907 = DEFINITIONAL_REPRESENTATION('',(#908),#912);
#908 = LINE('',#909,#910);
#909 = CARTESIAN_POINT('',(-84.25,326.75));
#910 = VECTOR('',#911,1.);
#911 = DIRECTION('',(-0.707106781187,-0.707106781187));
#912 = ( GEOMETRIC_REPRESENTATION_CONTEXT(2) 
PARAMETRIC_REPRESENTATION_CONTEXT() REPRESENTATION_CONTEXT('2D SPACE',''
  ) );
#913 = PCURVE('',#914,#919);
#914 = PLANE('',#915);
#915 = AXIS2_PLACEMENT_3D('',#916,#917,#918);
#916 = CARTESIAN_POINT('',(-513.,188.,99.));
#917 = DIRECTION('',(0.707106781187,-0.707106781187,0.));
#918 = DIRECTION('',(-0.,-0.,1.));
#919 = DEFINITIONAL_REPRESENTATION('',(#920),#924);
#920 = LINE('',#921,#922);
#921 = CARTESIAN_POINT('',(-99.,171.47339443773));
#922 = VECTOR('',#923,1.);
#923 = DIRECTION('',(0.,1.));
#924 = ( GEOMETRIC_REPRESENTATION_CONTEXT(2) 
PARAMETRIC_REPRESENTATION_CONTEXT() REPRESENTATION_CONTEXT('2D SPACE',''
  ) );
#925 = ADVANCED_FACE('',(#926),#72,.T.);
#926 = FACE_BOUND('',#927,.T.);
#927 = EDGE_LOOP('',(#928,#929,#930,#953));
#928 = ORIENTED_EDGE('',*,*,#329,.F.);
#929 = ORIENTED_EDGE('',*,*,#56,.T.);
#930 = ORIENTED_EDGE('',*,*,#931,.T.);
#931 = EDGE_CURVE('',#57,#932,#934,.T.);
#932 = VERTEX_POINT('',#933);
#933 = CARTESIAN_POINT('',(-585.,-256.,99.));
#934 = SURFACE_CURVE('',#935,(#939,#946),.PCURVE_S1.);
#935 = LINE('',#936,#937);
#936 = CARTESIAN_POINT('',(-583.,-258.,99.));
#937 = VECTOR('',#938,1.);
#938 = DIRECTION('',(-0.707106781187,0.707106781187,0.));
#939 = PCURVE('',#72,#940);
#940 = DEFINITIONAL_REPRESENTATION('',(#941),#945);
#941 = LINE('',#942,#943);
#942 = CARTESIAN_POINT('',(99.,0.));
#943 = VECTOR('',#944,1.);
#944 = DIRECTION('',(0.,1.));
#945 = ( GEOMETRIC_REPRESENTATION_CONTEXT(2) 
PARAMETRIC_REPRESENTATION_CONTEXT() REPRESENTATION_CONTEXT('2D SPACE',''
  ) );
#946 = PCURVE('',#100,#947);
#947 = DEFINITIONAL_REPRESENTATION('',(#948),#952);
#948 = LINE('',#949,#950);
#949 = CARTESIAN_POINT('',(2.,2.));
#950 = VECTOR('',#951,1.);
#951 = DIRECTION('',(-0.707106781187,0.707106781187));
#952 = ( GEOMETRIC_REPRESENTATION_CONTEXT(2) 
PARAMETRIC_REPRESENTATION_CONTEXT() REPRESENTATION_CONTEXT('2D SPACE',''
  ) );
#953 = ORIENTED_EDGE('',*,*,#954,.F.);
#954 = EDGE_CURVE('',#300,#932,#955,.T.);
#955 = SURFACE_CURVE('',#956,(#960,#967),.PCURVE_S1.);
#956 = LINE('',#957,#958);
#957 = CARTESIAN_POINT('',(-585.,-256.,0.));
#958 = VECTOR('',#959,1.);
#959 = DIRECTION('',(0.,0.,1.));
#960 = PCURVE('',#72,#961);
#961 = DEFINITIONAL_REPRESENTATION('',(#962),#966);
#962 = LINE('',#963,#964);
#963 = CARTESIAN_POINT('',(0.,2.828427124746));
#964 = VECTOR('',#965,1.);
#965 = DIRECTION('',(1.,0.));
#966 = ( GEOMETRIC_REPRESENTATION_CONTEXT(2) 
PARAMETRIC_REPRESENTATION_CONTEXT() REPRESENTATION_CONTEXT('2D SPACE',''
  ) );
#967 = PCURVE('',#317,#968);
#968 = DEFINITIONAL_REPRESENTATION('',(#969),#973);
#969 = LINE('',#970,#971);
#970 = CARTESIAN_POINT('',(0.,-4.));
#971 = VECTOR('',#972,1.);
#972 = DIRECTION('',(1.,0.));
#973 = ( GEOMETRIC_REPRESENTATION_CONTEXT(2) 
PARAMETRIC_REPRESENTATION_CONTEXT() REPRESENTATION_CONTEXT('2D SPACE',''
  ) );
#974 = ADVANCED_FACE('',(#975),#284,.F.);
#975 = FACE_BOUND('',#976,.F.);
#976 = EDGE_LOOP('',(#977,#978,#979,#1002));
#977 = ORIENTED_EDGE('',*,*,#351,.F.);
#978 = ORIENTED_EDGE('',*,*,#270,.T.);
#979 = ORIENTED_EDGE('',*,*,#980,.T.);
#980 = EDGE_CURVE('',#248,#981,#983,.T.);
#981 = VERTEX_POINT('',#982);
#982 = CARTESIAN_POINT('',(585.,-256.,99.));
#983 = SURFACE_CURVE('',#984,(#988,#995),.PCURVE_S1.);
#984 = LINE('',#985,#986);
#985 = CARTESIAN_POINT('',(565.5,-275.5,99.));
#986 = VECTOR('',#987,1.);
#987 = DIRECTION('',(0.707106781187,0.707106781187,-0.));
#988 = PCURVE('',#284,#989);
#989 = DEFINITIONAL_REPRESENTATION('',(#990),#994);
#990 = LINE('',#991,#992);
#991 = CARTESIAN_POINT('',(99.,-24.74873734152));
#992 = VECTOR('',#993,1.);
#993 = DIRECTION('',(0.,1.));
#994 = ( GEOMETRIC_REPRESENTATION_CONTEXT(2) 
PARAMETRIC_REPRESENTATION_CONTEXT() REPRESENTATION_CONTEXT('2D SPACE',''
  ) );
#995 = PCURVE('',#235,#996);
#996 = DEFINITIONAL_REPRESENTATION('',(#997),#1001);
#997 = LINE('',#998,#999);
#998 = CARTESIAN_POINT('',(50.5,-15.5));
#999 = VECTOR('',#1000,1.);
#1000 = DIRECTION('',(0.707106781187,0.707106781187));
#1001 = ( GEOMETRIC_REPRESENTATION_CONTEXT(2) 
PARAMETRIC_REPRESENTATION_CONTEXT() REPRESENTATION_CONTEXT('2D SPACE',''
  ) );
#1002 = ORIENTED_EDGE('',*,*,#1003,.F.);
#1003 = EDGE_CURVE('',#352,#981,#1004,.T.);
#1004 = SURFACE_CURVE('',#1005,(#1009,#1016),.PCURVE_S1.);
#1005 = LINE('',#1006,#1007);
#1006 = CARTESIAN_POINT('',(585.,-256.,0.));
#1007 = VECTOR('',#1008,1.);
#1008 = DIRECTION('',(0.,0.,1.));
#1009 = PCURVE('',#284,#1010);
#1010 = DEFINITIONAL_REPRESENTATION('',(#1011),#1015);
#1011 = LINE('',#1012,#1013);
#1012 = CARTESIAN_POINT('',(0.,2.828427124746));
#1013 = VECTOR('',#1014,1.);
#1014 = DIRECTION('',(1.,0.));
#1015 = ( GEOMETRIC_REPRESENTATION_CONTEXT(2) 
PARAMETRIC_REPRESENTATION_CONTEXT() REPRESENTATION_CONTEXT('2D SPACE',''
  ) );
#1016 = PCURVE('',#390,#1017);
#1017 = DEFINITIONAL_REPRESENTATION('',(#1018),#1022);
#1018 = LINE('',#1019,#1020);
#1019 = CARTESIAN_POINT('',(0.,-4.));
#1020 = VECTOR('',#1021,1.);
#1021 = DIRECTION('',(1.,0.));
#1022 = ( GEOMETRIC_REPRESENTATION_CONTEXT(2) 
PARAMETRIC_REPRESENTATION_CONTEXT() REPRESENTATION_CONTEXT('2D SPACE',''
  ) );
#1023 = ADVANCED_FACE('',(#1024),#100,.T.);
#1024 = FACE_BOUND('',#1025,.T.);
#1025 = EDGE_LOOP('',(#1026,#1051,#1074,#1095,#1096,#1097,#1098,#1121,
    #1147,#1175,#1196,#1219,#1242,#1265,#1288,#1311,#1332,#1360,#1386,
    #1414));
#1026 = ORIENTED_EDGE('',*,*,#1027,.F.);
#1027 = EDGE_CURVE('',#1028,#1030,#1032,.T.);
#1028 = VERTEX_POINT('',#1029);
#1029 = CARTESIAN_POINT('',(-581.,260.,99.));
#1030 = VERTEX_POINT('',#1031);
#1031 = CARTESIAN_POINT('',(-550.,260.,99.));
#1032 = SURFACE_CURVE('',#1033,(#1037,#1044),.PCURVE_S1.);
#1033 = LINE('',#1034,#1035);
#1034 = CARTESIAN_POINT('',(-585.,260.,99.));
#1035 = VECTOR('',#1036,1.);
#1036 = DIRECTION('',(1.,0.,0.));
#1037 = PCURVE('',#100,#1038);
#1038 = DEFINITIONAL_REPRESENTATION('',(#1039),#1043);
#1039 = LINE('',#1040,#1041);
#1040 = CARTESIAN_POINT('',(0.,520.));
#1041 = VECTOR('',#1042,1.);
#1042 = DIRECTION('',(1.,0.));
#1043 = ( GEOMETRIC_REPRESENTATION_CONTEXT(2) 
PARAMETRIC_REPRESENTATION_CONTEXT() REPRESENTATION_CONTEXT('2D SPACE',''
  ) );
#1044 = PCURVE('',#446,#1045);
#1045 = DEFINITIONAL_REPRESENTATION('',(#1046),#1050);
#1046 = LINE('',#1047,#1048);
#1047 = CARTESIAN_POINT('',(99.,0.));
#1048 = VECTOR('',#1049,1.);
#1049 = DIRECTION('',(0.,1.));
#1050 = ( GEOMETRIC_REPRESENTATION_CONTEXT(2) 
PARAMETRIC_REPRESENTATION_CONTEXT() REPRESENTATION_CONTEXT('2D SPACE',''
  ) );
#1051 = ORIENTED_EDGE('',*,*,#1052,.F.);
#1052 = EDGE_CURVE('',#1053,#1028,#1055,.T.);
#1053 = VERTEX_POINT('',#1054);
#1054 = CARTESIAN_POINT('',(-585.,256.,99.));
#1055 = SURFACE_CURVE('',#1056,(#1060,#1067),.PCURVE_S1.);
#1056 = LINE('',#1057,#1058);
#1057 = CARTESIAN_POINT('',(-713.,128.,99.));
#1058 = VECTOR('',#1059,1.);
#1059 = DIRECTION('',(0.707106781187,0.707106781187,-0.));
#1060 = PCURVE('',#100,#1061);
#1061 = DEFINITIONAL_REPRESENTATION('',(#1062),#1066);
#1062 = LINE('',#1063,#1064);
#1063 = CARTESIAN_POINT('',(-128.,388.));
#1064 = VECTOR('',#1065,1.);
#1065 = DIRECTION('',(0.707106781187,0.707106781187));
#1066 = ( GEOMETRIC_REPRESENTATION_CONTEXT(2) 
PARAMETRIC_REPRESENTATION_CONTEXT() REPRESENTATION_CONTEXT('2D SPACE',''
  ) );
#1067 = PCURVE('',#472,#1068);
#1068 = DEFINITIONAL_REPRESENTATION('',(#1069),#1073);
#1069 = LINE('',#1070,#1071);
#1070 = CARTESIAN_POINT('',(-99.,-183.8477631085));
#1071 = VECTOR('',#1072,1.);
#1072 = DIRECTION('',(-0.,1.));
#1073 = ( GEOMETRIC_REPRESENTATION_CONTEXT(2) 
PARAMETRIC_REPRESENTATION_CONTEXT() REPRESENTATION_CONTEXT('2D SPACE',''
  ) );
#1074 = ORIENTED_EDGE('',*,*,#1075,.F.);
#1075 = EDGE_CURVE('',#932,#1053,#1076,.T.);
#1076 = SURFACE_CURVE('',#1077,(#1081,#1088),.PCURVE_S1.);
#1077 = LINE('',#1078,#1079);
#1078 = CARTESIAN_POINT('',(-585.,-260.,99.));
#1079 = VECTOR('',#1080,1.);
#1080 = DIRECTION('',(0.,1.,0.));
#1081 = PCURVE('',#100,#1082);
#1082 = DEFINITIONAL_REPRESENTATION('',(#1083),#1087);
#1083 = LINE('',#1084,#1085);
#1084 = CARTESIAN_POINT('',(0.,0.));
#1085 = VECTOR('',#1086,1.);
#1086 = DIRECTION('',(0.,1.));
#1087 = ( GEOMETRIC_REPRESENTATION_CONTEXT(2) 
PARAMETRIC_REPRESENTATION_CONTEXT() REPRESENTATION_CONTEXT('2D SPACE',''
  ) );
#1088 = PCURVE('',#317,#1089);
#1089 = DEFINITIONAL_REPRESENTATION('',(#1090),#1094);
#1090 = LINE('',#1091,#1092);
#1091 = CARTESIAN_POINT('',(99.,0.));
#1092 = VECTOR('',#1093,1.);
#1093 = DIRECTION('',(0.,-1.));
#1094 = ( GEOMETRIC_REPRESENTATION_CONTEXT(2) 
PARAMETRIC_REPRESENTATION_CONTEXT() REPRESENTATION_CONTEXT('2D SPACE',''
  ) );
#1095 = ORIENTED_EDGE('',*,*,#931,.F.);
#1096 = ORIENTED_EDGE('',*,*,#84,.T.);
#1097 = ORIENTED_EDGE('',*,*,#112,.T.);
#1098 = ORIENTED_EDGE('',*,*,#1099,.T.);
#1099 = EDGE_CURVE('',#113,#1100,#1102,.T.);
#1100 = VERTEX_POINT('',#1101);
#1101 = CARTESIAN_POINT('',(-550.,-256.,99.));
#1102 = SURFACE_CURVE('',#1103,(#1107,#1114),.PCURVE_S1.);
#1103 = LINE('',#1104,#1105);
#1104 = CARTESIAN_POINT('',(-556.75,-249.25,99.));
#1105 = VECTOR('',#1106,1.);
#1106 = DIRECTION('',(-0.707106781187,0.707106781187,0.));
#1107 = PCURVE('',#100,#1108);
#1108 = DEFINITIONAL_REPRESENTATION('',(#1109),#1113);
#1109 = LINE('',#1110,#1111);
#1110 = CARTESIAN_POINT('',(28.25,10.75));
#1111 = VECTOR('',#1112,1.);
#1112 = DIRECTION('',(-0.707106781187,0.707106781187));
#1113 = ( GEOMETRIC_REPRESENTATION_CONTEXT(2) 
PARAMETRIC_REPRESENTATION_CONTEXT() REPRESENTATION_CONTEXT('2D SPACE',''
  ) );
#1114 = PCURVE('',#151,#1115);
#1115 = DEFINITIONAL_REPRESENTATION('',(#1116),#1120);
#1116 = LINE('',#1117,#1118);
#1117 = CARTESIAN_POINT('',(0.,12.374368670765));
#1118 = VECTOR('',#1119,1.);
#1119 = DIRECTION('',(0.,1.));
#1120 = ( GEOMETRIC_REPRESENTATION_CONTEXT(2) 
PARAMETRIC_REPRESENTATION_CONTEXT() REPRESENTATION_CONTEXT('2D SPACE',''
  ) );
#1121 = ORIENTED_EDGE('',*,*,#1122,.F.);
#1122 = EDGE_CURVE('',#1123,#1100,#1125,.T.);
#1123 = VERTEX_POINT('',#1124);
#1124 = CARTESIAN_POINT('',(-550.,-194.,99.));
#1125 = SURFACE_CURVE('',#1126,(#1130,#1136),.PCURVE_S1.);
#1126 = LINE('',#1127,#1128);
#1127 = CARTESIAN_POINT('',(-550.,-260.,99.));
#1128 = VECTOR('',#1129,1.);
#1129 = DIRECTION('',(0.,-1.,0.));
#1130 = PCURVE('',#100,#1131);
#1131 = DEFINITIONAL_REPRESENTATION('',(#1132),#1135);
#1132 = B_SPLINE_CURVE_WITH_KNOTS('',1,(#1133,#1134),.UNSPECIFIED.,.F.,
  .F.,(2,2),(-70.,0.),.PIECEWISE_BEZIER_KNOTS.);
#1133 = CARTESIAN_POINT('',(35.,70.));
#1134 = CARTESIAN_POINT('',(35.,0.));
#1135 = ( GEOMETRIC_REPRESENTATION_CONTEXT(2) 
PARAMETRIC_REPRESENTATION_CONTEXT() REPRESENTATION_CONTEXT('2D SPACE',''
  ) );
#1136 = PCURVE('',#1137,#1142);
#1137 = PLANE('',#1138);
#1138 = AXIS2_PLACEMENT_3D('',#1139,#1140,#1141);
#1139 = CARTESIAN_POINT('',(-550.,-260.,0.));
#1140 = DIRECTION('',(1.,0.,0.));
#1141 = DIRECTION('',(0.,0.,1.));
#1142 = DEFINITIONAL_REPRESENTATION('',(#1143),#1146);
#1143 = B_SPLINE_CURVE_WITH_KNOTS('',1,(#1144,#1145),.UNSPECIFIED.,.F.,
  .F.,(2,2),(-70.,0.),.PIECEWISE_BEZIER_KNOTS.);
#1144 = CARTESIAN_POINT('',(99.,-70.));
#1145 = CARTESIAN_POINT('',(99.,0.));
#1146 = ( GEOMETRIC_REPRESENTATION_CONTEXT(2) 
PARAMETRIC_REPRESENTATION_CONTEXT() REPRESENTATION_CONTEXT('2D SPACE',''
  ) );
#1147 = ORIENTED_EDGE('',*,*,#1148,.T.);
#1148 = EDGE_CURVE('',#1123,#1149,#1151,.T.);
#1149 = VERTEX_POINT('',#1150);
#1150 = CARTESIAN_POINT('',(-546.,-190.,99.));
#1151 = SURFACE_CURVE('',#1152,(#1156,#1163),.PCURVE_S1.);
#1152 = LINE('',#1153,#1154);
#1153 = CARTESIAN_POINT('',(-574.25,-218.25,99.));
#1154 = VECTOR('',#1155,1.);
#1155 = DIRECTION('',(0.707106781187,0.707106781187,-0.));
#1156 = PCURVE('',#100,#1157);
#1157 = DEFINITIONAL_REPRESENTATION('',(#1158),#1162);
#1158 = LINE('',#1159,#1160);
#1159 = CARTESIAN_POINT('',(10.75,41.75));
#1160 = VECTOR('',#1161,1.);
#1161 = DIRECTION('',(0.707106781187,0.707106781187));
#1162 = ( GEOMETRIC_REPRESENTATION_CONTEXT(2) 
PARAMETRIC_REPRESENTATION_CONTEXT() REPRESENTATION_CONTEXT('2D SPACE',''
  ) );
#1163 = PCURVE('',#1164,#1169);
#1164 = PLANE('',#1165);
#1165 = AXIS2_PLACEMENT_3D('',#1166,#1167,#1168);
#1166 = CARTESIAN_POINT('',(-548.,-192.,99.));
#1167 = DIRECTION('',(0.707106781187,-0.707106781187,0.));
#1168 = DIRECTION('',(-0.,-0.,-1.));
#1169 = DEFINITIONAL_REPRESENTATION('',(#1170),#1174);
#1170 = LINE('',#1171,#1172);
#1171 = CARTESIAN_POINT('',(-0.,-37.12310601229));
#1172 = VECTOR('',#1173,1.);
#1173 = DIRECTION('',(-0.,1.));
#1174 = ( GEOMETRIC_REPRESENTATION_CONTEXT(2) 
PARAMETRIC_REPRESENTATION_CONTEXT() REPRESENTATION_CONTEXT('2D SPACE',''
  ) );
#1175 = ORIENTED_EDGE('',*,*,#1176,.T.);
#1176 = EDGE_CURVE('',#1149,#1177,#1179,.T.);
#1177 = VERTEX_POINT('',#1178);
#1178 = CARTESIAN_POINT('',(-515.,-190.,99.));
#1179 = SURFACE_CURVE('',#1180,(#1184,#1190),.PCURVE_S1.);
#1180 = LINE('',#1181,#1182);
#1181 = CARTESIAN_POINT('',(-567.5,-190.,99.));
#1182 = VECTOR('',#1183,1.);
#1183 = DIRECTION('',(1.,0.,0.));
#1184 = PCURVE('',#100,#1185);
#1185 = DEFINITIONAL_REPRESENTATION('',(#1186),#1189);
#1186 = B_SPLINE_CURVE_WITH_KNOTS('',1,(#1187,#1188),.UNSPECIFIED.,.F.,
  .F.,(2,2),(17.5,52.5),.PIECEWISE_BEZIER_KNOTS.);
#1187 = CARTESIAN_POINT('',(35.,70.));
#1188 = CARTESIAN_POINT('',(70.,70.));
#1189 = ( GEOMETRIC_REPRESENTATION_CONTEXT(2) 
PARAMETRIC_REPRESENTATION_CONTEXT() REPRESENTATION_CONTEXT('2D SPACE',''
  ) );
#1190 = PCURVE('',#616,#1191);
#1191 = DEFINITIONAL_REPRESENTATION('',(#1192),#1195);
#1192 = B_SPLINE_CURVE_WITH_KNOTS('',1,(#1193,#1194),.UNSPECIFIED.,.F.,
  .F.,(2,2),(17.5,52.5),.PIECEWISE_BEZIER_KNOTS.);
#1193 = CARTESIAN_POINT('',(99.,0.));
#1194 = CARTESIAN_POINT('',(99.,35.));
#1195 = ( GEOMETRIC_REPRESENTATION_CONTEXT(2) 
PARAMETRIC_REPRESENTATION_CONTEXT() REPRESENTATION_CONTEXT('2D SPACE',''
  ) );
#1196 = ORIENTED_EDGE('',*,*,#1197,.T.);
#1197 = EDGE_CURVE('',#1177,#1198,#1200,.T.);
#1198 = VERTEX_POINT('',#1199);
#1199 = CARTESIAN_POINT('',(-511.,-190.,99.));
#1200 = SURFACE_CURVE('',#1201,(#1205,#1212),.PCURVE_S1.);
#1201 = LINE('',#1202,#1203);
#1202 = CARTESIAN_POINT('',(-567.5,-190.,99.));
#1203 = VECTOR('',#1204,1.);
#1204 = DIRECTION('',(1.,0.,0.));
#1205 = PCURVE('',#100,#1206);
#1206 = DEFINITIONAL_REPRESENTATION('',(#1207),#1211);
#1207 = LINE('',#1208,#1209);
#1208 = CARTESIAN_POINT('',(17.5,70.));
#1209 = VECTOR('',#1210,1.);
#1210 = DIRECTION('',(1.,0.));
#1211 = ( GEOMETRIC_REPRESENTATION_CONTEXT(2) 
PARAMETRIC_REPRESENTATION_CONTEXT() REPRESENTATION_CONTEXT('2D SPACE',''
  ) );
#1212 = PCURVE('',#616,#1213);
#1213 = DEFINITIONAL_REPRESENTATION('',(#1214),#1218);
#1214 = LINE('',#1215,#1216);
#1215 = CARTESIAN_POINT('',(99.,-17.5));
#1216 = VECTOR('',#1217,1.);
#1217 = DIRECTION('',(0.,1.));
#1218 = ( GEOMETRIC_REPRESENTATION_CONTEXT(2) 
PARAMETRIC_REPRESENTATION_CONTEXT() REPRESENTATION_CONTEXT('2D SPACE',''
  ) );
#1219 = ORIENTED_EDGE('',*,*,#1220,.T.);
#1220 = EDGE_CURVE('',#1198,#1221,#1223,.T.);
#1221 = VERTEX_POINT('',#1222);
#1222 = CARTESIAN_POINT('',(-515.,-186.,99.));
#1223 = SURFACE_CURVE('',#1224,(#1228,#1235),.PCURVE_S1.);
#1224 = LINE('',#1225,#1226);
#1225 = CARTESIAN_POINT('',(-513.,-188.,99.));
#1226 = VECTOR('',#1227,1.);
#1227 = DIRECTION('',(-0.707106781187,0.707106781187,-0.));
#1228 = PCURVE('',#100,#1229);
#1229 = DEFINITIONAL_REPRESENTATION('',(#1230),#1234);
#1230 = LINE('',#1231,#1232);
#1231 = CARTESIAN_POINT('',(72.,72.));
#1232 = VECTOR('',#1233,1.);
#1233 = DIRECTION('',(-0.707106781187,0.707106781187));
#1234 = ( GEOMETRIC_REPRESENTATION_CONTEXT(2) 
PARAMETRIC_REPRESENTATION_CONTEXT() REPRESENTATION_CONTEXT('2D SPACE',''
  ) );
#1235 = PCURVE('',#860,#1236);
#1236 = DEFINITIONAL_REPRESENTATION('',(#1237),#1241);
#1237 = LINE('',#1238,#1239);
#1238 = CARTESIAN_POINT('',(-0.,0.));
#1239 = VECTOR('',#1240,1.);
#1240 = DIRECTION('',(-0.,1.));
#1241 = ( GEOMETRIC_REPRESENTATION_CONTEXT(2) 
PARAMETRIC_REPRESENTATION_CONTEXT() REPRESENTATION_CONTEXT('2D SPACE',''
  ) );
#1242 = ORIENTED_EDGE('',*,*,#1243,.T.);
#1243 = EDGE_CURVE('',#1221,#1244,#1246,.T.);
#1244 = VERTEX_POINT('',#1245);
#1245 = CARTESIAN_POINT('',(-515.,186.,99.));
#1246 = SURFACE_CURVE('',#1247,(#1251,#1258),.PCURVE_S1.);
#1247 = LINE('',#1248,#1249);
#1248 = CARTESIAN_POINT('',(-515.,-260.,99.));
#1249 = VECTOR('',#1250,1.);
#1250 = DIRECTION('',(0.,1.,0.));
#1251 = PCURVE('',#100,#1252);
#1252 = DEFINITIONAL_REPRESENTATION('',(#1253),#1257);
#1253 = LINE('',#1254,#1255);
#1254 = CARTESIAN_POINT('',(70.,0.));
#1255 = VECTOR('',#1256,1.);
#1256 = DIRECTION('',(0.,1.));
#1257 = ( GEOMETRIC_REPRESENTATION_CONTEXT(2) 
PARAMETRIC_REPRESENTATION_CONTEXT() REPRESENTATION_CONTEXT('2D SPACE',''
  ) );
#1258 = PCURVE('',#888,#1259);
#1259 = DEFINITIONAL_REPRESENTATION('',(#1260),#1264);
#1260 = LINE('',#1261,#1262);
#1261 = CARTESIAN_POINT('',(99.,0.));
#1262 = VECTOR('',#1263,1.);
#1263 = DIRECTION('',(0.,-1.));
#1264 = ( GEOMETRIC_REPRESENTATION_CONTEXT(2) 
PARAMETRIC_REPRESENTATION_CONTEXT() REPRESENTATION_CONTEXT('2D SPACE',''
  ) );
#1265 = ORIENTED_EDGE('',*,*,#1266,.F.);
#1266 = EDGE_CURVE('',#1267,#1244,#1269,.T.);
#1267 = VERTEX_POINT('',#1268);
#1268 = CARTESIAN_POINT('',(-511.,190.,99.));
#1269 = SURFACE_CURVE('',#1270,(#1274,#1281),.PCURVE_S1.);
#1270 = LINE('',#1271,#1272);
#1271 = CARTESIAN_POINT('',(-643.,58.,99.));
#1272 = VECTOR('',#1273,1.);
#1273 = DIRECTION('',(-0.707106781187,-0.707106781187,0.));
#1274 = PCURVE('',#100,#1275);
#1275 = DEFINITIONAL_REPRESENTATION('',(#1276),#1280);
#1276 = LINE('',#1277,#1278);
#1277 = CARTESIAN_POINT('',(-58.,318.));
#1278 = VECTOR('',#1279,1.);
#1279 = DIRECTION('',(-0.707106781187,-0.707106781187));
#1280 = ( GEOMETRIC_REPRESENTATION_CONTEXT(2) 
PARAMETRIC_REPRESENTATION_CONTEXT() REPRESENTATION_CONTEXT('2D SPACE',''
  ) );
#1281 = PCURVE('',#914,#1282);
#1282 = DEFINITIONAL_REPRESENTATION('',(#1283),#1287);
#1283 = LINE('',#1284,#1285);
#1284 = CARTESIAN_POINT('',(0.,183.8477631085));
#1285 = VECTOR('',#1286,1.);
#1286 = DIRECTION('',(0.,1.));
#1287 = ( GEOMETRIC_REPRESENTATION_CONTEXT(2) 
PARAMETRIC_REPRESENTATION_CONTEXT() REPRESENTATION_CONTEXT('2D SPACE',''
  ) );
#1288 = ORIENTED_EDGE('',*,*,#1289,.F.);
#1289 = EDGE_CURVE('',#1290,#1267,#1292,.T.);
#1290 = VERTEX_POINT('',#1291);
#1291 = CARTESIAN_POINT('',(-515.,190.,99.));
#1292 = SURFACE_CURVE('',#1293,(#1297,#1304),.PCURVE_S1.);
#1293 = LINE('',#1294,#1295);
#1294 = CARTESIAN_POINT('',(-567.5,190.,99.));
#1295 = VECTOR('',#1296,1.);
#1296 = DIRECTION('',(1.,0.,0.));
#1297 = PCURVE('',#100,#1298);
#1298 = DEFINITIONAL_REPRESENTATION('',(#1299),#1303);
#1299 = LINE('',#1300,#1301);
#1300 = CARTESIAN_POINT('',(17.5,450.));
#1301 = VECTOR('',#1302,1.);
#1302 = DIRECTION('',(1.,0.));
#1303 = ( GEOMETRIC_REPRESENTATION_CONTEXT(2) 
PARAMETRIC_REPRESENTATION_CONTEXT() REPRESENTATION_CONTEXT('2D SPACE',''
  ) );
#1304 = PCURVE('',#504,#1305);
#1305 = DEFINITIONAL_REPRESENTATION('',(#1306),#1310);
#1306 = LINE('',#1307,#1308);
#1307 = CARTESIAN_POINT('',(99.,-17.5));
#1308 = VECTOR('',#1309,1.);
#1309 = DIRECTION('',(0.,1.));
#1310 = ( GEOMETRIC_REPRESENTATION_CONTEXT(2) 
PARAMETRIC_REPRESENTATION_CONTEXT() REPRESENTATION_CONTEXT('2D SPACE',''
  ) );
#1311 = ORIENTED_EDGE('',*,*,#1312,.F.);
#1312 = EDGE_CURVE('',#1313,#1290,#1315,.T.);
#1313 = VERTEX_POINT('',#1314);
#1314 = CARTESIAN_POINT('',(-546.,190.,99.));
#1315 = SURFACE_CURVE('',#1316,(#1320,#1326),.PCURVE_S1.);
#1316 = LINE('',#1317,#1318);
#1317 = CARTESIAN_POINT('',(-567.5,190.,99.));
#1318 = VECTOR('',#1319,1.);
#1319 = DIRECTION('',(1.,0.,0.));
#1320 = PCURVE('',#100,#1321);
#1321 = DEFINITIONAL_REPRESENTATION('',(#1322),#1325);
#1322 = B_SPLINE_CURVE_WITH_KNOTS('',1,(#1323,#1324),.UNSPECIFIED.,.F.,
  .F.,(2,2),(17.5,52.5),.PIECEWISE_BEZIER_KNOTS.);
#1323 = CARTESIAN_POINT('',(35.,450.));
#1324 = CARTESIAN_POINT('',(70.,450.));
#1325 = ( GEOMETRIC_REPRESENTATION_CONTEXT(2) 
PARAMETRIC_REPRESENTATION_CONTEXT() REPRESENTATION_CONTEXT('2D SPACE',''
  ) );
#1326 = PCURVE('',#504,#1327);
#1327 = DEFINITIONAL_REPRESENTATION('',(#1328),#1331);
#1328 = B_SPLINE_CURVE_WITH_KNOTS('',1,(#1329,#1330),.UNSPECIFIED.,.F.,
  .F.,(2,2),(17.5,52.5),.PIECEWISE_BEZIER_KNOTS.);
#1329 = CARTESIAN_POINT('',(99.,0.));
#1330 = CARTESIAN_POINT('',(99.,35.));
#1331 = ( GEOMETRIC_REPRESENTATION_CONTEXT(2) 
PARAMETRIC_REPRESENTATION_CONTEXT() REPRESENTATION_CONTEXT('2D SPACE',''
  ) );
#1332 = ORIENTED_EDGE('',*,*,#1333,.T.);
#1333 = EDGE_CURVE('',#1313,#1334,#1336,.T.);
#1334 = VERTEX_POINT('',#1335);
#1335 = CARTESIAN_POINT('',(-550.,194.,99.));
#1336 = SURFACE_CURVE('',#1337,(#1341,#1348),.PCURVE_S1.);
#1337 = LINE('',#1338,#1339);
#1338 = CARTESIAN_POINT('',(-444.25,88.25,99.));
#1339 = VECTOR('',#1340,1.);
#1340 = DIRECTION('',(-0.707106781187,0.707106781187,0.));
#1341 = PCURVE('',#100,#1342);
#1342 = DEFINITIONAL_REPRESENTATION('',(#1343),#1347);
#1343 = LINE('',#1344,#1345);
#1344 = CARTESIAN_POINT('',(140.75,348.25));
#1345 = VECTOR('',#1346,1.);
#1346 = DIRECTION('',(-0.707106781187,0.707106781187));
#1347 = ( GEOMETRIC_REPRESENTATION_CONTEXT(2) 
PARAMETRIC_REPRESENTATION_CONTEXT() REPRESENTATION_CONTEXT('2D SPACE',''
  ) );
#1348 = PCURVE('',#1349,#1354);
#1349 = PLANE('',#1350);
#1350 = AXIS2_PLACEMENT_3D('',#1351,#1352,#1353);
#1351 = CARTESIAN_POINT('',(-548.,192.,99.));
#1352 = DIRECTION('',(-0.707106781187,-0.707106781187,0.));
#1353 = DIRECTION('',(0.,0.,1.));
#1354 = DEFINITIONAL_REPRESENTATION('',(#1355),#1359);
#1355 = LINE('',#1356,#1357);
#1356 = CARTESIAN_POINT('',(0.,-146.7246570962));
#1357 = VECTOR('',#1358,1.);
#1358 = DIRECTION('',(0.,1.));
#1359 = ( GEOMETRIC_REPRESENTATION_CONTEXT(2) 
PARAMETRIC_REPRESENTATION_CONTEXT() REPRESENTATION_CONTEXT('2D SPACE',''
  ) );
#1360 = ORIENTED_EDGE('',*,*,#1361,.F.);
#1361 = EDGE_CURVE('',#1362,#1334,#1364,.T.);
#1362 = VERTEX_POINT('',#1363);
#1363 = CARTESIAN_POINT('',(-550.,256.,99.));
#1364 = SURFACE_CURVE('',#1365,(#1369,#1375),.PCURVE_S1.);
#1365 = LINE('',#1366,#1367);
#1366 = CARTESIAN_POINT('',(-550.,-35.,99.));
#1367 = VECTOR('',#1368,1.);
#1368 = DIRECTION('',(0.,-1.,0.));
#1369 = PCURVE('',#100,#1370);
#1370 = DEFINITIONAL_REPRESENTATION('',(#1371),#1374);
#1371 = B_SPLINE_CURVE_WITH_KNOTS('',1,(#1372,#1373),.UNSPECIFIED.,.F.,
  .F.,(2,2),(-295.,-225.),.PIECEWISE_BEZIER_KNOTS.);
#1372 = CARTESIAN_POINT('',(35.,520.));
#1373 = CARTESIAN_POINT('',(35.,450.));
#1374 = ( GEOMETRIC_REPRESENTATION_CONTEXT(2) 
PARAMETRIC_REPRESENTATION_CONTEXT() REPRESENTATION_CONTEXT('2D SPACE',''
  ) );
#1375 = PCURVE('',#1376,#1381);
#1376 = PLANE('',#1377);
#1377 = AXIS2_PLACEMENT_3D('',#1378,#1379,#1380);
#1378 = CARTESIAN_POINT('',(-550.,190.,0.));
#1379 = DIRECTION('',(1.,0.,0.));
#1380 = DIRECTION('',(0.,0.,1.));
#1381 = DEFINITIONAL_REPRESENTATION('',(#1382),#1385);
#1382 = B_SPLINE_CURVE_WITH_KNOTS('',1,(#1383,#1384),.UNSPECIFIED.,.F.,
  .F.,(2,2),(-295.,-225.),.PIECEWISE_BEZIER_KNOTS.);
#1383 = CARTESIAN_POINT('',(99.,-70.));
#1384 = CARTESIAN_POINT('',(99.,0.));
#1385 = ( GEOMETRIC_REPRESENTATION_CONTEXT(2) 
PARAMETRIC_REPRESENTATION_CONTEXT() REPRESENTATION_CONTEXT('2D SPACE',''
  ) );
#1386 = ORIENTED_EDGE('',*,*,#1387,.F.);
#1387 = EDGE_CURVE('',#1388,#1362,#1390,.T.);
#1388 = VERTEX_POINT('',#1389);
#1389 = CARTESIAN_POINT('',(-546.,260.,99.));
#1390 = SURFACE_CURVE('',#1391,(#1395,#1402),.PCURVE_S1.);
#1391 = LINE('',#1392,#1393);
#1392 = CARTESIAN_POINT('',(-686.75,119.25,99.));
#1393 = VECTOR('',#1394,1.);
#1394 = DIRECTION('',(-0.707106781187,-0.707106781187,0.));
#1395 = PCURVE('',#100,#1396);
#1396 = DEFINITIONAL_REPRESENTATION('',(#1397),#1401);
#1397 = LINE('',#1398,#1399);
#1398 = CARTESIAN_POINT('',(-101.75,379.25));
#1399 = VECTOR('',#1400,1.);
#1400 = DIRECTION('',(-0.707106781187,-0.707106781187));
#1401 = ( GEOMETRIC_REPRESENTATION_CONTEXT(2) 
PARAMETRIC_REPRESENTATION_CONTEXT() REPRESENTATION_CONTEXT('2D SPACE',''
  ) );
#1402 = PCURVE('',#1403,#1408);
#1403 = PLANE('',#1404);
#1404 = AXIS2_PLACEMENT_3D('',#1405,#1406,#1407);
#1405 = CARTESIAN_POINT('',(-548.,258.,99.));
#1406 = DIRECTION('',(0.707106781187,-0.707106781187,0.));
#1407 = DIRECTION('',(0.,0.,1.));
#1408 = DEFINITIONAL_REPRESENTATION('',(#1409),#1413);
#1409 = LINE('',#1410,#1411);
#1410 = CARTESIAN_POINT('',(0.,196.22213177926));
#1411 = VECTOR('',#1412,1.);
#1412 = DIRECTION('',(0.,1.));
#1413 = ( GEOMETRIC_REPRESENTATION_CONTEXT(2) 
PARAMETRIC_REPRESENTATION_CONTEXT() REPRESENTATION_CONTEXT('2D SPACE',''
  ) );
#1414 = ORIENTED_EDGE('',*,*,#1415,.F.);
#1415 = EDGE_CURVE('',#1030,#1388,#1416,.T.);
#1416 = SURFACE_CURVE('',#1417,(#1421,#1428),.PCURVE_S1.);
#1417 = LINE('',#1418,#1419);
#1418 = CARTESIAN_POINT('',(-585.,260.,99.));
#1419 = VECTOR('',#1420,1.);
#1420 = DIRECTION('',(1.,0.,0.));
#1421 = PCURVE('',#100,#1422);
#1422 = DEFINITIONAL_REPRESENTATION('',(#1423),#1427);
#1423 = LINE('',#1424,#1425);
#1424 = CARTESIAN_POINT('',(0.,520.));
#1425 = VECTOR('',#1426,1.);
#1426 = DIRECTION('',(1.,0.));
#1427 = ( GEOMETRIC_REPRESENTATION_CONTEXT(2) 
PARAMETRIC_REPRESENTATION_CONTEXT() REPRESENTATION_CONTEXT('2D SPACE',''
  ) );
#1428 = PCURVE('',#446,#1429);
#1429 = DEFINITIONAL_REPRESENTATION('',(#1430),#1434);
#1430 = LINE('',#1431,#1432);
#1431 = CARTESIAN_POINT('',(99.,0.));
#1432 = VECTOR('',#1433,1.);
#1433 = DIRECTION('',(0.,1.));
#1434 = ( GEOMETRIC_REPRESENTATION_CONTEXT(2) 
PARAMETRIC_REPRESENTATION_CONTEXT() REPRESENTATION_CONTEXT('2D SPACE',''
  ) );
#1435 = ADVANCED_FACE('',(#1436),#235,.T.);
#1436 = FACE_BOUND('',#1437,.T.);
#1437 = EDGE_LOOP('',(#1438,#1463,#1486,#1509,#1530,#1558,#1584,#1605,
    #1606,#1607,#1608,#1631,#1654,#1677,#1700,#1728,#1754,#1782,#1803,
    #1826));
#1438 = ORIENTED_EDGE('',*,*,#1439,.F.);
#1439 = EDGE_CURVE('',#1440,#1442,#1444,.T.);
#1440 = VERTEX_POINT('',#1441);
#1441 = CARTESIAN_POINT('',(515.,-186.,99.));
#1442 = VERTEX_POINT('',#1443);
#1443 = CARTESIAN_POINT('',(515.,186.,99.));
#1444 = SURFACE_CURVE('',#1445,(#1449,#1456),.PCURVE_S1.);
#1445 = LINE('',#1446,#1447);
#1446 = CARTESIAN_POINT('',(515.,-260.,99.));
#1447 = VECTOR('',#1448,1.);
#1448 = DIRECTION('',(0.,1.,0.));
#1449 = PCURVE('',#235,#1450);
#1450 = DEFINITIONAL_REPRESENTATION('',(#1451),#1455);
#1451 = LINE('',#1452,#1453);
#1452 = CARTESIAN_POINT('',(0.,0.));
#1453 = VECTOR('',#1454,1.);
#1454 = DIRECTION('',(0.,1.));
#1455 = ( GEOMETRIC_REPRESENTATION_CONTEXT(2) 
PARAMETRIC_REPRESENTATION_CONTEXT() REPRESENTATION_CONTEXT('2D SPACE',''
  ) );
#1456 = PCURVE('',#560,#1457);
#1457 = DEFINITIONAL_REPRESENTATION('',(#1458),#1462);
#1458 = LINE('',#1459,#1460);
#1459 = CARTESIAN_POINT('',(99.,0.));
#1460 = VECTOR('',#1461,1.);
#1461 = DIRECTION('',(0.,-1.));
#1462 = ( GEOMETRIC_REPRESENTATION_CONTEXT(2) 
PARAMETRIC_REPRESENTATION_CONTEXT() REPRESENTATION_CONTEXT('2D SPACE',''
  ) );
#1463 = ORIENTED_EDGE('',*,*,#1464,.F.);
#1464 = EDGE_CURVE('',#1465,#1440,#1467,.T.);
#1465 = VERTEX_POINT('',#1466);
#1466 = CARTESIAN_POINT('',(511.,-190.,99.));
#1467 = SURFACE_CURVE('',#1468,(#1472,#1479),.PCURVE_S1.);
#1468 = LINE('',#1469,#1470);
#1469 = CARTESIAN_POINT('',(495.5,-205.5,99.));
#1470 = VECTOR('',#1471,1.);
#1471 = DIRECTION('',(0.707106781187,0.707106781187,-0.));
#1472 = PCURVE('',#235,#1473);
#1473 = DEFINITIONAL_REPRESENTATION('',(#1474),#1478);
#1474 = LINE('',#1475,#1476);
#1475 = CARTESIAN_POINT('',(-19.5,54.5));
#1476 = VECTOR('',#1477,1.);
#1477 = DIRECTION('',(0.707106781187,0.707106781187));
#1478 = ( GEOMETRIC_REPRESENTATION_CONTEXT(2) 
PARAMETRIC_REPRESENTATION_CONTEXT() REPRESENTATION_CONTEXT('2D SPACE',''
  ) );
#1479 = PCURVE('',#588,#1480);
#1480 = DEFINITIONAL_REPRESENTATION('',(#1481),#1485);
#1481 = LINE('',#1482,#1483);
#1482 = CARTESIAN_POINT('',(-0.,-24.74873734152));
#1483 = VECTOR('',#1484,1.);
#1484 = DIRECTION('',(-0.,1.));
#1485 = ( GEOMETRIC_REPRESENTATION_CONTEXT(2) 
PARAMETRIC_REPRESENTATION_CONTEXT() REPRESENTATION_CONTEXT('2D SPACE',''
  ) );
#1486 = ORIENTED_EDGE('',*,*,#1487,.F.);
#1487 = EDGE_CURVE('',#1488,#1465,#1490,.T.);
#1488 = VERTEX_POINT('',#1489);
#1489 = CARTESIAN_POINT('',(515.,-190.,99.));
#1490 = SURFACE_CURVE('',#1491,(#1495,#1502),.PCURVE_S1.);
#1491 = LINE('',#1492,#1493);
#1492 = CARTESIAN_POINT('',(-17.5,-190.,99.));
#1493 = VECTOR('',#1494,1.);
#1494 = DIRECTION('',(-1.,-0.,-0.));
#1495 = PCURVE('',#235,#1496);
#1496 = DEFINITIONAL_REPRESENTATION('',(#1497),#1501);
#1497 = LINE('',#1498,#1499);
#1498 = CARTESIAN_POINT('',(-532.5,70.));
#1499 = VECTOR('',#1500,1.);
#1500 = DIRECTION('',(-1.,-0.));
#1501 = ( GEOMETRIC_REPRESENTATION_CONTEXT(2) 
PARAMETRIC_REPRESENTATION_CONTEXT() REPRESENTATION_CONTEXT('2D SPACE',''
  ) );
#1502 = PCURVE('',#616,#1503);
#1503 = DEFINITIONAL_REPRESENTATION('',(#1504),#1508);
#1504 = LINE('',#1505,#1506);
#1505 = CARTESIAN_POINT('',(99.,532.5));
#1506 = VECTOR('',#1507,1.);
#1507 = DIRECTION('',(-0.,-1.));
#1508 = ( GEOMETRIC_REPRESENTATION_CONTEXT(2) 
PARAMETRIC_REPRESENTATION_CONTEXT() REPRESENTATION_CONTEXT('2D SPACE',''
  ) );
#1509 = ORIENTED_EDGE('',*,*,#1510,.T.);
#1510 = EDGE_CURVE('',#1488,#1511,#1513,.T.);
#1511 = VERTEX_POINT('',#1512);
#1512 = CARTESIAN_POINT('',(546.,-190.,99.));
#1513 = SURFACE_CURVE('',#1514,(#1518,#1524),.PCURVE_S1.);
#1514 = LINE('',#1515,#1516);
#1515 = CARTESIAN_POINT('',(-17.5,-190.,99.));
#1516 = VECTOR('',#1517,1.);
#1517 = DIRECTION('',(1.,0.,0.));
#1518 = PCURVE('',#235,#1519);
#1519 = DEFINITIONAL_REPRESENTATION('',(#1520),#1523);
#1520 = B_SPLINE_CURVE_WITH_KNOTS('',1,(#1521,#1522),.UNSPECIFIED.,.F.,
  .F.,(2,2),(532.5,567.5),.PIECEWISE_BEZIER_KNOTS.);
#1521 = CARTESIAN_POINT('',(0.,70.));
#1522 = CARTESIAN_POINT('',(35.,70.));
#1523 = ( GEOMETRIC_REPRESENTATION_CONTEXT(2) 
PARAMETRIC_REPRESENTATION_CONTEXT() REPRESENTATION_CONTEXT('2D SPACE',''
  ) );
#1524 = PCURVE('',#616,#1525);
#1525 = DEFINITIONAL_REPRESENTATION('',(#1526),#1529);
#1526 = B_SPLINE_CURVE_WITH_KNOTS('',1,(#1527,#1528),.UNSPECIFIED.,.F.,
  .F.,(2,2),(532.5,567.5),.PIECEWISE_BEZIER_KNOTS.);
#1527 = CARTESIAN_POINT('',(99.,1.065E+03));
#1528 = CARTESIAN_POINT('',(99.,1.1E+03));
#1529 = ( GEOMETRIC_REPRESENTATION_CONTEXT(2) 
PARAMETRIC_REPRESENTATION_CONTEXT() REPRESENTATION_CONTEXT('2D SPACE',''
  ) );
#1530 = ORIENTED_EDGE('',*,*,#1531,.F.);
#1531 = EDGE_CURVE('',#1532,#1511,#1534,.T.);
#1532 = VERTEX_POINT('',#1533);
#1533 = CARTESIAN_POINT('',(550.,-194.,99.));
#1534 = SURFACE_CURVE('',#1535,(#1539,#1546),.PCURVE_S1.);
#1535 = LINE('',#1536,#1537);
#1536 = CARTESIAN_POINT('',(556.75,-200.75,99.));
#1537 = VECTOR('',#1538,1.);
#1538 = DIRECTION('',(-0.707106781187,0.707106781187,0.));
#1539 = PCURVE('',#235,#1540);
#1540 = DEFINITIONAL_REPRESENTATION('',(#1541),#1545);
#1541 = LINE('',#1542,#1543);
#1542 = CARTESIAN_POINT('',(41.75,59.25));
#1543 = VECTOR('',#1544,1.);
#1544 = DIRECTION('',(-0.707106781187,0.707106781187));
#1545 = ( GEOMETRIC_REPRESENTATION_CONTEXT(2) 
PARAMETRIC_REPRESENTATION_CONTEXT() REPRESENTATION_CONTEXT('2D SPACE',''
  ) );
#1546 = PCURVE('',#1547,#1552);
#1547 = PLANE('',#1548);
#1548 = AXIS2_PLACEMENT_3D('',#1549,#1550,#1551);
#1549 = CARTESIAN_POINT('',(548.,-192.,99.));
#1550 = DIRECTION('',(0.707106781187,0.707106781187,0.));
#1551 = DIRECTION('',(-0.,0.,-1.));
#1552 = DEFINITIONAL_REPRESENTATION('',(#1553),#1557);
#1553 = LINE('',#1554,#1555);
#1554 = CARTESIAN_POINT('',(-0.,-12.37436867076));
#1555 = VECTOR('',#1556,1.);
#1556 = DIRECTION('',(-0.,1.));
#1557 = ( GEOMETRIC_REPRESENTATION_CONTEXT(2) 
PARAMETRIC_REPRESENTATION_CONTEXT() REPRESENTATION_CONTEXT('2D SPACE',''
  ) );
#1558 = ORIENTED_EDGE('',*,*,#1559,.T.);
#1559 = EDGE_CURVE('',#1532,#1560,#1562,.T.);
#1560 = VERTEX_POINT('',#1561);
#1561 = CARTESIAN_POINT('',(550.,-256.,99.));
#1562 = SURFACE_CURVE('',#1563,(#1567,#1573),.PCURVE_S1.);
#1563 = LINE('',#1564,#1565);
#1564 = CARTESIAN_POINT('',(550.,-260.,99.));
#1565 = VECTOR('',#1566,1.);
#1566 = DIRECTION('',(0.,-1.,0.));
#1567 = PCURVE('',#235,#1568);
#1568 = DEFINITIONAL_REPRESENTATION('',(#1569),#1572);
#1569 = B_SPLINE_CURVE_WITH_KNOTS('',1,(#1570,#1571),.UNSPECIFIED.,.F.,
  .F.,(2,2),(-70.,0.),.PIECEWISE_BEZIER_KNOTS.);
#1570 = CARTESIAN_POINT('',(35.,70.));
#1571 = CARTESIAN_POINT('',(35.,0.));
#1572 = ( GEOMETRIC_REPRESENTATION_CONTEXT(2) 
PARAMETRIC_REPRESENTATION_CONTEXT() REPRESENTATION_CONTEXT('2D SPACE',''
  ) );
#1573 = PCURVE('',#1574,#1579);
#1574 = PLANE('',#1575);
#1575 = AXIS2_PLACEMENT_3D('',#1576,#1577,#1578);
#1576 = CARTESIAN_POINT('',(550.,-260.,0.));
#1577 = DIRECTION('',(1.,0.,0.));
#1578 = DIRECTION('',(0.,0.,1.));
#1579 = DEFINITIONAL_REPRESENTATION('',(#1580),#1583);
#1580 = B_SPLINE_CURVE_WITH_KNOTS('',1,(#1581,#1582),.UNSPECIFIED.,.F.,
  .F.,(2,2),(-70.,0.),.PIECEWISE_BEZIER_KNOTS.);
#1581 = CARTESIAN_POINT('',(99.,-70.));
#1582 = CARTESIAN_POINT('',(99.,0.));
#1583 = ( GEOMETRIC_REPRESENTATION_CONTEXT(2) 
PARAMETRIC_REPRESENTATION_CONTEXT() REPRESENTATION_CONTEXT('2D SPACE',''
  ) );
#1584 = ORIENTED_EDGE('',*,*,#1585,.F.);
#1585 = EDGE_CURVE('',#192,#1560,#1586,.T.);
#1586 = SURFACE_CURVE('',#1587,(#1591,#1598),.PCURVE_S1.);
#1587 = LINE('',#1588,#1589);
#1588 = CARTESIAN_POINT('',(539.25,-266.75,99.));
#1589 = VECTOR('',#1590,1.);
#1590 = DIRECTION('',(0.707106781187,0.707106781187,-0.));
#1591 = PCURVE('',#235,#1592);
#1592 = DEFINITIONAL_REPRESENTATION('',(#1593),#1597);
#1593 = LINE('',#1594,#1595);
#1594 = CARTESIAN_POINT('',(24.25,-6.75));
#1595 = VECTOR('',#1596,1.);
#1596 = DIRECTION('',(0.707106781187,0.707106781187));
#1597 = ( GEOMETRIC_REPRESENTATION_CONTEXT(2) 
PARAMETRIC_REPRESENTATION_CONTEXT() REPRESENTATION_CONTEXT('2D SPACE',''
  ) );
#1598 = PCURVE('',#207,#1599);
#1599 = DEFINITIONAL_REPRESENTATION('',(#1600),#1604);
#1600 = LINE('',#1601,#1602);
#1601 = CARTESIAN_POINT('',(0.,-12.37436867076));
#1602 = VECTOR('',#1603,1.);
#1603 = DIRECTION('',(0.,1.));
#1604 = ( GEOMETRIC_REPRESENTATION_CONTEXT(2) 
PARAMETRIC_REPRESENTATION_CONTEXT() REPRESENTATION_CONTEXT('2D SPACE',''
  ) );
#1605 = ORIENTED_EDGE('',*,*,#219,.F.);
#1606 = ORIENTED_EDGE('',*,*,#247,.T.);
#1607 = ORIENTED_EDGE('',*,*,#980,.T.);
#1608 = ORIENTED_EDGE('',*,*,#1609,.T.);
#1609 = EDGE_CURVE('',#981,#1610,#1612,.T.);
#1610 = VERTEX_POINT('',#1611);
#1611 = CARTESIAN_POINT('',(585.,256.,99.));
#1612 = SURFACE_CURVE('',#1613,(#1617,#1624),.PCURVE_S1.);
#1613 = LINE('',#1614,#1615);
#1614 = CARTESIAN_POINT('',(585.,-260.,99.));
#1615 = VECTOR('',#1616,1.);
#1616 = DIRECTION('',(0.,1.,0.));
#1617 = PCURVE('',#235,#1618);
#1618 = DEFINITIONAL_REPRESENTATION('',(#1619),#1623);
#1619 = LINE('',#1620,#1621);
#1620 = CARTESIAN_POINT('',(70.,0.));
#1621 = VECTOR('',#1622,1.);
#1622 = DIRECTION('',(0.,1.));
#1623 = ( GEOMETRIC_REPRESENTATION_CONTEXT(2) 
PARAMETRIC_REPRESENTATION_CONTEXT() REPRESENTATION_CONTEXT('2D SPACE',''
  ) );
#1624 = PCURVE('',#390,#1625);
#1625 = DEFINITIONAL_REPRESENTATION('',(#1626),#1630);
#1626 = LINE('',#1627,#1628);
#1627 = CARTESIAN_POINT('',(99.,0.));
#1628 = VECTOR('',#1629,1.);
#1629 = DIRECTION('',(0.,-1.));
#1630 = ( GEOMETRIC_REPRESENTATION_CONTEXT(2) 
PARAMETRIC_REPRESENTATION_CONTEXT() REPRESENTATION_CONTEXT('2D SPACE',''
  ) );
#1631 = ORIENTED_EDGE('',*,*,#1632,.F.);
#1632 = EDGE_CURVE('',#1633,#1610,#1635,.T.);
#1633 = VERTEX_POINT('',#1634);
#1634 = CARTESIAN_POINT('',(581.,260.,99.));
#1635 = SURFACE_CURVE('',#1636,(#1640,#1647),.PCURVE_S1.);
#1636 = LINE('',#1637,#1638);
#1637 = CARTESIAN_POINT('',(695.5,145.5,99.));
#1638 = VECTOR('',#1639,1.);
#1639 = DIRECTION('',(0.707106781187,-0.707106781187,0.));
#1640 = PCURVE('',#235,#1641);
#1641 = DEFINITIONAL_REPRESENTATION('',(#1642),#1646);
#1642 = LINE('',#1643,#1644);
#1643 = CARTESIAN_POINT('',(180.5,405.5));
#1644 = VECTOR('',#1645,1.);
#1645 = DIRECTION('',(0.707106781187,-0.707106781187));
#1646 = ( GEOMETRIC_REPRESENTATION_CONTEXT(2) 
PARAMETRIC_REPRESENTATION_CONTEXT() REPRESENTATION_CONTEXT('2D SPACE',''
  ) );
#1647 = PCURVE('',#418,#1648);
#1648 = DEFINITIONAL_REPRESENTATION('',(#1649),#1653);
#1649 = LINE('',#1650,#1651);
#1650 = CARTESIAN_POINT('',(99.,159.09902576697));
#1651 = VECTOR('',#1652,1.);
#1652 = DIRECTION('',(0.,1.));
#1653 = ( GEOMETRIC_REPRESENTATION_CONTEXT(2) 
PARAMETRIC_REPRESENTATION_CONTEXT() REPRESENTATION_CONTEXT('2D SPACE',''
  ) );
#1654 = ORIENTED_EDGE('',*,*,#1655,.F.);
#1655 = EDGE_CURVE('',#1656,#1633,#1658,.T.);
#1656 = VERTEX_POINT('',#1657);
#1657 = CARTESIAN_POINT('',(550.,260.,99.));
#1658 = SURFACE_CURVE('',#1659,(#1663,#1670),.PCURVE_S1.);
#1659 = LINE('',#1660,#1661);
#1660 = CARTESIAN_POINT('',(515.,260.,99.));
#1661 = VECTOR('',#1662,1.);
#1662 = DIRECTION('',(1.,0.,0.));
#1663 = PCURVE('',#235,#1664);
#1664 = DEFINITIONAL_REPRESENTATION('',(#1665),#1669);
#1665 = LINE('',#1666,#1667);
#1666 = CARTESIAN_POINT('',(0.,520.));
#1667 = VECTOR('',#1668,1.);
#1668 = DIRECTION('',(1.,0.));
#1669 = ( GEOMETRIC_REPRESENTATION_CONTEXT(2) 
PARAMETRIC_REPRESENTATION_CONTEXT() REPRESENTATION_CONTEXT('2D SPACE',''
  ) );
#1670 = PCURVE('',#446,#1671);
#1671 = DEFINITIONAL_REPRESENTATION('',(#1672),#1676);
#1672 = LINE('',#1673,#1674);
#1673 = CARTESIAN_POINT('',(99.,1.1E+03));
#1674 = VECTOR('',#1675,1.);
#1675 = DIRECTION('',(0.,1.));
#1676 = ( GEOMETRIC_REPRESENTATION_CONTEXT(2) 
PARAMETRIC_REPRESENTATION_CONTEXT() REPRESENTATION_CONTEXT('2D SPACE',''
  ) );
#1677 = ORIENTED_EDGE('',*,*,#1678,.T.);
#1678 = EDGE_CURVE('',#1656,#1679,#1681,.T.);
#1679 = VERTEX_POINT('',#1680);
#1680 = CARTESIAN_POINT('',(546.,260.,99.));
#1681 = SURFACE_CURVE('',#1682,(#1686,#1693),.PCURVE_S1.);
#1682 = LINE('',#1683,#1684);
#1683 = CARTESIAN_POINT('',(-35.,260.,99.));
#1684 = VECTOR('',#1685,1.);
#1685 = DIRECTION('',(-1.,-0.,-0.));
#1686 = PCURVE('',#235,#1687);
#1687 = DEFINITIONAL_REPRESENTATION('',(#1688),#1692);
#1688 = LINE('',#1689,#1690);
#1689 = CARTESIAN_POINT('',(-550.,520.));
#1690 = VECTOR('',#1691,1.);
#1691 = DIRECTION('',(-1.,-0.));
#1692 = ( GEOMETRIC_REPRESENTATION_CONTEXT(2) 
PARAMETRIC_REPRESENTATION_CONTEXT() REPRESENTATION_CONTEXT('2D SPACE',''
  ) );
#1693 = PCURVE('',#446,#1694);
#1694 = DEFINITIONAL_REPRESENTATION('',(#1695),#1699);
#1695 = LINE('',#1696,#1697);
#1696 = CARTESIAN_POINT('',(99.,550.));
#1697 = VECTOR('',#1698,1.);
#1698 = DIRECTION('',(-0.,-1.));
#1699 = ( GEOMETRIC_REPRESENTATION_CONTEXT(2) 
PARAMETRIC_REPRESENTATION_CONTEXT() REPRESENTATION_CONTEXT('2D SPACE',''
  ) );
#1700 = ORIENTED_EDGE('',*,*,#1701,.T.);
#1701 = EDGE_CURVE('',#1679,#1702,#1704,.T.);
#1702 = VERTEX_POINT('',#1703);
#1703 = CARTESIAN_POINT('',(550.,256.,99.));
#1704 = SURFACE_CURVE('',#1705,(#1709,#1716),.PCURVE_S1.);
#1705 = LINE('',#1706,#1707);
#1706 = CARTESIAN_POINT('',(669.25,136.75,99.));
#1707 = VECTOR('',#1708,1.);
#1708 = DIRECTION('',(0.707106781187,-0.707106781187,0.));
#1709 = PCURVE('',#235,#1710);
#1710 = DEFINITIONAL_REPRESENTATION('',(#1711),#1715);
#1711 = LINE('',#1712,#1713);
#1712 = CARTESIAN_POINT('',(154.25,396.75));
#1713 = VECTOR('',#1714,1.);
#1714 = DIRECTION('',(0.707106781187,-0.707106781187));
#1715 = ( GEOMETRIC_REPRESENTATION_CONTEXT(2) 
PARAMETRIC_REPRESENTATION_CONTEXT() REPRESENTATION_CONTEXT('2D SPACE',''
  ) );
#1716 = PCURVE('',#1717,#1722);
#1717 = PLANE('',#1718);
#1718 = AXIS2_PLACEMENT_3D('',#1719,#1720,#1721);
#1719 = CARTESIAN_POINT('',(548.,258.,99.));
#1720 = DIRECTION('',(0.707106781187,0.707106781187,0.));
#1721 = DIRECTION('',(0.,-0.,1.));
#1722 = DEFINITIONAL_REPRESENTATION('',(#1723),#1727);
#1723 = LINE('',#1724,#1725);
#1724 = CARTESIAN_POINT('',(0.,171.47339443773));
#1725 = VECTOR('',#1726,1.);
#1726 = DIRECTION('',(0.,1.));
#1727 = ( GEOMETRIC_REPRESENTATION_CONTEXT(2) 
PARAMETRIC_REPRESENTATION_CONTEXT() REPRESENTATION_CONTEXT('2D SPACE',''
  ) );
#1728 = ORIENTED_EDGE('',*,*,#1729,.T.);
#1729 = EDGE_CURVE('',#1702,#1730,#1732,.T.);
#1730 = VERTEX_POINT('',#1731);
#1731 = CARTESIAN_POINT('',(550.,194.,99.));
#1732 = SURFACE_CURVE('',#1733,(#1737,#1743),.PCURVE_S1.);
#1733 = LINE('',#1734,#1735);
#1734 = CARTESIAN_POINT('',(550.,-35.,99.));
#1735 = VECTOR('',#1736,1.);
#1736 = DIRECTION('',(0.,-1.,0.));
#1737 = PCURVE('',#235,#1738);
#1738 = DEFINITIONAL_REPRESENTATION('',(#1739),#1742);
#1739 = B_SPLINE_CURVE_WITH_KNOTS('',1,(#1740,#1741),.UNSPECIFIED.,.F.,
  .F.,(2,2),(-295.,-225.),.PIECEWISE_BEZIER_KNOTS.);
#1740 = CARTESIAN_POINT('',(35.,520.));
#1741 = CARTESIAN_POINT('',(35.,450.));
#1742 = ( GEOMETRIC_REPRESENTATION_CONTEXT(2) 
PARAMETRIC_REPRESENTATION_CONTEXT() REPRESENTATION_CONTEXT('2D SPACE',''
  ) );
#1743 = PCURVE('',#1744,#1749);
#1744 = PLANE('',#1745);
#1745 = AXIS2_PLACEMENT_3D('',#1746,#1747,#1748);
#1746 = CARTESIAN_POINT('',(550.,190.,0.));
#1747 = DIRECTION('',(1.,0.,0.));
#1748 = DIRECTION('',(0.,0.,1.));
#1749 = DEFINITIONAL_REPRESENTATION('',(#1750),#1753);
#1750 = B_SPLINE_CURVE_WITH_KNOTS('',1,(#1751,#1752),.UNSPECIFIED.,.F.,
  .F.,(2,2),(-295.,-225.),.PIECEWISE_BEZIER_KNOTS.);
#1751 = CARTESIAN_POINT('',(99.,-70.));
#1752 = CARTESIAN_POINT('',(99.,0.));
#1753 = ( GEOMETRIC_REPRESENTATION_CONTEXT(2) 
PARAMETRIC_REPRESENTATION_CONTEXT() REPRESENTATION_CONTEXT('2D SPACE',''
  ) );
#1754 = ORIENTED_EDGE('',*,*,#1755,.F.);
#1755 = EDGE_CURVE('',#1756,#1730,#1758,.T.);
#1756 = VERTEX_POINT('',#1757);
#1757 = CARTESIAN_POINT('',(546.,190.,99.));
#1758 = SURFACE_CURVE('',#1759,(#1763,#1770),.PCURVE_S1.);
#1759 = LINE('',#1760,#1761);
#1760 = CARTESIAN_POINT('',(426.75,70.75,99.));
#1761 = VECTOR('',#1762,1.);
#1762 = DIRECTION('',(0.707106781187,0.707106781187,-0.));
#1763 = PCURVE('',#235,#1764);
#1764 = DEFINITIONAL_REPRESENTATION('',(#1765),#1769);
#1765 = LINE('',#1766,#1767);
#1766 = CARTESIAN_POINT('',(-88.25,330.75));
#1767 = VECTOR('',#1768,1.);
#1768 = DIRECTION('',(0.707106781187,0.707106781187));
#1769 = ( GEOMETRIC_REPRESENTATION_CONTEXT(2) 
PARAMETRIC_REPRESENTATION_CONTEXT() REPRESENTATION_CONTEXT('2D SPACE',''
  ) );
#1770 = PCURVE('',#1771,#1776);
#1771 = PLANE('',#1772);
#1772 = AXIS2_PLACEMENT_3D('',#1773,#1774,#1775);
#1773 = CARTESIAN_POINT('',(548.,192.,99.));
#1774 = DIRECTION('',(-0.707106781187,0.707106781187,0.));
#1775 = DIRECTION('',(0.,0.,1.));
#1776 = DEFINITIONAL_REPRESENTATION('',(#1777),#1781);
#1777 = LINE('',#1778,#1779);
#1778 = CARTESIAN_POINT('',(0.,-171.4733944377));
#1779 = VECTOR('',#1780,1.);
#1780 = DIRECTION('',(0.,1.));
#1781 = ( GEOMETRIC_REPRESENTATION_CONTEXT(2) 
PARAMETRIC_REPRESENTATION_CONTEXT() REPRESENTATION_CONTEXT('2D SPACE',''
  ) );
#1782 = ORIENTED_EDGE('',*,*,#1783,.F.);
#1783 = EDGE_CURVE('',#1784,#1756,#1786,.T.);
#1784 = VERTEX_POINT('',#1785);
#1785 = CARTESIAN_POINT('',(515.,190.,99.));
#1786 = SURFACE_CURVE('',#1787,(#1791,#1797),.PCURVE_S1.);
#1787 = LINE('',#1788,#1789);
#1788 = CARTESIAN_POINT('',(-17.5,190.,99.));
#1789 = VECTOR('',#1790,1.);
#1790 = DIRECTION('',(1.,0.,0.));
#1791 = PCURVE('',#235,#1792);
#1792 = DEFINITIONAL_REPRESENTATION('',(#1793),#1796);
#1793 = B_SPLINE_CURVE_WITH_KNOTS('',1,(#1794,#1795),.UNSPECIFIED.,.F.,
  .F.,(2,2),(532.5,567.5),.PIECEWISE_BEZIER_KNOTS.);
#1794 = CARTESIAN_POINT('',(0.,450.));
#1795 = CARTESIAN_POINT('',(35.,450.));
#1796 = ( GEOMETRIC_REPRESENTATION_CONTEXT(2) 
PARAMETRIC_REPRESENTATION_CONTEXT() REPRESENTATION_CONTEXT('2D SPACE',''
  ) );
#1797 = PCURVE('',#504,#1798);
#1798 = DEFINITIONAL_REPRESENTATION('',(#1799),#1802);
#1799 = B_SPLINE_CURVE_WITH_KNOTS('',1,(#1800,#1801),.UNSPECIFIED.,.F.,
  .F.,(2,2),(532.5,567.5),.PIECEWISE_BEZIER_KNOTS.);
#1800 = CARTESIAN_POINT('',(99.,1.065E+03));
#1801 = CARTESIAN_POINT('',(99.,1.1E+03));
#1802 = ( GEOMETRIC_REPRESENTATION_CONTEXT(2) 
PARAMETRIC_REPRESENTATION_CONTEXT() REPRESENTATION_CONTEXT('2D SPACE',''
  ) );
#1803 = ORIENTED_EDGE('',*,*,#1804,.T.);
#1804 = EDGE_CURVE('',#1784,#1805,#1807,.T.);
#1805 = VERTEX_POINT('',#1806);
#1806 = CARTESIAN_POINT('',(511.,190.,99.));
#1807 = SURFACE_CURVE('',#1808,(#1812,#1819),.PCURVE_S1.);
#1808 = LINE('',#1809,#1810);
#1809 = CARTESIAN_POINT('',(-17.5,190.,99.));
#1810 = VECTOR('',#1811,1.);
#1811 = DIRECTION('',(-1.,-0.,-0.));
#1812 = PCURVE('',#235,#1813);
#1813 = DEFINITIONAL_REPRESENTATION('',(#1814),#1818);
#1814 = LINE('',#1815,#1816);
#1815 = CARTESIAN_POINT('',(-532.5,450.));
#1816 = VECTOR('',#1817,1.);
#1817 = DIRECTION('',(-1.,-0.));
#1818 = ( GEOMETRIC_REPRESENTATION_CONTEXT(2) 
PARAMETRIC_REPRESENTATION_CONTEXT() REPRESENTATION_CONTEXT('2D SPACE',''
  ) );
#1819 = PCURVE('',#504,#1820);
#1820 = DEFINITIONAL_REPRESENTATION('',(#1821),#1825);
#1821 = LINE('',#1822,#1823);
#1822 = CARTESIAN_POINT('',(99.,532.5));
#1823 = VECTOR('',#1824,1.);
#1824 = DIRECTION('',(-0.,-1.));
#1825 = ( GEOMETRIC_REPRESENTATION_CONTEXT(2) 
PARAMETRIC_REPRESENTATION_CONTEXT() REPRESENTATION_CONTEXT('2D SPACE',''
  ) );
#1826 = ORIENTED_EDGE('',*,*,#1827,.T.);
#1827 = EDGE_CURVE('',#1805,#1442,#1828,.T.);
#1828 = SURFACE_CURVE('',#1829,(#1833,#1840),.PCURVE_S1.);
#1829 = LINE('',#1830,#1831);
#1830 = CARTESIAN_POINT('',(625.5,75.5,99.));
#1831 = VECTOR('',#1832,1.);
#1832 = DIRECTION('',(0.707106781187,-0.707106781187,-0.));
#1833 = PCURVE('',#235,#1834);
#1834 = DEFINITIONAL_REPRESENTATION('',(#1835),#1839);
#1835 = LINE('',#1836,#1837);
#1836 = CARTESIAN_POINT('',(110.5,335.5));
#1837 = VECTOR('',#1838,1.);
#1838 = DIRECTION('',(0.707106781187,-0.707106781187));
#1839 = ( GEOMETRIC_REPRESENTATION_CONTEXT(2) 
PARAMETRIC_REPRESENTATION_CONTEXT() REPRESENTATION_CONTEXT('2D SPACE',''
  ) );
#1840 = PCURVE('',#532,#1841);
#1841 = DEFINITIONAL_REPRESENTATION('',(#1842),#1846);
#1842 = LINE('',#1843,#1844);
#1843 = CARTESIAN_POINT('',(-0.,159.09902576697));
#1844 = VECTOR('',#1845,1.);
#1845 = DIRECTION('',(-0.,1.));
#1846 = ( GEOMETRIC_REPRESENTATION_CONTEXT(2) 
PARAMETRIC_REPRESENTATION_CONTEXT() REPRESENTATION_CONTEXT('2D SPACE',''
  ) );
#1847 = ADVANCED_FACE('',(#1848),#151,.T.);
#1848 = FACE_BOUND('',#1849,.T.);
#1849 = EDGE_LOOP('',(#1850,#1851,#1852,#1875));
#1850 = ORIENTED_EDGE('',*,*,#1099,.F.);
#1851 = ORIENTED_EDGE('',*,*,#135,.T.);
#1852 = ORIENTED_EDGE('',*,*,#1853,.T.);
#1853 = EDGE_CURVE('',#136,#1854,#1856,.T.);
#1854 = VERTEX_POINT('',#1855);
#1855 = CARTESIAN_POINT('',(-550.,-256.,180.));
#1856 = SURFACE_CURVE('',#1857,(#1861,#1868),.PCURVE_S1.);
#1857 = LINE('',#1858,#1859);
#1858 = CARTESIAN_POINT('',(-548.,-258.,180.));
#1859 = VECTOR('',#1860,1.);
#1860 = DIRECTION('',(-0.707106781187,0.707106781187,0.));
#1861 = PCURVE('',#151,#1862);
#1862 = DEFINITIONAL_REPRESENTATION('',(#1863),#1867);
#1863 = LINE('',#1864,#1865);
#1864 = CARTESIAN_POINT('',(81.,0.));
#1865 = VECTOR('',#1866,1.);
#1866 = DIRECTION('',(0.,1.));
#1867 = ( GEOMETRIC_REPRESENTATION_CONTEXT(2) 
PARAMETRIC_REPRESENTATION_CONTEXT() REPRESENTATION_CONTEXT('2D SPACE',''
  ) );
#1868 = PCURVE('',#179,#1869);
#1869 = DEFINITIONAL_REPRESENTATION('',(#1870),#1874);
#1870 = LINE('',#1871,#1872);
#1871 = CARTESIAN_POINT('',(2.,2.));
#1872 = VECTOR('',#1873,1.);
#1873 = DIRECTION('',(-0.707106781187,0.707106781187));
#1874 = ( GEOMETRIC_REPRESENTATION_CONTEXT(2) 
PARAMETRIC_REPRESENTATION_CONTEXT() REPRESENTATION_CONTEXT('2D SPACE',''
  ) );
#1875 = ORIENTED_EDGE('',*,*,#1876,.F.);
#1876 = EDGE_CURVE('',#1100,#1854,#1877,.T.);
#1877 = SURFACE_CURVE('',#1878,(#1882,#1889),.PCURVE_S1.);
#1878 = LINE('',#1879,#1880);
#1879 = CARTESIAN_POINT('',(-550.,-256.,99.));
#1880 = VECTOR('',#1881,1.);
#1881 = DIRECTION('',(0.,0.,1.));
#1882 = PCURVE('',#151,#1883);
#1883 = DEFINITIONAL_REPRESENTATION('',(#1884),#1888);
#1884 = LINE('',#1885,#1886);
#1885 = CARTESIAN_POINT('',(0.,2.828427124746));
#1886 = VECTOR('',#1887,1.);
#1887 = DIRECTION('',(1.,0.));
#1888 = ( GEOMETRIC_REPRESENTATION_CONTEXT(2) 
PARAMETRIC_REPRESENTATION_CONTEXT() REPRESENTATION_CONTEXT('2D SPACE',''
  ) );
#1889 = PCURVE('',#1137,#1890);
#1890 = DEFINITIONAL_REPRESENTATION('',(#1891),#1895);
#1891 = LINE('',#1892,#1893);
#1892 = CARTESIAN_POINT('',(99.,-4.));
#1893 = VECTOR('',#1894,1.);
#1894 = DIRECTION('',(1.,0.));
#1895 = ( GEOMETRIC_REPRESENTATION_CONTEXT(2) 
PARAMETRIC_REPRESENTATION_CONTEXT() REPRESENTATION_CONTEXT('2D SPACE',''
  ) );
#1896 = ADVANCED_FACE('',(#1897),#207,.F.);
#1897 = FACE_BOUND('',#1898,.F.);
#1898 = EDGE_LOOP('',(#1899,#1900,#1901,#1924));
#1899 = ORIENTED_EDGE('',*,*,#1585,.F.);
#1900 = ORIENTED_EDGE('',*,*,#191,.T.);
#1901 = ORIENTED_EDGE('',*,*,#1902,.T.);
#1902 = EDGE_CURVE('',#164,#1903,#1905,.T.);
#1903 = VERTEX_POINT('',#1904);
#1904 = CARTESIAN_POINT('',(550.,-256.,180.));
#1905 = SURFACE_CURVE('',#1906,(#1910,#1917),.PCURVE_S1.);
#1906 = LINE('',#1907,#1908);
#1907 = CARTESIAN_POINT('',(273.,-533.,180.));
#1908 = VECTOR('',#1909,1.);
#1909 = DIRECTION('',(0.707106781187,0.707106781187,-0.));
#1910 = PCURVE('',#207,#1911);
#1911 = DEFINITIONAL_REPRESENTATION('',(#1912),#1916);
#1912 = LINE('',#1913,#1914);
#1913 = CARTESIAN_POINT('',(81.,-388.9087296526));
#1914 = VECTOR('',#1915,1.);
#1915 = DIRECTION('',(0.,1.));
#1916 = ( GEOMETRIC_REPRESENTATION_CONTEXT(2) 
PARAMETRIC_REPRESENTATION_CONTEXT() REPRESENTATION_CONTEXT('2D SPACE',''
  ) );
#1917 = PCURVE('',#179,#1918);
#1918 = DEFINITIONAL_REPRESENTATION('',(#1919),#1923);
#1919 = LINE('',#1920,#1921);
#1920 = CARTESIAN_POINT('',(823.,-273.));
#1921 = VECTOR('',#1922,1.);
#1922 = DIRECTION('',(0.707106781187,0.707106781187));
#1923 = ( GEOMETRIC_REPRESENTATION_CONTEXT(2) 
PARAMETRIC_REPRESENTATION_CONTEXT() REPRESENTATION_CONTEXT('2D SPACE',''
  ) );
#1924 = ORIENTED_EDGE('',*,*,#1925,.F.);
#1925 = EDGE_CURVE('',#1560,#1903,#1926,.T.);
#1926 = SURFACE_CURVE('',#1927,(#1931,#1938),.PCURVE_S1.);
#1927 = LINE('',#1928,#1929);
#1928 = CARTESIAN_POINT('',(550.,-256.,99.));
#1929 = VECTOR('',#1930,1.);
#1930 = DIRECTION('',(0.,0.,1.));
#1931 = PCURVE('',#207,#1932);
#1932 = DEFINITIONAL_REPRESENTATION('',(#1933),#1937);
#1933 = LINE('',#1934,#1935);
#1934 = CARTESIAN_POINT('',(0.,2.828427124746));
#1935 = VECTOR('',#1936,1.);
#1936 = DIRECTION('',(1.,0.));
#1937 = ( GEOMETRIC_REPRESENTATION_CONTEXT(2) 
PARAMETRIC_REPRESENTATION_CONTEXT() REPRESENTATION_CONTEXT('2D SPACE',''
  ) );
#1938 = PCURVE('',#1574,#1939);
#1939 = DEFINITIONAL_REPRESENTATION('',(#1940),#1944);
#1940 = LINE('',#1941,#1942);
#1941 = CARTESIAN_POINT('',(99.,-4.));
#1942 = VECTOR('',#1943,1.);
#1943 = DIRECTION('',(1.,0.));
#1944 = ( GEOMETRIC_REPRESENTATION_CONTEXT(2) 
PARAMETRIC_REPRESENTATION_CONTEXT() REPRESENTATION_CONTEXT('2D SPACE',''
  ) );
#1945 = ADVANCED_FACE('',(#1946),#179,.T.);
#1946 = FACE_BOUND('',#1947,.T.);
#1947 = EDGE_LOOP('',(#1948,#1971,#1972,#1973,#1974,#1997,#2020,#2043));
#1948 = ORIENTED_EDGE('',*,*,#1949,.F.);
#1949 = EDGE_CURVE('',#1854,#1950,#1952,.T.);
#1950 = VERTEX_POINT('',#1951);
#1951 = CARTESIAN_POINT('',(-550.,-194.,180.));
#1952 = SURFACE_CURVE('',#1953,(#1957,#1964),.PCURVE_S1.);
#1953 = LINE('',#1954,#1955);
#1954 = CARTESIAN_POINT('',(-550.,-260.,180.));
#1955 = VECTOR('',#1956,1.);
#1956 = DIRECTION('',(0.,1.,0.));
#1957 = PCURVE('',#179,#1958);
#1958 = DEFINITIONAL_REPRESENTATION('',(#1959),#1963);
#1959 = LINE('',#1960,#1961);
#1960 = CARTESIAN_POINT('',(0.,0.));
#1961 = VECTOR('',#1962,1.);
#1962 = DIRECTION('',(0.,1.));
#1963 = ( GEOMETRIC_REPRESENTATION_CONTEXT(2) 
PARAMETRIC_REPRESENTATION_CONTEXT() REPRESENTATION_CONTEXT('2D SPACE',''
  ) );
#1964 = PCURVE('',#1137,#1965);
#1965 = DEFINITIONAL_REPRESENTATION('',(#1966),#1970);
#1966 = LINE('',#1967,#1968);
#1967 = CARTESIAN_POINT('',(180.,0.));
#1968 = VECTOR('',#1969,1.);
#1969 = DIRECTION('',(0.,-1.));
#1970 = ( GEOMETRIC_REPRESENTATION_CONTEXT(2) 
PARAMETRIC_REPRESENTATION_CONTEXT() REPRESENTATION_CONTEXT('2D SPACE',''
  ) );
#1971 = ORIENTED_EDGE('',*,*,#1853,.F.);
#1972 = ORIENTED_EDGE('',*,*,#163,.T.);
#1973 = ORIENTED_EDGE('',*,*,#1902,.T.);
#1974 = ORIENTED_EDGE('',*,*,#1975,.T.);
#1975 = EDGE_CURVE('',#1903,#1976,#1978,.T.);
#1976 = VERTEX_POINT('',#1977);
#1977 = CARTESIAN_POINT('',(550.,-194.,180.));
#1978 = SURFACE_CURVE('',#1979,(#1983,#1990),.PCURVE_S1.);
#1979 = LINE('',#1980,#1981);
#1980 = CARTESIAN_POINT('',(550.,-260.,180.));
#1981 = VECTOR('',#1982,1.);
#1982 = DIRECTION('',(0.,1.,0.));
#1983 = PCURVE('',#179,#1984);
#1984 = DEFINITIONAL_REPRESENTATION('',(#1985),#1989);
#1985 = LINE('',#1986,#1987);
#1986 = CARTESIAN_POINT('',(1.1E+03,0.));
#1987 = VECTOR('',#1988,1.);
#1988 = DIRECTION('',(0.,1.));
#1989 = ( GEOMETRIC_REPRESENTATION_CONTEXT(2) 
PARAMETRIC_REPRESENTATION_CONTEXT() REPRESENTATION_CONTEXT('2D SPACE',''
  ) );
#1990 = PCURVE('',#1574,#1991);
#1991 = DEFINITIONAL_REPRESENTATION('',(#1992),#1996);
#1992 = LINE('',#1993,#1994);
#1993 = CARTESIAN_POINT('',(180.,0.));
#1994 = VECTOR('',#1995,1.);
#1995 = DIRECTION('',(0.,-1.));
#1996 = ( GEOMETRIC_REPRESENTATION_CONTEXT(2) 
PARAMETRIC_REPRESENTATION_CONTEXT() REPRESENTATION_CONTEXT('2D SPACE',''
  ) );
#1997 = ORIENTED_EDGE('',*,*,#1998,.T.);
#1998 = EDGE_CURVE('',#1976,#1999,#2001,.T.);
#1999 = VERTEX_POINT('',#2000);
#2000 = CARTESIAN_POINT('',(546.,-190.,180.));
#2001 = SURFACE_CURVE('',#2002,(#2006,#2013),.PCURVE_S1.);
#2002 = LINE('',#2003,#2004);
#2003 = CARTESIAN_POINT('',(290.5,65.5,180.));
#2004 = VECTOR('',#2005,1.);
#2005 = DIRECTION('',(-0.707106781187,0.707106781187,0.));
#2006 = PCURVE('',#179,#2007);
#2007 = DEFINITIONAL_REPRESENTATION('',(#2008),#2012);
#2008 = LINE('',#2009,#2010);
#2009 = CARTESIAN_POINT('',(840.5,325.5));
#2010 = VECTOR('',#2011,1.);
#2011 = DIRECTION('',(-0.707106781187,0.707106781187));
#2012 = ( GEOMETRIC_REPRESENTATION_CONTEXT(2) 
PARAMETRIC_REPRESENTATION_CONTEXT() REPRESENTATION_CONTEXT('2D SPACE',''
  ) );
#2013 = PCURVE('',#1547,#2014);
#2014 = DEFINITIONAL_REPRESENTATION('',(#2015),#2019);
#2015 = LINE('',#2016,#2017);
#2016 = CARTESIAN_POINT('',(-81.,364.15999231107));
#2017 = VECTOR('',#2018,1.);
#2018 = DIRECTION('',(-0.,1.));
#2019 = ( GEOMETRIC_REPRESENTATION_CONTEXT(2) 
PARAMETRIC_REPRESENTATION_CONTEXT() REPRESENTATION_CONTEXT('2D SPACE',''
  ) );
#2020 = ORIENTED_EDGE('',*,*,#2021,.F.);
#2021 = EDGE_CURVE('',#2022,#1999,#2024,.T.);
#2022 = VERTEX_POINT('',#2023);
#2023 = CARTESIAN_POINT('',(-546.,-190.,180.));
#2024 = SURFACE_CURVE('',#2025,(#2029,#2036),.PCURVE_S1.);
#2025 = LINE('',#2026,#2027);
#2026 = CARTESIAN_POINT('',(-550.,-190.,180.));
#2027 = VECTOR('',#2028,1.);
#2028 = DIRECTION('',(1.,0.,0.));
#2029 = PCURVE('',#179,#2030);
#2030 = DEFINITIONAL_REPRESENTATION('',(#2031),#2035);
#2031 = LINE('',#2032,#2033);
#2032 = CARTESIAN_POINT('',(0.,70.));
#2033 = VECTOR('',#2034,1.);
#2034 = DIRECTION('',(1.,0.));
#2035 = ( GEOMETRIC_REPRESENTATION_CONTEXT(2) 
PARAMETRIC_REPRESENTATION_CONTEXT() REPRESENTATION_CONTEXT('2D SPACE',''
  ) );
#2036 = PCURVE('',#616,#2037);
#2037 = DEFINITIONAL_REPRESENTATION('',(#2038),#2042);
#2038 = LINE('',#2039,#2040);
#2039 = CARTESIAN_POINT('',(180.,0.));
#2040 = VECTOR('',#2041,1.);
#2041 = DIRECTION('',(0.,1.));
#2042 = ( GEOMETRIC_REPRESENTATION_CONTEXT(2) 
PARAMETRIC_REPRESENTATION_CONTEXT() REPRESENTATION_CONTEXT('2D SPACE',''
  ) );
#2043 = ORIENTED_EDGE('',*,*,#2044,.F.);
#2044 = EDGE_CURVE('',#1950,#2022,#2045,.T.);
#2045 = SURFACE_CURVE('',#2046,(#2050,#2057),.PCURVE_S1.);
#2046 = LINE('',#2047,#2048);
#2047 = CARTESIAN_POINT('',(-565.5,-209.5,180.));
#2048 = VECTOR('',#2049,1.);
#2049 = DIRECTION('',(0.707106781187,0.707106781187,-0.));
#2050 = PCURVE('',#179,#2051);
#2051 = DEFINITIONAL_REPRESENTATION('',(#2052),#2056);
#2052 = LINE('',#2053,#2054);
#2053 = CARTESIAN_POINT('',(-15.5,50.5));
#2054 = VECTOR('',#2055,1.);
#2055 = DIRECTION('',(0.707106781187,0.707106781187));
#2056 = ( GEOMETRIC_REPRESENTATION_CONTEXT(2) 
PARAMETRIC_REPRESENTATION_CONTEXT() REPRESENTATION_CONTEXT('2D SPACE',''
  ) );
#2057 = PCURVE('',#1164,#2058);
#2058 = DEFINITIONAL_REPRESENTATION('',(#2059),#2063);
#2059 = LINE('',#2060,#2061);
#2060 = CARTESIAN_POINT('',(-81.,-24.74873734152));
#2061 = VECTOR('',#2062,1.);
#2062 = DIRECTION('',(-0.,1.));
#2063 = ( GEOMETRIC_REPRESENTATION_CONTEXT(2) 
PARAMETRIC_REPRESENTATION_CONTEXT() REPRESENTATION_CONTEXT('2D SPACE',''
  ) );
#2064 = ADVANCED_FACE('',(#2065),#317,.F.);
#2065 = FACE_BOUND('',#2066,.F.);
#2066 = EDGE_LOOP('',(#2067,#2068,#2069,#2070));
#2067 = ORIENTED_EDGE('',*,*,#1075,.F.);
#2068 = ORIENTED_EDGE('',*,*,#954,.F.);
#2069 = ORIENTED_EDGE('',*,*,#299,.T.);
#2070 = ORIENTED_EDGE('',*,*,#2071,.T.);
#2071 = EDGE_CURVE('',#302,#1053,#2072,.T.);
#2072 = SURFACE_CURVE('',#2073,(#2077,#2084),.PCURVE_S1.);
#2073 = LINE('',#2074,#2075);
#2074 = CARTESIAN_POINT('',(-585.,256.,0.));
#2075 = VECTOR('',#2076,1.);
#2076 = DIRECTION('',(0.,0.,1.));
#2077 = PCURVE('',#317,#2078);
#2078 = DEFINITIONAL_REPRESENTATION('',(#2079),#2083);
#2079 = LINE('',#2080,#2081);
#2080 = CARTESIAN_POINT('',(0.,-516.));
#2081 = VECTOR('',#2082,1.);
#2082 = DIRECTION('',(1.,0.));
#2083 = ( GEOMETRIC_REPRESENTATION_CONTEXT(2) 
PARAMETRIC_REPRESENTATION_CONTEXT() REPRESENTATION_CONTEXT('2D SPACE',''
  ) );
#2084 = PCURVE('',#472,#2085);
#2085 = DEFINITIONAL_REPRESENTATION('',(#2086),#2090);
#2086 = LINE('',#2087,#2088);
#2087 = CARTESIAN_POINT('',(-0.,-2.828427124746));
#2088 = VECTOR('',#2089,1.);
#2089 = DIRECTION('',(-1.,0.));
#2090 = ( GEOMETRIC_REPRESENTATION_CONTEXT(2) 
PARAMETRIC_REPRESENTATION_CONTEXT() REPRESENTATION_CONTEXT('2D SPACE',''
  ) );
#2091 = ADVANCED_FACE('',(#2092),#472,.F.);
#2092 = FACE_BOUND('',#2093,.T.);
#2093 = EDGE_LOOP('',(#2094,#2095,#2096,#2097));
#2094 = ORIENTED_EDGE('',*,*,#458,.F.);
#2095 = ORIENTED_EDGE('',*,*,#2071,.T.);
#2096 = ORIENTED_EDGE('',*,*,#1052,.T.);
#2097 = ORIENTED_EDGE('',*,*,#2098,.F.);
#2098 = EDGE_CURVE('',#431,#1028,#2099,.T.);
#2099 = SURFACE_CURVE('',#2100,(#2104,#2111),.PCURVE_S1.);
#2100 = LINE('',#2101,#2102);
#2101 = CARTESIAN_POINT('',(-581.,260.,0.));
#2102 = VECTOR('',#2103,1.);
#2103 = DIRECTION('',(0.,0.,1.));
#2104 = PCURVE('',#472,#2105);
#2105 = DEFINITIONAL_REPRESENTATION('',(#2106),#2110);
#2106 = LINE('',#2107,#2108);
#2107 = CARTESIAN_POINT('',(-0.,2.828427124746));
#2108 = VECTOR('',#2109,1.);
#2109 = DIRECTION('',(-1.,0.));
#2110 = ( GEOMETRIC_REPRESENTATION_CONTEXT(2) 
PARAMETRIC_REPRESENTATION_CONTEXT() REPRESENTATION_CONTEXT('2D SPACE',''
  ) );
#2111 = PCURVE('',#446,#2112);
#2112 = DEFINITIONAL_REPRESENTATION('',(#2113),#2117);
#2113 = LINE('',#2114,#2115);
#2114 = CARTESIAN_POINT('',(0.,4.));
#2115 = VECTOR('',#2116,1.);
#2116 = DIRECTION('',(1.,0.));
#2117 = ( GEOMETRIC_REPRESENTATION_CONTEXT(2) 
PARAMETRIC_REPRESENTATION_CONTEXT() REPRESENTATION_CONTEXT('2D SPACE',''
  ) );
#2118 = ADVANCED_FACE('',(#2119),#446,.T.);
#2119 = FACE_BOUND('',#2120,.T.);
#2120 = EDGE_LOOP('',(#2121,#2122,#2123,#2124,#2125,#2148,#2176,#2197,
    #2198,#2199));
#2121 = ORIENTED_EDGE('',*,*,#430,.F.);
#2122 = ORIENTED_EDGE('',*,*,#2098,.T.);
#2123 = ORIENTED_EDGE('',*,*,#1027,.T.);
#2124 = ORIENTED_EDGE('',*,*,#1415,.T.);
#2125 = ORIENTED_EDGE('',*,*,#2126,.T.);
#2126 = EDGE_CURVE('',#1388,#2127,#2129,.T.);
#2127 = VERTEX_POINT('',#2128);
#2128 = CARTESIAN_POINT('',(-546.,260.,180.));
#2129 = SURFACE_CURVE('',#2130,(#2134,#2141),.PCURVE_S1.);
#2130 = LINE('',#2131,#2132);
#2131 = CARTESIAN_POINT('',(-546.,260.,99.));
#2132 = VECTOR('',#2133,1.);
#2133 = DIRECTION('',(0.,0.,1.));
#2134 = PCURVE('',#446,#2135);
#2135 = DEFINITIONAL_REPRESENTATION('',(#2136),#2140);
#2136 = LINE('',#2137,#2138);
#2137 = CARTESIAN_POINT('',(99.,39.));
#2138 = VECTOR('',#2139,1.);
#2139 = DIRECTION('',(1.,0.));
#2140 = ( GEOMETRIC_REPRESENTATION_CONTEXT(2) 
PARAMETRIC_REPRESENTATION_CONTEXT() REPRESENTATION_CONTEXT('2D SPACE',''
  ) );
#2141 = PCURVE('',#1403,#2142);
#2142 = DEFINITIONAL_REPRESENTATION('',(#2143),#2147);
#2143 = LINE('',#2144,#2145);
#2144 = CARTESIAN_POINT('',(0.,-2.828427124746));
#2145 = VECTOR('',#2146,1.);
#2146 = DIRECTION('',(1.,0.));
#2147 = ( GEOMETRIC_REPRESENTATION_CONTEXT(2) 
PARAMETRIC_REPRESENTATION_CONTEXT() REPRESENTATION_CONTEXT('2D SPACE',''
  ) );
#2148 = ORIENTED_EDGE('',*,*,#2149,.T.);
#2149 = EDGE_CURVE('',#2127,#2150,#2152,.T.);
#2150 = VERTEX_POINT('',#2151);
#2151 = CARTESIAN_POINT('',(546.,260.,180.));
#2152 = SURFACE_CURVE('',#2153,(#2157,#2164),.PCURVE_S1.);
#2153 = LINE('',#2154,#2155);
#2154 = CARTESIAN_POINT('',(-550.,260.,180.));
#2155 = VECTOR('',#2156,1.);
#2156 = DIRECTION('',(1.,0.,0.));
#2157 = PCURVE('',#446,#2158);
#2158 = DEFINITIONAL_REPRESENTATION('',(#2159),#2163);
#2159 = LINE('',#2160,#2161);
#2160 = CARTESIAN_POINT('',(180.,35.));
#2161 = VECTOR('',#2162,1.);
#2162 = DIRECTION('',(0.,1.));
#2163 = ( GEOMETRIC_REPRESENTATION_CONTEXT(2) 
PARAMETRIC_REPRESENTATION_CONTEXT() REPRESENTATION_CONTEXT('2D SPACE',''
  ) );
#2164 = PCURVE('',#2165,#2170);
#2165 = PLANE('',#2166);
#2166 = AXIS2_PLACEMENT_3D('',#2167,#2168,#2169);
#2167 = CARTESIAN_POINT('',(-550.,190.,180.));
#2168 = DIRECTION('',(0.,0.,1.));
#2169 = DIRECTION('',(1.,0.,0.));
#2170 = DEFINITIONAL_REPRESENTATION('',(#2171),#2175);
#2171 = LINE('',#2172,#2173);
#2172 = CARTESIAN_POINT('',(0.,70.));
#2173 = VECTOR('',#2174,1.);
#2174 = DIRECTION('',(1.,0.));
#2175 = ( GEOMETRIC_REPRESENTATION_CONTEXT(2) 
PARAMETRIC_REPRESENTATION_CONTEXT() REPRESENTATION_CONTEXT('2D SPACE',''
  ) );
#2176 = ORIENTED_EDGE('',*,*,#2177,.F.);
#2177 = EDGE_CURVE('',#1679,#2150,#2178,.T.);
#2178 = SURFACE_CURVE('',#2179,(#2183,#2190),.PCURVE_S1.);
#2179 = LINE('',#2180,#2181);
#2180 = CARTESIAN_POINT('',(546.,260.,99.));
#2181 = VECTOR('',#2182,1.);
#2182 = DIRECTION('',(0.,0.,1.));
#2183 = PCURVE('',#446,#2184);
#2184 = DEFINITIONAL_REPRESENTATION('',(#2185),#2189);
#2185 = LINE('',#2186,#2187);
#2186 = CARTESIAN_POINT('',(99.,1.131E+03));
#2187 = VECTOR('',#2188,1.);
#2188 = DIRECTION('',(1.,0.));
#2189 = ( GEOMETRIC_REPRESENTATION_CONTEXT(2) 
PARAMETRIC_REPRESENTATION_CONTEXT() REPRESENTATION_CONTEXT('2D SPACE',''
  ) );
#2190 = PCURVE('',#1717,#2191);
#2191 = DEFINITIONAL_REPRESENTATION('',(#2192),#2196);
#2192 = LINE('',#2193,#2194);
#2193 = CARTESIAN_POINT('',(0.,-2.828427124746));
#2194 = VECTOR('',#2195,1.);
#2195 = DIRECTION('',(1.,0.));
#2196 = ( GEOMETRIC_REPRESENTATION_CONTEXT(2) 
PARAMETRIC_REPRESENTATION_CONTEXT() REPRESENTATION_CONTEXT('2D SPACE',''
  ) );
#2197 = ORIENTED_EDGE('',*,*,#1678,.F.);
#2198 = ORIENTED_EDGE('',*,*,#1655,.T.);
#2199 = ORIENTED_EDGE('',*,*,#2200,.F.);
#2200 = EDGE_CURVE('',#403,#1633,#2201,.T.);
#2201 = SURFACE_CURVE('',#2202,(#2206,#2213),.PCURVE_S1.);
#2202 = LINE('',#2203,#2204);
#2203 = CARTESIAN_POINT('',(581.,260.,0.));
#2204 = VECTOR('',#2205,1.);
#2205 = DIRECTION('',(0.,0.,1.));
#2206 = PCURVE('',#446,#2207);
#2207 = DEFINITIONAL_REPRESENTATION('',(#2208),#2212);
#2208 = LINE('',#2209,#2210);
#2209 = CARTESIAN_POINT('',(0.,1.166E+03));
#2210 = VECTOR('',#2211,1.);
#2211 = DIRECTION('',(1.,0.));
#2212 = ( GEOMETRIC_REPRESENTATION_CONTEXT(2) 
PARAMETRIC_REPRESENTATION_CONTEXT() REPRESENTATION_CONTEXT('2D SPACE',''
  ) );
#2213 = PCURVE('',#418,#2214);
#2214 = DEFINITIONAL_REPRESENTATION('',(#2215),#2219);
#2215 = LINE('',#2216,#2217);
#2216 = CARTESIAN_POINT('',(0.,-2.828427124746));
#2217 = VECTOR('',#2218,1.);
#2218 = DIRECTION('',(1.,0.));
#2219 = ( GEOMETRIC_REPRESENTATION_CONTEXT(2) 
PARAMETRIC_REPRESENTATION_CONTEXT() REPRESENTATION_CONTEXT('2D SPACE',''
  ) );
#2220 = ADVANCED_FACE('',(#2221),#418,.T.);
#2221 = FACE_BOUND('',#2222,.T.);
#2222 = EDGE_LOOP('',(#2223,#2224,#2225,#2226));
#2223 = ORIENTED_EDGE('',*,*,#402,.F.);
#2224 = ORIENTED_EDGE('',*,*,#2200,.T.);
#2225 = ORIENTED_EDGE('',*,*,#1632,.T.);
#2226 = ORIENTED_EDGE('',*,*,#2227,.F.);
#2227 = EDGE_CURVE('',#375,#1610,#2228,.T.);
#2228 = SURFACE_CURVE('',#2229,(#2233,#2240),.PCURVE_S1.);
#2229 = LINE('',#2230,#2231);
#2230 = CARTESIAN_POINT('',(585.,256.,0.));
#2231 = VECTOR('',#2232,1.);
#2232 = DIRECTION('',(0.,0.,1.));
#2233 = PCURVE('',#418,#2234);
#2234 = DEFINITIONAL_REPRESENTATION('',(#2235),#2239);
#2235 = LINE('',#2236,#2237);
#2236 = CARTESIAN_POINT('',(0.,2.828427124746));
#2237 = VECTOR('',#2238,1.);
#2238 = DIRECTION('',(1.,0.));
#2239 = ( GEOMETRIC_REPRESENTATION_CONTEXT(2) 
PARAMETRIC_REPRESENTATION_CONTEXT() REPRESENTATION_CONTEXT('2D SPACE',''
  ) );
#2240 = PCURVE('',#390,#2241);
#2241 = DEFINITIONAL_REPRESENTATION('',(#2242),#2246);
#2242 = LINE('',#2243,#2244);
#2243 = CARTESIAN_POINT('',(0.,-516.));
#2244 = VECTOR('',#2245,1.);
#2245 = DIRECTION('',(1.,0.));
#2246 = ( GEOMETRIC_REPRESENTATION_CONTEXT(2) 
PARAMETRIC_REPRESENTATION_CONTEXT() REPRESENTATION_CONTEXT('2D SPACE',''
  ) );
#2247 = ADVANCED_FACE('',(#2248),#390,.T.);
#2248 = FACE_BOUND('',#2249,.T.);
#2249 = EDGE_LOOP('',(#2250,#2251,#2252,#2253));
#2250 = ORIENTED_EDGE('',*,*,#1609,.F.);
#2251 = ORIENTED_EDGE('',*,*,#1003,.F.);
#2252 = ORIENTED_EDGE('',*,*,#374,.T.);
#2253 = ORIENTED_EDGE('',*,*,#2227,.T.);
#2254 = ADVANCED_FACE('',(#2255),#504,.F.);
#2255 = FACE_BOUND('',#2256,.F.);
#2256 = EDGE_LOOP('',(#2257,#2258,#2279,#2280,#2281,#2304,#2327,#2348,
    #2349,#2350,#2371,#2372,#2395,#2423,#2444,#2467));
#2257 = ORIENTED_EDGE('',*,*,#712,.F.);
#2258 = ORIENTED_EDGE('',*,*,#2259,.F.);
#2259 = EDGE_CURVE('',#1267,#713,#2260,.T.);
#2260 = SURFACE_CURVE('',#2261,(#2265,#2272),.PCURVE_S1.);
#2261 = LINE('',#2262,#2263);
#2262 = CARTESIAN_POINT('',(-511.,190.,99.));
#2263 = VECTOR('',#2264,1.);
#2264 = DIRECTION('',(0.,0.,-1.));
#2265 = PCURVE('',#504,#2266);
#2266 = DEFINITIONAL_REPRESENTATION('',(#2267),#2271);
#2267 = LINE('',#2268,#2269);
#2268 = CARTESIAN_POINT('',(99.,39.));
#2269 = VECTOR('',#2270,1.);
#2270 = DIRECTION('',(-1.,0.));
#2271 = ( GEOMETRIC_REPRESENTATION_CONTEXT(2) 
PARAMETRIC_REPRESENTATION_CONTEXT() REPRESENTATION_CONTEXT('2D SPACE',''
  ) );
#2272 = PCURVE('',#914,#2273);
#2273 = DEFINITIONAL_REPRESENTATION('',(#2274),#2278);
#2274 = LINE('',#2275,#2276);
#2275 = CARTESIAN_POINT('',(-0.,-2.828427124746));
#2276 = VECTOR('',#2277,1.);
#2277 = DIRECTION('',(-1.,0.));
#2278 = ( GEOMETRIC_REPRESENTATION_CONTEXT(2) 
PARAMETRIC_REPRESENTATION_CONTEXT() REPRESENTATION_CONTEXT('2D SPACE',''
  ) );
#2279 = ORIENTED_EDGE('',*,*,#1289,.F.);
#2280 = ORIENTED_EDGE('',*,*,#1312,.F.);
#2281 = ORIENTED_EDGE('',*,*,#2282,.T.);
#2282 = EDGE_CURVE('',#1313,#2283,#2285,.T.);
#2283 = VERTEX_POINT('',#2284);
#2284 = CARTESIAN_POINT('',(-546.,190.,180.));
#2285 = SURFACE_CURVE('',#2286,(#2290,#2297),.PCURVE_S1.);
#2286 = LINE('',#2287,#2288);
#2287 = CARTESIAN_POINT('',(-546.,190.,99.));
#2288 = VECTOR('',#2289,1.);
#2289 = DIRECTION('',(0.,0.,1.));
#2290 = PCURVE('',#504,#2291);
#2291 = DEFINITIONAL_REPRESENTATION('',(#2292),#2296);
#2292 = LINE('',#2293,#2294);
#2293 = CARTESIAN_POINT('',(99.,4.));
#2294 = VECTOR('',#2295,1.);
#2295 = DIRECTION('',(1.,0.));
#2296 = ( GEOMETRIC_REPRESENTATION_CONTEXT(2) 
PARAMETRIC_REPRESENTATION_CONTEXT() REPRESENTATION_CONTEXT('2D SPACE',''
  ) );
#2297 = PCURVE('',#1349,#2298);
#2298 = DEFINITIONAL_REPRESENTATION('',(#2299),#2303);
#2299 = LINE('',#2300,#2301);
#2300 = CARTESIAN_POINT('',(0.,-2.828427124746));
#2301 = VECTOR('',#2302,1.);
#2302 = DIRECTION('',(1.,0.));
#2303 = ( GEOMETRIC_REPRESENTATION_CONTEXT(2) 
PARAMETRIC_REPRESENTATION_CONTEXT() REPRESENTATION_CONTEXT('2D SPACE',''
  ) );
#2304 = ORIENTED_EDGE('',*,*,#2305,.T.);
#2305 = EDGE_CURVE('',#2283,#2306,#2308,.T.);
#2306 = VERTEX_POINT('',#2307);
#2307 = CARTESIAN_POINT('',(546.,190.,180.));
#2308 = SURFACE_CURVE('',#2309,(#2313,#2320),.PCURVE_S1.);
#2309 = LINE('',#2310,#2311);
#2310 = CARTESIAN_POINT('',(-550.,190.,180.));
#2311 = VECTOR('',#2312,1.);
#2312 = DIRECTION('',(1.,0.,0.));
#2313 = PCURVE('',#504,#2314);
#2314 = DEFINITIONAL_REPRESENTATION('',(#2315),#2319);
#2315 = LINE('',#2316,#2317);
#2316 = CARTESIAN_POINT('',(180.,0.));
#2317 = VECTOR('',#2318,1.);
#2318 = DIRECTION('',(0.,1.));
#2319 = ( GEOMETRIC_REPRESENTATION_CONTEXT(2) 
PARAMETRIC_REPRESENTATION_CONTEXT() REPRESENTATION_CONTEXT('2D SPACE',''
  ) );
#2320 = PCURVE('',#2165,#2321);
#2321 = DEFINITIONAL_REPRESENTATION('',(#2322),#2326);
#2322 = LINE('',#2323,#2324);
#2323 = CARTESIAN_POINT('',(0.,0.));
#2324 = VECTOR('',#2325,1.);
#2325 = DIRECTION('',(1.,0.));
#2326 = ( GEOMETRIC_REPRESENTATION_CONTEXT(2) 
PARAMETRIC_REPRESENTATION_CONTEXT() REPRESENTATION_CONTEXT('2D SPACE',''
  ) );
#2327 = ORIENTED_EDGE('',*,*,#2328,.F.);
#2328 = EDGE_CURVE('',#1756,#2306,#2329,.T.);
#2329 = SURFACE_CURVE('',#2330,(#2334,#2341),.PCURVE_S1.);
#2330 = LINE('',#2331,#2332);
#2331 = CARTESIAN_POINT('',(546.,190.,99.));
#2332 = VECTOR('',#2333,1.);
#2333 = DIRECTION('',(0.,0.,1.));
#2334 = PCURVE('',#504,#2335);
#2335 = DEFINITIONAL_REPRESENTATION('',(#2336),#2340);
#2336 = LINE('',#2337,#2338);
#2337 = CARTESIAN_POINT('',(99.,1.096E+03));
#2338 = VECTOR('',#2339,1.);
#2339 = DIRECTION('',(1.,0.));
#2340 = ( GEOMETRIC_REPRESENTATION_CONTEXT(2) 
PARAMETRIC_REPRESENTATION_CONTEXT() REPRESENTATION_CONTEXT('2D SPACE',''
  ) );
#2341 = PCURVE('',#1771,#2342);
#2342 = DEFINITIONAL_REPRESENTATION('',(#2343),#2347);
#2343 = LINE('',#2344,#2345);
#2344 = CARTESIAN_POINT('',(0.,-2.828427124746));
#2345 = VECTOR('',#2346,1.);
#2346 = DIRECTION('',(1.,0.));
#2347 = ( GEOMETRIC_REPRESENTATION_CONTEXT(2) 
PARAMETRIC_REPRESENTATION_CONTEXT() REPRESENTATION_CONTEXT('2D SPACE',''
  ) );
#2348 = ORIENTED_EDGE('',*,*,#1783,.F.);
#2349 = ORIENTED_EDGE('',*,*,#1804,.T.);
#2350 = ORIENTED_EDGE('',*,*,#2351,.T.);
#2351 = EDGE_CURVE('',#1805,#489,#2352,.T.);
#2352 = SURFACE_CURVE('',#2353,(#2357,#2364),.PCURVE_S1.);
#2353 = LINE('',#2354,#2355);
#2354 = CARTESIAN_POINT('',(511.,190.,99.));
#2355 = VECTOR('',#2356,1.);
#2356 = DIRECTION('',(0.,0.,-1.));
#2357 = PCURVE('',#504,#2358);
#2358 = DEFINITIONAL_REPRESENTATION('',(#2359),#2363);
#2359 = LINE('',#2360,#2361);
#2360 = CARTESIAN_POINT('',(99.,1.061E+03));
#2361 = VECTOR('',#2362,1.);
#2362 = DIRECTION('',(-1.,0.));
#2363 = ( GEOMETRIC_REPRESENTATION_CONTEXT(2) 
PARAMETRIC_REPRESENTATION_CONTEXT() REPRESENTATION_CONTEXT('2D SPACE',''
  ) );
#2364 = PCURVE('',#532,#2365);
#2365 = DEFINITIONAL_REPRESENTATION('',(#2366),#2370);
#2366 = LINE('',#2367,#2368);
#2367 = CARTESIAN_POINT('',(-0.,-2.828427124746));
#2368 = VECTOR('',#2369,1.);
#2369 = DIRECTION('',(-1.,0.));
#2370 = ( GEOMETRIC_REPRESENTATION_CONTEXT(2) 
PARAMETRIC_REPRESENTATION_CONTEXT() REPRESENTATION_CONTEXT('2D SPACE',''
  ) );
#2371 = ORIENTED_EDGE('',*,*,#486,.F.);
#2372 = ORIENTED_EDGE('',*,*,#2373,.F.);
#2373 = EDGE_CURVE('',#2374,#487,#2376,.T.);
#2374 = VERTEX_POINT('',#2375);
#2375 = CARTESIAN_POINT('',(39.,190.,99.));
#2376 = SURFACE_CURVE('',#2377,(#2381,#2388),.PCURVE_S1.);
#2377 = LINE('',#2378,#2379);
#2378 = CARTESIAN_POINT('',(39.,190.,99.));
#2379 = VECTOR('',#2380,1.);
#2380 = DIRECTION('',(0.,0.,-1.));
#2381 = PCURVE('',#504,#2382);
#2382 = DEFINITIONAL_REPRESENTATION('',(#2383),#2387);
#2383 = LINE('',#2384,#2385);
#2384 = CARTESIAN_POINT('',(99.,589.));
#2385 = VECTOR('',#2386,1.);
#2386 = DIRECTION('',(-1.,0.));
#2387 = ( GEOMETRIC_REPRESENTATION_CONTEXT(2) 
PARAMETRIC_REPRESENTATION_CONTEXT() REPRESENTATION_CONTEXT('2D SPACE',''
  ) );
#2388 = PCURVE('',#698,#2389);
#2389 = DEFINITIONAL_REPRESENTATION('',(#2390),#2394);
#2390 = LINE('',#2391,#2392);
#2391 = CARTESIAN_POINT('',(-0.,-2.828427124746));
#2392 = VECTOR('',#2393,1.);
#2393 = DIRECTION('',(-1.,0.));
#2394 = ( GEOMETRIC_REPRESENTATION_CONTEXT(2) 
PARAMETRIC_REPRESENTATION_CONTEXT() REPRESENTATION_CONTEXT('2D SPACE',''
  ) );
#2395 = ORIENTED_EDGE('',*,*,#2396,.F.);
#2396 = EDGE_CURVE('',#2397,#2374,#2399,.T.);
#2397 = VERTEX_POINT('',#2398);
#2398 = CARTESIAN_POINT('',(35.,190.,99.));
#2399 = SURFACE_CURVE('',#2400,(#2404,#2411),.PCURVE_S1.);
#2400 = LINE('',#2401,#2402);
#2401 = CARTESIAN_POINT('',(-292.5,190.,99.));
#2402 = VECTOR('',#2403,1.);
#2403 = DIRECTION('',(1.,0.,0.));
#2404 = PCURVE('',#504,#2405);
#2405 = DEFINITIONAL_REPRESENTATION('',(#2406),#2410);
#2406 = LINE('',#2407,#2408);
#2407 = CARTESIAN_POINT('',(99.,257.5));
#2408 = VECTOR('',#2409,1.);
#2409 = DIRECTION('',(0.,1.));
#2410 = ( GEOMETRIC_REPRESENTATION_CONTEXT(2) 
PARAMETRIC_REPRESENTATION_CONTEXT() REPRESENTATION_CONTEXT('2D SPACE',''
  ) );
#2411 = PCURVE('',#2412,#2417);
#2412 = PLANE('',#2413);
#2413 = AXIS2_PLACEMENT_3D('',#2414,#2415,#2416);
#2414 = CARTESIAN_POINT('',(-35.,-260.,99.));
#2415 = DIRECTION('',(0.,0.,1.));
#2416 = DIRECTION('',(1.,0.,0.));
#2417 = DEFINITIONAL_REPRESENTATION('',(#2418),#2422);
#2418 = LINE('',#2419,#2420);
#2419 = CARTESIAN_POINT('',(-257.5,450.));
#2420 = VECTOR('',#2421,1.);
#2421 = DIRECTION('',(1.,0.));
#2422 = ( GEOMETRIC_REPRESENTATION_CONTEXT(2) 
PARAMETRIC_REPRESENTATION_CONTEXT() REPRESENTATION_CONTEXT('2D SPACE',''
  ) );
#2423 = ORIENTED_EDGE('',*,*,#2424,.F.);
#2424 = EDGE_CURVE('',#2425,#2397,#2427,.T.);
#2425 = VERTEX_POINT('',#2426);
#2426 = CARTESIAN_POINT('',(-35.,190.,99.));
#2427 = SURFACE_CURVE('',#2428,(#2432,#2438),.PCURVE_S1.);
#2428 = LINE('',#2429,#2430);
#2429 = CARTESIAN_POINT('',(-292.5,190.,99.));
#2430 = VECTOR('',#2431,1.);
#2431 = DIRECTION('',(1.,0.,0.));
#2432 = PCURVE('',#504,#2433);
#2433 = DEFINITIONAL_REPRESENTATION('',(#2434),#2437);
#2434 = B_SPLINE_CURVE_WITH_KNOTS('',1,(#2435,#2436),.UNSPECIFIED.,.F.,
  .F.,(2,2),(257.5,327.5),.PIECEWISE_BEZIER_KNOTS.);
#2435 = CARTESIAN_POINT('',(99.,515.));
#2436 = CARTESIAN_POINT('',(99.,585.));
#2437 = ( GEOMETRIC_REPRESENTATION_CONTEXT(2) 
PARAMETRIC_REPRESENTATION_CONTEXT() REPRESENTATION_CONTEXT('2D SPACE',''
  ) );
#2438 = PCURVE('',#2412,#2439);
#2439 = DEFINITIONAL_REPRESENTATION('',(#2440),#2443);
#2440 = B_SPLINE_CURVE_WITH_KNOTS('',1,(#2441,#2442),.UNSPECIFIED.,.F.,
  .F.,(2,2),(257.5,327.5),.PIECEWISE_BEZIER_KNOTS.);
#2441 = CARTESIAN_POINT('',(0.,450.));
#2442 = CARTESIAN_POINT('',(70.,450.));
#2443 = ( GEOMETRIC_REPRESENTATION_CONTEXT(2) 
PARAMETRIC_REPRESENTATION_CONTEXT() REPRESENTATION_CONTEXT('2D SPACE',''
  ) );
#2444 = ORIENTED_EDGE('',*,*,#2445,.T.);
#2445 = EDGE_CURVE('',#2425,#2446,#2448,.T.);
#2446 = VERTEX_POINT('',#2447);
#2447 = CARTESIAN_POINT('',(-39.,190.,99.));
#2448 = SURFACE_CURVE('',#2449,(#2453,#2460),.PCURVE_S1.);
#2449 = LINE('',#2450,#2451);
#2450 = CARTESIAN_POINT('',(-292.5,190.,99.));
#2451 = VECTOR('',#2452,1.);
#2452 = DIRECTION('',(-1.,-0.,-0.));
#2453 = PCURVE('',#504,#2454);
#2454 = DEFINITIONAL_REPRESENTATION('',(#2455),#2459);
#2455 = LINE('',#2456,#2457);
#2456 = CARTESIAN_POINT('',(99.,257.5));
#2457 = VECTOR('',#2458,1.);
#2458 = DIRECTION('',(-0.,-1.));
#2459 = ( GEOMETRIC_REPRESENTATION_CONTEXT(2) 
PARAMETRIC_REPRESENTATION_CONTEXT() REPRESENTATION_CONTEXT('2D SPACE',''
  ) );
#2460 = PCURVE('',#2412,#2461);
#2461 = DEFINITIONAL_REPRESENTATION('',(#2462),#2466);
#2462 = LINE('',#2463,#2464);
#2463 = CARTESIAN_POINT('',(-257.5,450.));
#2464 = VECTOR('',#2465,1.);
#2465 = DIRECTION('',(-1.,-0.));
#2466 = ( GEOMETRIC_REPRESENTATION_CONTEXT(2) 
PARAMETRIC_REPRESENTATION_CONTEXT() REPRESENTATION_CONTEXT('2D SPACE',''
  ) );
#2467 = ORIENTED_EDGE('',*,*,#2468,.T.);
#2468 = EDGE_CURVE('',#2446,#715,#2469,.T.);
#2469 = SURFACE_CURVE('',#2470,(#2474,#2481),.PCURVE_S1.);
#2470 = LINE('',#2471,#2472);
#2471 = CARTESIAN_POINT('',(-39.,190.,99.));
#2472 = VECTOR('',#2473,1.);
#2473 = DIRECTION('',(0.,0.,-1.));
#2474 = PCURVE('',#504,#2475);
#2475 = DEFINITIONAL_REPRESENTATION('',(#2476),#2480);
#2476 = LINE('',#2477,#2478);
#2477 = CARTESIAN_POINT('',(99.,511.));
#2478 = VECTOR('',#2479,1.);
#2479 = DIRECTION('',(-1.,0.));
#2480 = ( GEOMETRIC_REPRESENTATION_CONTEXT(2) 
PARAMETRIC_REPRESENTATION_CONTEXT() REPRESENTATION_CONTEXT('2D SPACE',''
  ) );
#2481 = PCURVE('',#753,#2482);
#2482 = DEFINITIONAL_REPRESENTATION('',(#2483),#2487);
#2483 = LINE('',#2484,#2485);
#2484 = CARTESIAN_POINT('',(-0.,-2.828427124746));
#2485 = VECTOR('',#2486,1.);
#2486 = DIRECTION('',(-1.,0.));
#2487 = ( GEOMETRIC_REPRESENTATION_CONTEXT(2) 
PARAMETRIC_REPRESENTATION_CONTEXT() REPRESENTATION_CONTEXT('2D SPACE',''
  ) );
#2488 = ADVANCED_FACE('',(#2489),#698,.T.);
#2489 = FACE_BOUND('',#2490,.F.);
#2490 = EDGE_LOOP('',(#2491,#2514,#2515,#2516));
#2491 = ORIENTED_EDGE('',*,*,#2492,.F.);
#2492 = EDGE_CURVE('',#2374,#2493,#2495,.T.);
#2493 = VERTEX_POINT('',#2494);
#2494 = CARTESIAN_POINT('',(35.,186.,99.));
#2495 = SURFACE_CURVE('',#2496,(#2500,#2507),.PCURVE_S1.);
#2496 = LINE('',#2497,#2498);
#2497 = CARTESIAN_POINT('',(-93.,58.,99.));
#2498 = VECTOR('',#2499,1.);
#2499 = DIRECTION('',(-0.707106781187,-0.707106781187,0.));
#2500 = PCURVE('',#698,#2501);
#2501 = DEFINITIONAL_REPRESENTATION('',(#2502),#2506);
#2502 = LINE('',#2503,#2504);
#2503 = CARTESIAN_POINT('',(0.,183.8477631085));
#2504 = VECTOR('',#2505,1.);
#2505 = DIRECTION('',(0.,1.));
#2506 = ( GEOMETRIC_REPRESENTATION_CONTEXT(2) 
PARAMETRIC_REPRESENTATION_CONTEXT() REPRESENTATION_CONTEXT('2D SPACE',''
  ) );
#2507 = PCURVE('',#2412,#2508);
#2508 = DEFINITIONAL_REPRESENTATION('',(#2509),#2513);
#2509 = LINE('',#2510,#2511);
#2510 = CARTESIAN_POINT('',(-58.,318.));
#2511 = VECTOR('',#2512,1.);
#2512 = DIRECTION('',(-0.707106781187,-0.707106781187));
#2513 = ( GEOMETRIC_REPRESENTATION_CONTEXT(2) 
PARAMETRIC_REPRESENTATION_CONTEXT() REPRESENTATION_CONTEXT('2D SPACE',''
  ) );
#2514 = ORIENTED_EDGE('',*,*,#2373,.T.);
#2515 = ORIENTED_EDGE('',*,*,#684,.T.);
#2516 = ORIENTED_EDGE('',*,*,#2517,.F.);
#2517 = EDGE_CURVE('',#2493,#657,#2518,.T.);
#2518 = SURFACE_CURVE('',#2519,(#2523,#2530),.PCURVE_S1.);
#2519 = LINE('',#2520,#2521);
#2520 = CARTESIAN_POINT('',(35.,186.,99.));
#2521 = VECTOR('',#2522,1.);
#2522 = DIRECTION('',(0.,0.,-1.));
#2523 = PCURVE('',#698,#2524);
#2524 = DEFINITIONAL_REPRESENTATION('',(#2525),#2529);
#2525 = LINE('',#2526,#2527);
#2526 = CARTESIAN_POINT('',(-0.,2.828427124746));
#2527 = VECTOR('',#2528,1.);
#2528 = DIRECTION('',(-1.,0.));
#2529 = ( GEOMETRIC_REPRESENTATION_CONTEXT(2) 
PARAMETRIC_REPRESENTATION_CONTEXT() REPRESENTATION_CONTEXT('2D SPACE',''
  ) );
#2530 = PCURVE('',#672,#2531);
#2531 = DEFINITIONAL_REPRESENTATION('',(#2532),#2536);
#2532 = LINE('',#2533,#2534);
#2533 = CARTESIAN_POINT('',(99.,-446.));
#2534 = VECTOR('',#2535,1.);
#2535 = DIRECTION('',(-1.,0.));
#2536 = ( GEOMETRIC_REPRESENTATION_CONTEXT(2) 
PARAMETRIC_REPRESENTATION_CONTEXT() REPRESENTATION_CONTEXT('2D SPACE',''
  ) );
#2537 = ADVANCED_FACE('',(#2538),#532,.F.);
#2538 = FACE_BOUND('',#2539,.T.);
#2539 = EDGE_LOOP('',(#2540,#2541,#2542,#2543));
#2540 = ORIENTED_EDGE('',*,*,#1827,.F.);
#2541 = ORIENTED_EDGE('',*,*,#2351,.T.);
#2542 = ORIENTED_EDGE('',*,*,#516,.T.);
#2543 = ORIENTED_EDGE('',*,*,#2544,.F.);
#2544 = EDGE_CURVE('',#1442,#517,#2545,.T.);
#2545 = SURFACE_CURVE('',#2546,(#2550,#2557),.PCURVE_S1.);
#2546 = LINE('',#2547,#2548);
#2547 = CARTESIAN_POINT('',(515.,186.,99.));
#2548 = VECTOR('',#2549,1.);
#2549 = DIRECTION('',(0.,0.,-1.));
#2550 = PCURVE('',#532,#2551);
#2551 = DEFINITIONAL_REPRESENTATION('',(#2552),#2556);
#2552 = LINE('',#2553,#2554);
#2553 = CARTESIAN_POINT('',(-0.,2.828427124746));
#2554 = VECTOR('',#2555,1.);
#2555 = DIRECTION('',(-1.,0.));
#2556 = ( GEOMETRIC_REPRESENTATION_CONTEXT(2) 
PARAMETRIC_REPRESENTATION_CONTEXT() REPRESENTATION_CONTEXT('2D SPACE',''
  ) );
#2557 = PCURVE('',#560,#2558);
#2558 = DEFINITIONAL_REPRESENTATION('',(#2559),#2563);
#2559 = LINE('',#2560,#2561);
#2560 = CARTESIAN_POINT('',(99.,-446.));
#2561 = VECTOR('',#2562,1.);
#2562 = DIRECTION('',(-1.,0.));
#2563 = ( GEOMETRIC_REPRESENTATION_CONTEXT(2) 
PARAMETRIC_REPRESENTATION_CONTEXT() REPRESENTATION_CONTEXT('2D SPACE',''
  ) );
#2564 = ADVANCED_FACE('',(#2565),#672,.T.);
#2565 = FACE_BOUND('',#2566,.T.);
#2566 = EDGE_LOOP('',(#2567,#2590,#2611,#2612));
#2567 = ORIENTED_EDGE('',*,*,#2568,.F.);
#2568 = EDGE_CURVE('',#2569,#2493,#2571,.T.);
#2569 = VERTEX_POINT('',#2570);
#2570 = CARTESIAN_POINT('',(35.,-186.,99.));
#2571 = SURFACE_CURVE('',#2572,(#2576,#2583),.PCURVE_S1.);
#2572 = LINE('',#2573,#2574);
#2573 = CARTESIAN_POINT('',(35.,-260.,99.));
#2574 = VECTOR('',#2575,1.);
#2575 = DIRECTION('',(0.,1.,0.));
#2576 = PCURVE('',#672,#2577);
#2577 = DEFINITIONAL_REPRESENTATION('',(#2578),#2582);
#2578 = LINE('',#2579,#2580);
#2579 = CARTESIAN_POINT('',(99.,0.));
#2580 = VECTOR('',#2581,1.);
#2581 = DIRECTION('',(0.,-1.));
#2582 = ( GEOMETRIC_REPRESENTATION_CONTEXT(2) 
PARAMETRIC_REPRESENTATION_CONTEXT() REPRESENTATION_CONTEXT('2D SPACE',''
  ) );
#2583 = PCURVE('',#2412,#2584);
#2584 = DEFINITIONAL_REPRESENTATION('',(#2585),#2589);
#2585 = LINE('',#2586,#2587);
#2586 = CARTESIAN_POINT('',(70.,0.));
#2587 = VECTOR('',#2588,1.);
#2588 = DIRECTION('',(0.,1.));
#2589 = ( GEOMETRIC_REPRESENTATION_CONTEXT(2) 
PARAMETRIC_REPRESENTATION_CONTEXT() REPRESENTATION_CONTEXT('2D SPACE',''
  ) );
#2590 = ORIENTED_EDGE('',*,*,#2591,.T.);
#2591 = EDGE_CURVE('',#2569,#629,#2592,.T.);
#2592 = SURFACE_CURVE('',#2593,(#2597,#2604),.PCURVE_S1.);
#2593 = LINE('',#2594,#2595);
#2594 = CARTESIAN_POINT('',(35.,-186.,99.));
#2595 = VECTOR('',#2596,1.);
#2596 = DIRECTION('',(0.,0.,-1.));
#2597 = PCURVE('',#672,#2598);
#2598 = DEFINITIONAL_REPRESENTATION('',(#2599),#2603);
#2599 = LINE('',#2600,#2601);
#2600 = CARTESIAN_POINT('',(99.,-74.));
#2601 = VECTOR('',#2602,1.);
#2602 = DIRECTION('',(-1.,0.));
#2603 = ( GEOMETRIC_REPRESENTATION_CONTEXT(2) 
PARAMETRIC_REPRESENTATION_CONTEXT() REPRESENTATION_CONTEXT('2D SPACE',''
  ) );
#2604 = PCURVE('',#644,#2605);
#2605 = DEFINITIONAL_REPRESENTATION('',(#2606),#2610);
#2606 = LINE('',#2607,#2608);
#2607 = CARTESIAN_POINT('',(0.,-2.828427124746));
#2608 = VECTOR('',#2609,1.);
#2609 = DIRECTION('',(1.,0.));
#2610 = ( GEOMETRIC_REPRESENTATION_CONTEXT(2) 
PARAMETRIC_REPRESENTATION_CONTEXT() REPRESENTATION_CONTEXT('2D SPACE',''
  ) );
#2611 = ORIENTED_EDGE('',*,*,#656,.T.);
#2612 = ORIENTED_EDGE('',*,*,#2517,.F.);
#2613 = ADVANCED_FACE('',(#2614),#560,.F.);
#2614 = FACE_BOUND('',#2615,.F.);
#2615 = EDGE_LOOP('',(#2616,#2617,#2638,#2639));
#2616 = ORIENTED_EDGE('',*,*,#1439,.F.);
#2617 = ORIENTED_EDGE('',*,*,#2618,.T.);
#2618 = EDGE_CURVE('',#1440,#545,#2619,.T.);
#2619 = SURFACE_CURVE('',#2620,(#2624,#2631),.PCURVE_S1.);
#2620 = LINE('',#2621,#2622);
#2621 = CARTESIAN_POINT('',(515.,-186.,99.));
#2622 = VECTOR('',#2623,1.);
#2623 = DIRECTION('',(0.,0.,-1.));
#2624 = PCURVE('',#560,#2625);
#2625 = DEFINITIONAL_REPRESENTATION('',(#2626),#2630);
#2626 = LINE('',#2627,#2628);
#2627 = CARTESIAN_POINT('',(99.,-74.));
#2628 = VECTOR('',#2629,1.);
#2629 = DIRECTION('',(-1.,0.));
#2630 = ( GEOMETRIC_REPRESENTATION_CONTEXT(2) 
PARAMETRIC_REPRESENTATION_CONTEXT() REPRESENTATION_CONTEXT('2D SPACE',''
  ) );
#2631 = PCURVE('',#588,#2632);
#2632 = DEFINITIONAL_REPRESENTATION('',(#2633),#2637);
#2633 = LINE('',#2634,#2635);
#2634 = CARTESIAN_POINT('',(-0.,2.828427124746));
#2635 = VECTOR('',#2636,1.);
#2636 = DIRECTION('',(-1.,0.));
#2637 = ( GEOMETRIC_REPRESENTATION_CONTEXT(2) 
PARAMETRIC_REPRESENTATION_CONTEXT() REPRESENTATION_CONTEXT('2D SPACE',''
  ) );
#2638 = ORIENTED_EDGE('',*,*,#544,.T.);
#2639 = ORIENTED_EDGE('',*,*,#2544,.F.);
#2640 = ADVANCED_FACE('',(#2641),#644,.F.);
#2641 = FACE_BOUND('',#2642,.F.);
#2642 = EDGE_LOOP('',(#2643,#2666,#2667,#2668));
#2643 = ORIENTED_EDGE('',*,*,#2644,.F.);
#2644 = EDGE_CURVE('',#2569,#2645,#2647,.T.);
#2645 = VERTEX_POINT('',#2646);
#2646 = CARTESIAN_POINT('',(39.,-190.,99.));
#2647 = SURFACE_CURVE('',#2648,(#2652,#2659),.PCURVE_S1.);
#2648 = LINE('',#2649,#2650);
#2649 = CARTESIAN_POINT('',(37.,-188.,99.));
#2650 = VECTOR('',#2651,1.);
#2651 = DIRECTION('',(0.707106781187,-0.707106781187,-0.));
#2652 = PCURVE('',#644,#2653);
#2653 = DEFINITIONAL_REPRESENTATION('',(#2654),#2658);
#2654 = LINE('',#2655,#2656);
#2655 = CARTESIAN_POINT('',(0.,0.));
#2656 = VECTOR('',#2657,1.);
#2657 = DIRECTION('',(0.,1.));
#2658 = ( GEOMETRIC_REPRESENTATION_CONTEXT(2) 
PARAMETRIC_REPRESENTATION_CONTEXT() REPRESENTATION_CONTEXT('2D SPACE',''
  ) );
#2659 = PCURVE('',#2412,#2660);
#2660 = DEFINITIONAL_REPRESENTATION('',(#2661),#2665);
#2661 = LINE('',#2662,#2663);
#2662 = CARTESIAN_POINT('',(72.,72.));
#2663 = VECTOR('',#2664,1.);
#2664 = DIRECTION('',(0.707106781187,-0.707106781187));
#2665 = ( GEOMETRIC_REPRESENTATION_CONTEXT(2) 
PARAMETRIC_REPRESENTATION_CONTEXT() REPRESENTATION_CONTEXT('2D SPACE',''
  ) );
#2666 = ORIENTED_EDGE('',*,*,#2591,.T.);
#2667 = ORIENTED_EDGE('',*,*,#628,.T.);
#2668 = ORIENTED_EDGE('',*,*,#2669,.F.);
#2669 = EDGE_CURVE('',#2645,#601,#2670,.T.);
#2670 = SURFACE_CURVE('',#2671,(#2675,#2682),.PCURVE_S1.);
#2671 = LINE('',#2672,#2673);
#2672 = CARTESIAN_POINT('',(39.,-190.,99.));
#2673 = VECTOR('',#2674,1.);
#2674 = DIRECTION('',(0.,0.,-1.));
#2675 = PCURVE('',#644,#2676);
#2676 = DEFINITIONAL_REPRESENTATION('',(#2677),#2681);
#2677 = LINE('',#2678,#2679);
#2678 = CARTESIAN_POINT('',(0.,2.828427124746));
#2679 = VECTOR('',#2680,1.);
#2680 = DIRECTION('',(1.,0.));
#2681 = ( GEOMETRIC_REPRESENTATION_CONTEXT(2) 
PARAMETRIC_REPRESENTATION_CONTEXT() REPRESENTATION_CONTEXT('2D SPACE',''
  ) );
#2682 = PCURVE('',#616,#2683);
#2683 = DEFINITIONAL_REPRESENTATION('',(#2684),#2688);
#2684 = LINE('',#2685,#2686);
#2685 = CARTESIAN_POINT('',(99.,589.));
#2686 = VECTOR('',#2687,1.);
#2687 = DIRECTION('',(-1.,0.));
#2688 = ( GEOMETRIC_REPRESENTATION_CONTEXT(2) 
PARAMETRIC_REPRESENTATION_CONTEXT() REPRESENTATION_CONTEXT('2D SPACE',''
  ) );
#2689 = ADVANCED_FACE('',(#2690),#588,.T.);
#2690 = FACE_BOUND('',#2691,.F.);
#2691 = EDGE_LOOP('',(#2692,#2693,#2714,#2715));
#2692 = ORIENTED_EDGE('',*,*,#1464,.F.);
#2693 = ORIENTED_EDGE('',*,*,#2694,.T.);
#2694 = EDGE_CURVE('',#1465,#573,#2695,.T.);
#2695 = SURFACE_CURVE('',#2696,(#2700,#2707),.PCURVE_S1.);
#2696 = LINE('',#2697,#2698);
#2697 = CARTESIAN_POINT('',(511.,-190.,99.));
#2698 = VECTOR('',#2699,1.);
#2699 = DIRECTION('',(0.,0.,-1.));
#2700 = PCURVE('',#588,#2701);
#2701 = DEFINITIONAL_REPRESENTATION('',(#2702),#2706);
#2702 = LINE('',#2703,#2704);
#2703 = CARTESIAN_POINT('',(-0.,-2.828427124746));
#2704 = VECTOR('',#2705,1.);
#2705 = DIRECTION('',(-1.,0.));
#2706 = ( GEOMETRIC_REPRESENTATION_CONTEXT(2) 
PARAMETRIC_REPRESENTATION_CONTEXT() REPRESENTATION_CONTEXT('2D SPACE',''
  ) );
#2707 = PCURVE('',#616,#2708);
#2708 = DEFINITIONAL_REPRESENTATION('',(#2709),#2713);
#2709 = LINE('',#2710,#2711);
#2710 = CARTESIAN_POINT('',(99.,1.061E+03));
#2711 = VECTOR('',#2712,1.);
#2712 = DIRECTION('',(-1.,0.));
#2713 = ( GEOMETRIC_REPRESENTATION_CONTEXT(2) 
PARAMETRIC_REPRESENTATION_CONTEXT() REPRESENTATION_CONTEXT('2D SPACE',''
  ) );
#2714 = ORIENTED_EDGE('',*,*,#572,.T.);
#2715 = ORIENTED_EDGE('',*,*,#2618,.F.);
#2716 = ADVANCED_FACE('',(#2717),#616,.T.);
#2717 = FACE_BOUND('',#2718,.T.);
#2718 = EDGE_LOOP('',(#2719,#2720,#2741,#2742,#2743,#2764,#2765,#2786,
    #2787,#2788,#2789,#2790,#2791,#2814,#2835,#2858));
#2719 = ORIENTED_EDGE('',*,*,#821,.F.);
#2720 = ORIENTED_EDGE('',*,*,#2721,.F.);
#2721 = EDGE_CURVE('',#1198,#822,#2722,.T.);
#2722 = SURFACE_CURVE('',#2723,(#2727,#2734),.PCURVE_S1.);
#2723 = LINE('',#2724,#2725);
#2724 = CARTESIAN_POINT('',(-511.,-190.,99.));
#2725 = VECTOR('',#2726,1.);
#2726 = DIRECTION('',(0.,0.,-1.));
#2727 = PCURVE('',#616,#2728);
#2728 = DEFINITIONAL_REPRESENTATION('',(#2729),#2733);
#2729 = LINE('',#2730,#2731);
#2730 = CARTESIAN_POINT('',(99.,39.));
#2731 = VECTOR('',#2732,1.);
#2732 = DIRECTION('',(-1.,0.));
#2733 = ( GEOMETRIC_REPRESENTATION_CONTEXT(2) 
PARAMETRIC_REPRESENTATION_CONTEXT() REPRESENTATION_CONTEXT('2D SPACE',''
  ) );
#2734 = PCURVE('',#860,#2735);
#2735 = DEFINITIONAL_REPRESENTATION('',(#2736),#2740);
#2736 = LINE('',#2737,#2738);
#2737 = CARTESIAN_POINT('',(-0.,-2.828427124746));
#2738 = VECTOR('',#2739,1.);
#2739 = DIRECTION('',(-1.,0.));
#2740 = ( GEOMETRIC_REPRESENTATION_CONTEXT(2) 
PARAMETRIC_REPRESENTATION_CONTEXT() REPRESENTATION_CONTEXT('2D SPACE',''
  ) );
#2741 = ORIENTED_EDGE('',*,*,#1197,.F.);
#2742 = ORIENTED_EDGE('',*,*,#1176,.F.);
#2743 = ORIENTED_EDGE('',*,*,#2744,.T.);
#2744 = EDGE_CURVE('',#1149,#2022,#2745,.T.);
#2745 = SURFACE_CURVE('',#2746,(#2750,#2757),.PCURVE_S1.);
#2746 = LINE('',#2747,#2748);
#2747 = CARTESIAN_POINT('',(-546.,-190.,99.));
#2748 = VECTOR('',#2749,1.);
#2749 = DIRECTION('',(0.,0.,1.));
#2750 = PCURVE('',#616,#2751);
#2751 = DEFINITIONAL_REPRESENTATION('',(#2752),#2756);
#2752 = LINE('',#2753,#2754);
#2753 = CARTESIAN_POINT('',(99.,4.));
#2754 = VECTOR('',#2755,1.);
#2755 = DIRECTION('',(1.,0.));
#2756 = ( GEOMETRIC_REPRESENTATION_CONTEXT(2) 
PARAMETRIC_REPRESENTATION_CONTEXT() REPRESENTATION_CONTEXT('2D SPACE',''
  ) );
#2757 = PCURVE('',#1164,#2758);
#2758 = DEFINITIONAL_REPRESENTATION('',(#2759),#2763);
#2759 = LINE('',#2760,#2761);
#2760 = CARTESIAN_POINT('',(-0.,2.828427124746));
#2761 = VECTOR('',#2762,1.);
#2762 = DIRECTION('',(-1.,0.));
#2763 = ( GEOMETRIC_REPRESENTATION_CONTEXT(2) 
PARAMETRIC_REPRESENTATION_CONTEXT() REPRESENTATION_CONTEXT('2D SPACE',''
  ) );
#2764 = ORIENTED_EDGE('',*,*,#2021,.T.);
#2765 = ORIENTED_EDGE('',*,*,#2766,.F.);
#2766 = EDGE_CURVE('',#1511,#1999,#2767,.T.);
#2767 = SURFACE_CURVE('',#2768,(#2772,#2779),.PCURVE_S1.);
#2768 = LINE('',#2769,#2770);
#2769 = CARTESIAN_POINT('',(546.,-190.,99.));
#2770 = VECTOR('',#2771,1.);
#2771 = DIRECTION('',(0.,0.,1.));
#2772 = PCURVE('',#616,#2773);
#2773 = DEFINITIONAL_REPRESENTATION('',(#2774),#2778);
#2774 = LINE('',#2775,#2776);
#2775 = CARTESIAN_POINT('',(99.,1.096E+03));
#2776 = VECTOR('',#2777,1.);
#2777 = DIRECTION('',(1.,0.));
#2778 = ( GEOMETRIC_REPRESENTATION_CONTEXT(2) 
PARAMETRIC_REPRESENTATION_CONTEXT() REPRESENTATION_CONTEXT('2D SPACE',''
  ) );
#2779 = PCURVE('',#1547,#2780);
#2780 = DEFINITIONAL_REPRESENTATION('',(#2781),#2785);
#2781 = LINE('',#2782,#2783);
#2782 = CARTESIAN_POINT('',(-0.,2.828427124746));
#2783 = VECTOR('',#2784,1.);
#2784 = DIRECTION('',(-1.,0.));
#2785 = ( GEOMETRIC_REPRESENTATION_CONTEXT(2) 
PARAMETRIC_REPRESENTATION_CONTEXT() REPRESENTATION_CONTEXT('2D SPACE',''
  ) );
#2786 = ORIENTED_EDGE('',*,*,#1510,.F.);
#2787 = ORIENTED_EDGE('',*,*,#1487,.T.);
#2788 = ORIENTED_EDGE('',*,*,#2694,.T.);
#2789 = ORIENTED_EDGE('',*,*,#600,.F.);
#2790 = ORIENTED_EDGE('',*,*,#2669,.F.);
#2791 = ORIENTED_EDGE('',*,*,#2792,.F.);
#2792 = EDGE_CURVE('',#2793,#2645,#2795,.T.);
#2793 = VERTEX_POINT('',#2794);
#2794 = CARTESIAN_POINT('',(35.,-190.,99.));
#2795 = SURFACE_CURVE('',#2796,(#2800,#2807),.PCURVE_S1.);
#2796 = LINE('',#2797,#2798);
#2797 = CARTESIAN_POINT('',(-292.5,-190.,99.));
#2798 = VECTOR('',#2799,1.);
#2799 = DIRECTION('',(1.,0.,0.));
#2800 = PCURVE('',#616,#2801);
#2801 = DEFINITIONAL_REPRESENTATION('',(#2802),#2806);
#2802 = LINE('',#2803,#2804);
#2803 = CARTESIAN_POINT('',(99.,257.5));
#2804 = VECTOR('',#2805,1.);
#2805 = DIRECTION('',(0.,1.));
#2806 = ( GEOMETRIC_REPRESENTATION_CONTEXT(2) 
PARAMETRIC_REPRESENTATION_CONTEXT() REPRESENTATION_CONTEXT('2D SPACE',''
  ) );
#2807 = PCURVE('',#2412,#2808);
#2808 = DEFINITIONAL_REPRESENTATION('',(#2809),#2813);
#2809 = LINE('',#2810,#2811);
#2810 = CARTESIAN_POINT('',(-257.5,70.));
#2811 = VECTOR('',#2812,1.);
#2812 = DIRECTION('',(1.,0.));
#2813 = ( GEOMETRIC_REPRESENTATION_CONTEXT(2) 
PARAMETRIC_REPRESENTATION_CONTEXT() REPRESENTATION_CONTEXT('2D SPACE',''
  ) );
#2814 = ORIENTED_EDGE('',*,*,#2815,.F.);
#2815 = EDGE_CURVE('',#2816,#2793,#2818,.T.);
#2816 = VERTEX_POINT('',#2817);
#2817 = CARTESIAN_POINT('',(-35.,-190.,99.));
#2818 = SURFACE_CURVE('',#2819,(#2823,#2829),.PCURVE_S1.);
#2819 = LINE('',#2820,#2821);
#2820 = CARTESIAN_POINT('',(-292.5,-190.,99.));
#2821 = VECTOR('',#2822,1.);
#2822 = DIRECTION('',(1.,0.,0.));
#2823 = PCURVE('',#616,#2824);
#2824 = DEFINITIONAL_REPRESENTATION('',(#2825),#2828);
#2825 = B_SPLINE_CURVE_WITH_KNOTS('',1,(#2826,#2827),.UNSPECIFIED.,.F.,
  .F.,(2,2),(257.5,327.5),.PIECEWISE_BEZIER_KNOTS.);
#2826 = CARTESIAN_POINT('',(99.,515.));
#2827 = CARTESIAN_POINT('',(99.,585.));
#2828 = ( GEOMETRIC_REPRESENTATION_CONTEXT(2) 
PARAMETRIC_REPRESENTATION_CONTEXT() REPRESENTATION_CONTEXT('2D SPACE',''
  ) );
#2829 = PCURVE('',#2412,#2830);
#2830 = DEFINITIONAL_REPRESENTATION('',(#2831),#2834);
#2831 = B_SPLINE_CURVE_WITH_KNOTS('',1,(#2832,#2833),.UNSPECIFIED.,.F.,
  .F.,(2,2),(257.5,327.5),.PIECEWISE_BEZIER_KNOTS.);
#2832 = CARTESIAN_POINT('',(0.,70.));
#2833 = CARTESIAN_POINT('',(70.,70.));
#2834 = ( GEOMETRIC_REPRESENTATION_CONTEXT(2) 
PARAMETRIC_REPRESENTATION_CONTEXT() REPRESENTATION_CONTEXT('2D SPACE',''
  ) );
#2835 = ORIENTED_EDGE('',*,*,#2836,.T.);
#2836 = EDGE_CURVE('',#2816,#2837,#2839,.T.);
#2837 = VERTEX_POINT('',#2838);
#2838 = CARTESIAN_POINT('',(-39.,-190.,99.));
#2839 = SURFACE_CURVE('',#2840,(#2844,#2851),.PCURVE_S1.);
#2840 = LINE('',#2841,#2842);
#2841 = CARTESIAN_POINT('',(-292.5,-190.,99.));
#2842 = VECTOR('',#2843,1.);
#2843 = DIRECTION('',(-1.,-0.,-0.));
#2844 = PCURVE('',#616,#2845);
#2845 = DEFINITIONAL_REPRESENTATION('',(#2846),#2850);
#2846 = LINE('',#2847,#2848);
#2847 = CARTESIAN_POINT('',(99.,257.5));
#2848 = VECTOR('',#2849,1.);
#2849 = DIRECTION('',(-0.,-1.));
#2850 = ( GEOMETRIC_REPRESENTATION_CONTEXT(2) 
PARAMETRIC_REPRESENTATION_CONTEXT() REPRESENTATION_CONTEXT('2D SPACE',''
  ) );
#2851 = PCURVE('',#2412,#2852);
#2852 = DEFINITIONAL_REPRESENTATION('',(#2853),#2857);
#2853 = LINE('',#2854,#2855);
#2854 = CARTESIAN_POINT('',(-257.5,70.));
#2855 = VECTOR('',#2856,1.);
#2856 = DIRECTION('',(-1.,-0.));
#2857 = ( GEOMETRIC_REPRESENTATION_CONTEXT(2) 
PARAMETRIC_REPRESENTATION_CONTEXT() REPRESENTATION_CONTEXT('2D SPACE',''
  ) );
#2858 = ORIENTED_EDGE('',*,*,#2859,.T.);
#2859 = EDGE_CURVE('',#2837,#794,#2860,.T.);
#2860 = SURFACE_CURVE('',#2861,(#2865,#2872),.PCURVE_S1.);
#2861 = LINE('',#2862,#2863);
#2862 = CARTESIAN_POINT('',(-39.,-190.,99.));
#2863 = VECTOR('',#2864,1.);
#2864 = DIRECTION('',(0.,0.,-1.));
#2865 = PCURVE('',#616,#2866);
#2866 = DEFINITIONAL_REPRESENTATION('',(#2867),#2871);
#2867 = LINE('',#2868,#2869);
#2868 = CARTESIAN_POINT('',(99.,511.));
#2869 = VECTOR('',#2870,1.);
#2870 = DIRECTION('',(-1.,0.));
#2871 = ( GEOMETRIC_REPRESENTATION_CONTEXT(2) 
PARAMETRIC_REPRESENTATION_CONTEXT() REPRESENTATION_CONTEXT('2D SPACE',''
  ) );
#2872 = PCURVE('',#809,#2873);
#2873 = DEFINITIONAL_REPRESENTATION('',(#2874),#2878);
#2874 = LINE('',#2875,#2876);
#2875 = CARTESIAN_POINT('',(-0.,-2.828427124746));
#2876 = VECTOR('',#2877,1.);
#2877 = DIRECTION('',(-1.,0.));
#2878 = ( GEOMETRIC_REPRESENTATION_CONTEXT(2) 
PARAMETRIC_REPRESENTATION_CONTEXT() REPRESENTATION_CONTEXT('2D SPACE',''
  ) );
#2879 = ADVANCED_FACE('',(#2880),#914,.T.);
#2880 = FACE_BOUND('',#2881,.F.);
#2881 = EDGE_LOOP('',(#2882,#2883,#2884,#2885));
#2882 = ORIENTED_EDGE('',*,*,#1266,.F.);
#2883 = ORIENTED_EDGE('',*,*,#2259,.T.);
#2884 = ORIENTED_EDGE('',*,*,#900,.T.);
#2885 = ORIENTED_EDGE('',*,*,#2886,.F.);
#2886 = EDGE_CURVE('',#1244,#873,#2887,.T.);
#2887 = SURFACE_CURVE('',#2888,(#2892,#2899),.PCURVE_S1.);
#2888 = LINE('',#2889,#2890);
#2889 = CARTESIAN_POINT('',(-515.,186.,99.));
#2890 = VECTOR('',#2891,1.);
#2891 = DIRECTION('',(0.,0.,-1.));
#2892 = PCURVE('',#914,#2893);
#2893 = DEFINITIONAL_REPRESENTATION('',(#2894),#2898);
#2894 = LINE('',#2895,#2896);
#2895 = CARTESIAN_POINT('',(-0.,2.828427124746));
#2896 = VECTOR('',#2897,1.);
#2897 = DIRECTION('',(-1.,0.));
#2898 = ( GEOMETRIC_REPRESENTATION_CONTEXT(2) 
PARAMETRIC_REPRESENTATION_CONTEXT() REPRESENTATION_CONTEXT('2D SPACE',''
  ) );
#2899 = PCURVE('',#888,#2900);
#2900 = DEFINITIONAL_REPRESENTATION('',(#2901),#2905);
#2901 = LINE('',#2902,#2903);
#2902 = CARTESIAN_POINT('',(99.,-446.));
#2903 = VECTOR('',#2904,1.);
#2904 = DIRECTION('',(-1.,0.));
#2905 = ( GEOMETRIC_REPRESENTATION_CONTEXT(2) 
PARAMETRIC_REPRESENTATION_CONTEXT() REPRESENTATION_CONTEXT('2D SPACE',''
  ) );
#2906 = ADVANCED_FACE('',(#2907),#753,.F.);
#2907 = FACE_BOUND('',#2908,.T.);
#2908 = EDGE_LOOP('',(#2909,#2932,#2933,#2934));
#2909 = ORIENTED_EDGE('',*,*,#2910,.F.);
#2910 = EDGE_CURVE('',#2446,#2911,#2913,.T.);
#2911 = VERTEX_POINT('',#2912);
#2912 = CARTESIAN_POINT('',(-35.,186.,99.));
#2913 = SURFACE_CURVE('',#2914,(#2918,#2925),.PCURVE_S1.);
#2914 = LINE('',#2915,#2916);
#2915 = CARTESIAN_POINT('',(75.5,75.5,99.));
#2916 = VECTOR('',#2917,1.);
#2917 = DIRECTION('',(0.707106781187,-0.707106781187,-0.));
#2918 = PCURVE('',#753,#2919);
#2919 = DEFINITIONAL_REPRESENTATION('',(#2920),#2924);
#2920 = LINE('',#2921,#2922);
#2921 = CARTESIAN_POINT('',(-0.,159.09902576697));
#2922 = VECTOR('',#2923,1.);
#2923 = DIRECTION('',(-0.,1.));
#2924 = ( GEOMETRIC_REPRESENTATION_CONTEXT(2) 
PARAMETRIC_REPRESENTATION_CONTEXT() REPRESENTATION_CONTEXT('2D SPACE',''
  ) );
#2925 = PCURVE('',#2412,#2926);
#2926 = DEFINITIONAL_REPRESENTATION('',(#2927),#2931);
#2927 = LINE('',#2928,#2929);
#2928 = CARTESIAN_POINT('',(110.5,335.5));
#2929 = VECTOR('',#2930,1.);
#2930 = DIRECTION('',(0.707106781187,-0.707106781187));
#2931 = ( GEOMETRIC_REPRESENTATION_CONTEXT(2) 
PARAMETRIC_REPRESENTATION_CONTEXT() REPRESENTATION_CONTEXT('2D SPACE',''
  ) );
#2932 = ORIENTED_EDGE('',*,*,#2468,.T.);
#2933 = ORIENTED_EDGE('',*,*,#737,.T.);
#2934 = ORIENTED_EDGE('',*,*,#2935,.F.);
#2935 = EDGE_CURVE('',#2911,#738,#2936,.T.);
#2936 = SURFACE_CURVE('',#2937,(#2941,#2948),.PCURVE_S1.);
#2937 = LINE('',#2938,#2939);
#2938 = CARTESIAN_POINT('',(-35.,186.,99.));
#2939 = VECTOR('',#2940,1.);
#2940 = DIRECTION('',(0.,0.,-1.));
#2941 = PCURVE('',#753,#2942);
#2942 = DEFINITIONAL_REPRESENTATION('',(#2943),#2947);
#2943 = LINE('',#2944,#2945);
#2944 = CARTESIAN_POINT('',(-0.,2.828427124746));
#2945 = VECTOR('',#2946,1.);
#2946 = DIRECTION('',(-1.,0.));
#2947 = ( GEOMETRIC_REPRESENTATION_CONTEXT(2) 
PARAMETRIC_REPRESENTATION_CONTEXT() REPRESENTATION_CONTEXT('2D SPACE',''
  ) );
#2948 = PCURVE('',#781,#2949);
#2949 = DEFINITIONAL_REPRESENTATION('',(#2950),#2954);
#2950 = LINE('',#2951,#2952);
#2951 = CARTESIAN_POINT('',(99.,-446.));
#2952 = VECTOR('',#2953,1.);
#2953 = DIRECTION('',(-1.,0.));
#2954 = ( GEOMETRIC_REPRESENTATION_CONTEXT(2) 
PARAMETRIC_REPRESENTATION_CONTEXT() REPRESENTATION_CONTEXT('2D SPACE',''
  ) );
#2955 = ADVANCED_FACE('',(#2956),#888,.T.);
#2956 = FACE_BOUND('',#2957,.T.);
#2957 = EDGE_LOOP('',(#2958,#2959,#2980,#2981));
#2958 = ORIENTED_EDGE('',*,*,#1243,.F.);
#2959 = ORIENTED_EDGE('',*,*,#2960,.T.);
#2960 = EDGE_CURVE('',#1221,#845,#2961,.T.);
#2961 = SURFACE_CURVE('',#2962,(#2966,#2973),.PCURVE_S1.);
#2962 = LINE('',#2963,#2964);
#2963 = CARTESIAN_POINT('',(-515.,-186.,99.));
#2964 = VECTOR('',#2965,1.);
#2965 = DIRECTION('',(0.,0.,-1.));
#2966 = PCURVE('',#888,#2967);
#2967 = DEFINITIONAL_REPRESENTATION('',(#2968),#2972);
#2968 = LINE('',#2969,#2970);
#2969 = CARTESIAN_POINT('',(99.,-74.));
#2970 = VECTOR('',#2971,1.);
#2971 = DIRECTION('',(-1.,0.));
#2972 = ( GEOMETRIC_REPRESENTATION_CONTEXT(2) 
PARAMETRIC_REPRESENTATION_CONTEXT() REPRESENTATION_CONTEXT('2D SPACE',''
  ) );
#2973 = PCURVE('',#860,#2974);
#2974 = DEFINITIONAL_REPRESENTATION('',(#2975),#2979);
#2975 = LINE('',#2976,#2977);
#2976 = CARTESIAN_POINT('',(-0.,2.828427124746));
#2977 = VECTOR('',#2978,1.);
#2978 = DIRECTION('',(-1.,0.));
#2979 = ( GEOMETRIC_REPRESENTATION_CONTEXT(2) 
PARAMETRIC_REPRESENTATION_CONTEXT() REPRESENTATION_CONTEXT('2D SPACE',''
  ) );
#2980 = ORIENTED_EDGE('',*,*,#872,.T.);
#2981 = ORIENTED_EDGE('',*,*,#2886,.F.);
#2982 = ADVANCED_FACE('',(#2983),#781,.F.);
#2983 = FACE_BOUND('',#2984,.F.);
#2984 = EDGE_LOOP('',(#2985,#3008,#3029,#3030));
#2985 = ORIENTED_EDGE('',*,*,#2986,.F.);
#2986 = EDGE_CURVE('',#2987,#2911,#2989,.T.);
#2987 = VERTEX_POINT('',#2988);
#2988 = CARTESIAN_POINT('',(-35.,-186.,99.));
#2989 = SURFACE_CURVE('',#2990,(#2994,#3001),.PCURVE_S1.);
#2990 = LINE('',#2991,#2992);
#2991 = CARTESIAN_POINT('',(-35.,-260.,99.));
#2992 = VECTOR('',#2993,1.);
#2993 = DIRECTION('',(0.,1.,0.));
#2994 = PCURVE('',#781,#2995);
#2995 = DEFINITIONAL_REPRESENTATION('',(#2996),#3000);
#2996 = LINE('',#2997,#2998);
#2997 = CARTESIAN_POINT('',(99.,0.));
#2998 = VECTOR('',#2999,1.);
#2999 = DIRECTION('',(0.,-1.));
#3000 = ( GEOMETRIC_REPRESENTATION_CONTEXT(2) 
PARAMETRIC_REPRESENTATION_CONTEXT() REPRESENTATION_CONTEXT('2D SPACE',''
  ) );
#3001 = PCURVE('',#2412,#3002);
#3002 = DEFINITIONAL_REPRESENTATION('',(#3003),#3007);
#3003 = LINE('',#3004,#3005);
#3004 = CARTESIAN_POINT('',(0.,0.));
#3005 = VECTOR('',#3006,1.);
#3006 = DIRECTION('',(0.,1.));
#3007 = ( GEOMETRIC_REPRESENTATION_CONTEXT(2) 
PARAMETRIC_REPRESENTATION_CONTEXT() REPRESENTATION_CONTEXT('2D SPACE',''
  ) );
#3008 = ORIENTED_EDGE('',*,*,#3009,.T.);
#3009 = EDGE_CURVE('',#2987,#766,#3010,.T.);
#3010 = SURFACE_CURVE('',#3011,(#3015,#3022),.PCURVE_S1.);
#3011 = LINE('',#3012,#3013);
#3012 = CARTESIAN_POINT('',(-35.,-186.,99.));
#3013 = VECTOR('',#3014,1.);
#3014 = DIRECTION('',(0.,0.,-1.));
#3015 = PCURVE('',#781,#3016);
#3016 = DEFINITIONAL_REPRESENTATION('',(#3017),#3021);
#3017 = LINE('',#3018,#3019);
#3018 = CARTESIAN_POINT('',(99.,-74.));
#3019 = VECTOR('',#3020,1.);
#3020 = DIRECTION('',(-1.,0.));
#3021 = ( GEOMETRIC_REPRESENTATION_CONTEXT(2) 
PARAMETRIC_REPRESENTATION_CONTEXT() REPRESENTATION_CONTEXT('2D SPACE',''
  ) );
#3022 = PCURVE('',#809,#3023);
#3023 = DEFINITIONAL_REPRESENTATION('',(#3024),#3028);
#3024 = LINE('',#3025,#3026);
#3025 = CARTESIAN_POINT('',(-0.,2.828427124746));
#3026 = VECTOR('',#3027,1.);
#3027 = DIRECTION('',(-1.,0.));
#3028 = ( GEOMETRIC_REPRESENTATION_CONTEXT(2) 
PARAMETRIC_REPRESENTATION_CONTEXT() REPRESENTATION_CONTEXT('2D SPACE',''
  ) );
#3029 = ORIENTED_EDGE('',*,*,#765,.T.);
#3030 = ORIENTED_EDGE('',*,*,#2935,.F.);
#3031 = ADVANCED_FACE('',(#3032),#860,.F.);
#3032 = FACE_BOUND('',#3033,.T.);
#3033 = EDGE_LOOP('',(#3034,#3035,#3036,#3037));
#3034 = ORIENTED_EDGE('',*,*,#1220,.F.);
#3035 = ORIENTED_EDGE('',*,*,#2721,.T.);
#3036 = ORIENTED_EDGE('',*,*,#844,.T.);
#3037 = ORIENTED_EDGE('',*,*,#2960,.F.);
#3038 = ADVANCED_FACE('',(#3039),#809,.T.);
#3039 = FACE_BOUND('',#3040,.F.);
#3040 = EDGE_LOOP('',(#3041,#3062,#3063,#3064));
#3041 = ORIENTED_EDGE('',*,*,#3042,.F.);
#3042 = EDGE_CURVE('',#2837,#2987,#3043,.T.);
#3043 = SURFACE_CURVE('',#3044,(#3048,#3055),.PCURVE_S1.);
#3044 = LINE('',#3045,#3046);
#3045 = CARTESIAN_POINT('',(-54.5,-205.5,99.));
#3046 = VECTOR('',#3047,1.);
#3047 = DIRECTION('',(0.707106781187,0.707106781187,-0.));
#3048 = PCURVE('',#809,#3049);
#3049 = DEFINITIONAL_REPRESENTATION('',(#3050),#3054);
#3050 = LINE('',#3051,#3052);
#3051 = CARTESIAN_POINT('',(-0.,-24.74873734152));
#3052 = VECTOR('',#3053,1.);
#3053 = DIRECTION('',(-0.,1.));
#3054 = ( GEOMETRIC_REPRESENTATION_CONTEXT(2) 
PARAMETRIC_REPRESENTATION_CONTEXT() REPRESENTATION_CONTEXT('2D SPACE',''
  ) );
#3055 = PCURVE('',#2412,#3056);
#3056 = DEFINITIONAL_REPRESENTATION('',(#3057),#3061);
#3057 = LINE('',#3058,#3059);
#3058 = CARTESIAN_POINT('',(-19.5,54.5));
#3059 = VECTOR('',#3060,1.);
#3060 = DIRECTION('',(0.707106781187,0.707106781187));
#3061 = ( GEOMETRIC_REPRESENTATION_CONTEXT(2) 
PARAMETRIC_REPRESENTATION_CONTEXT() REPRESENTATION_CONTEXT('2D SPACE',''
  ) );
#3062 = ORIENTED_EDGE('',*,*,#2859,.T.);
#3063 = ORIENTED_EDGE('',*,*,#793,.T.);
#3064 = ORIENTED_EDGE('',*,*,#3009,.F.);
#3065 = ADVANCED_FACE('',(#3066),#1403,.F.);
#3066 = FACE_BOUND('',#3067,.F.);
#3067 = EDGE_LOOP('',(#3068,#3069,#3070,#3093));
#3068 = ORIENTED_EDGE('',*,*,#1387,.F.);
#3069 = ORIENTED_EDGE('',*,*,#2126,.T.);
#3070 = ORIENTED_EDGE('',*,*,#3071,.T.);
#3071 = EDGE_CURVE('',#2127,#3072,#3074,.T.);
#3072 = VERTEX_POINT('',#3073);
#3073 = CARTESIAN_POINT('',(-550.,256.,180.));
#3074 = SURFACE_CURVE('',#3075,(#3079,#3086),.PCURVE_S1.);
#3075 = LINE('',#3076,#3077);
#3076 = CARTESIAN_POINT('',(-565.5,240.5,180.));
#3077 = VECTOR('',#3078,1.);
#3078 = DIRECTION('',(-0.707106781187,-0.707106781187,0.));
#3079 = PCURVE('',#1403,#3080);
#3080 = DEFINITIONAL_REPRESENTATION('',(#3081),#3085);
#3081 = LINE('',#3082,#3083);
#3082 = CARTESIAN_POINT('',(81.,24.748737341529));
#3083 = VECTOR('',#3084,1.);
#3084 = DIRECTION('',(0.,1.));
#3085 = ( GEOMETRIC_REPRESENTATION_CONTEXT(2) 
PARAMETRIC_REPRESENTATION_CONTEXT() REPRESENTATION_CONTEXT('2D SPACE',''
  ) );
#3086 = PCURVE('',#2165,#3087);
#3087 = DEFINITIONAL_REPRESENTATION('',(#3088),#3092);
#3088 = LINE('',#3089,#3090);
#3089 = CARTESIAN_POINT('',(-15.5,50.5));
#3090 = VECTOR('',#3091,1.);
#3091 = DIRECTION('',(-0.707106781187,-0.707106781187));
#3092 = ( GEOMETRIC_REPRESENTATION_CONTEXT(2) 
PARAMETRIC_REPRESENTATION_CONTEXT() REPRESENTATION_CONTEXT('2D SPACE',''
  ) );
#3093 = ORIENTED_EDGE('',*,*,#3094,.F.);
#3094 = EDGE_CURVE('',#1362,#3072,#3095,.T.);
#3095 = SURFACE_CURVE('',#3096,(#3100,#3107),.PCURVE_S1.);
#3096 = LINE('',#3097,#3098);
#3097 = CARTESIAN_POINT('',(-550.,256.,99.));
#3098 = VECTOR('',#3099,1.);
#3099 = DIRECTION('',(0.,0.,1.));
#3100 = PCURVE('',#1403,#3101);
#3101 = DEFINITIONAL_REPRESENTATION('',(#3102),#3106);
#3102 = LINE('',#3103,#3104);
#3103 = CARTESIAN_POINT('',(0.,2.828427124746));
#3104 = VECTOR('',#3105,1.);
#3105 = DIRECTION('',(1.,0.));
#3106 = ( GEOMETRIC_REPRESENTATION_CONTEXT(2) 
PARAMETRIC_REPRESENTATION_CONTEXT() REPRESENTATION_CONTEXT('2D SPACE',''
  ) );
#3107 = PCURVE('',#1376,#3108);
#3108 = DEFINITIONAL_REPRESENTATION('',(#3109),#3113);
#3109 = LINE('',#3110,#3111);
#3110 = CARTESIAN_POINT('',(99.,-66.));
#3111 = VECTOR('',#3112,1.);
#3112 = DIRECTION('',(1.,0.));
#3113 = ( GEOMETRIC_REPRESENTATION_CONTEXT(2) 
PARAMETRIC_REPRESENTATION_CONTEXT() REPRESENTATION_CONTEXT('2D SPACE',''
  ) );
#3114 = ADVANCED_FACE('',(#3115),#1376,.F.);
#3115 = FACE_BOUND('',#3116,.F.);
#3116 = EDGE_LOOP('',(#3117,#3140,#3161,#3162));
#3117 = ORIENTED_EDGE('',*,*,#3118,.F.);
#3118 = EDGE_CURVE('',#3119,#3072,#3121,.T.);
#3119 = VERTEX_POINT('',#3120);
#3120 = CARTESIAN_POINT('',(-550.,194.,180.));
#3121 = SURFACE_CURVE('',#3122,(#3126,#3133),.PCURVE_S1.);
#3122 = LINE('',#3123,#3124);
#3123 = CARTESIAN_POINT('',(-550.,190.,180.));
#3124 = VECTOR('',#3125,1.);
#3125 = DIRECTION('',(0.,1.,0.));
#3126 = PCURVE('',#1376,#3127);
#3127 = DEFINITIONAL_REPRESENTATION('',(#3128),#3132);
#3128 = LINE('',#3129,#3130);
#3129 = CARTESIAN_POINT('',(180.,0.));
#3130 = VECTOR('',#3131,1.);
#3131 = DIRECTION('',(0.,-1.));
#3132 = ( GEOMETRIC_REPRESENTATION_CONTEXT(2) 
PARAMETRIC_REPRESENTATION_CONTEXT() REPRESENTATION_CONTEXT('2D SPACE',''
  ) );
#3133 = PCURVE('',#2165,#3134);
#3134 = DEFINITIONAL_REPRESENTATION('',(#3135),#3139);
#3135 = LINE('',#3136,#3137);
#3136 = CARTESIAN_POINT('',(0.,0.));
#3137 = VECTOR('',#3138,1.);
#3138 = DIRECTION('',(0.,1.));
#3139 = ( GEOMETRIC_REPRESENTATION_CONTEXT(2) 
PARAMETRIC_REPRESENTATION_CONTEXT() REPRESENTATION_CONTEXT('2D SPACE',''
  ) );
#3140 = ORIENTED_EDGE('',*,*,#3141,.F.);
#3141 = EDGE_CURVE('',#1334,#3119,#3142,.T.);
#3142 = SURFACE_CURVE('',#3143,(#3147,#3154),.PCURVE_S1.);
#3143 = LINE('',#3144,#3145);
#3144 = CARTESIAN_POINT('',(-550.,194.,99.));
#3145 = VECTOR('',#3146,1.);
#3146 = DIRECTION('',(0.,0.,1.));
#3147 = PCURVE('',#1376,#3148);
#3148 = DEFINITIONAL_REPRESENTATION('',(#3149),#3153);
#3149 = LINE('',#3150,#3151);
#3150 = CARTESIAN_POINT('',(99.,-4.));
#3151 = VECTOR('',#3152,1.);
#3152 = DIRECTION('',(1.,0.));
#3153 = ( GEOMETRIC_REPRESENTATION_CONTEXT(2) 
PARAMETRIC_REPRESENTATION_CONTEXT() REPRESENTATION_CONTEXT('2D SPACE',''
  ) );
#3154 = PCURVE('',#1349,#3155);
#3155 = DEFINITIONAL_REPRESENTATION('',(#3156),#3160);
#3156 = LINE('',#3157,#3158);
#3157 = CARTESIAN_POINT('',(0.,2.828427124746));
#3158 = VECTOR('',#3159,1.);
#3159 = DIRECTION('',(1.,0.));
#3160 = ( GEOMETRIC_REPRESENTATION_CONTEXT(2) 
PARAMETRIC_REPRESENTATION_CONTEXT() REPRESENTATION_CONTEXT('2D SPACE',''
  ) );
#3161 = ORIENTED_EDGE('',*,*,#1361,.F.);
#3162 = ORIENTED_EDGE('',*,*,#3094,.T.);
#3163 = ADVANCED_FACE('',(#3164),#1349,.T.);
#3164 = FACE_BOUND('',#3165,.T.);
#3165 = EDGE_LOOP('',(#3166,#3167,#3168,#3189));
#3166 = ORIENTED_EDGE('',*,*,#1333,.F.);
#3167 = ORIENTED_EDGE('',*,*,#2282,.T.);
#3168 = ORIENTED_EDGE('',*,*,#3169,.T.);
#3169 = EDGE_CURVE('',#2283,#3119,#3170,.T.);
#3170 = SURFACE_CURVE('',#3171,(#3175,#3182),.PCURVE_S1.);
#3171 = LINE('',#3172,#3173);
#3172 = CARTESIAN_POINT('',(-548.,192.,180.));
#3173 = VECTOR('',#3174,1.);
#3174 = DIRECTION('',(-0.707106781187,0.707106781187,0.));
#3175 = PCURVE('',#1349,#3176);
#3176 = DEFINITIONAL_REPRESENTATION('',(#3177),#3181);
#3177 = LINE('',#3178,#3179);
#3178 = CARTESIAN_POINT('',(81.,0.));
#3179 = VECTOR('',#3180,1.);
#3180 = DIRECTION('',(0.,1.));
#3181 = ( GEOMETRIC_REPRESENTATION_CONTEXT(2) 
PARAMETRIC_REPRESENTATION_CONTEXT() REPRESENTATION_CONTEXT('2D SPACE',''
  ) );
#3182 = PCURVE('',#2165,#3183);
#3183 = DEFINITIONAL_REPRESENTATION('',(#3184),#3188);
#3184 = LINE('',#3185,#3186);
#3185 = CARTESIAN_POINT('',(2.,2.));
#3186 = VECTOR('',#3187,1.);
#3187 = DIRECTION('',(-0.707106781187,0.707106781187));
#3188 = ( GEOMETRIC_REPRESENTATION_CONTEXT(2) 
PARAMETRIC_REPRESENTATION_CONTEXT() REPRESENTATION_CONTEXT('2D SPACE',''
  ) );
#3189 = ORIENTED_EDGE('',*,*,#3141,.F.);
#3190 = ADVANCED_FACE('',(#3191),#1137,.F.);
#3191 = FACE_BOUND('',#3192,.F.);
#3192 = EDGE_LOOP('',(#3193,#3194,#3195,#3196));
#3193 = ORIENTED_EDGE('',*,*,#1949,.F.);
#3194 = ORIENTED_EDGE('',*,*,#1876,.F.);
#3195 = ORIENTED_EDGE('',*,*,#1122,.F.);
#3196 = ORIENTED_EDGE('',*,*,#3197,.T.);
#3197 = EDGE_CURVE('',#1123,#1950,#3198,.T.);
#3198 = SURFACE_CURVE('',#3199,(#3203,#3210),.PCURVE_S1.);
#3199 = LINE('',#3200,#3201);
#3200 = CARTESIAN_POINT('',(-550.,-194.,99.));
#3201 = VECTOR('',#3202,1.);
#3202 = DIRECTION('',(0.,0.,1.));
#3203 = PCURVE('',#1137,#3204);
#3204 = DEFINITIONAL_REPRESENTATION('',(#3205),#3209);
#3205 = LINE('',#3206,#3207);
#3206 = CARTESIAN_POINT('',(99.,-66.));
#3207 = VECTOR('',#3208,1.);
#3208 = DIRECTION('',(1.,0.));
#3209 = ( GEOMETRIC_REPRESENTATION_CONTEXT(2) 
PARAMETRIC_REPRESENTATION_CONTEXT() REPRESENTATION_CONTEXT('2D SPACE',''
  ) );
#3210 = PCURVE('',#1164,#3211);
#3211 = DEFINITIONAL_REPRESENTATION('',(#3212),#3216);
#3212 = LINE('',#3213,#3214);
#3213 = CARTESIAN_POINT('',(-0.,-2.828427124746));
#3214 = VECTOR('',#3215,1.);
#3215 = DIRECTION('',(-1.,0.));
#3216 = ( GEOMETRIC_REPRESENTATION_CONTEXT(2) 
PARAMETRIC_REPRESENTATION_CONTEXT() REPRESENTATION_CONTEXT('2D SPACE',''
  ) );
#3217 = ADVANCED_FACE('',(#3218),#1164,.F.);
#3218 = FACE_BOUND('',#3219,.T.);
#3219 = EDGE_LOOP('',(#3220,#3221,#3222,#3223));
#3220 = ORIENTED_EDGE('',*,*,#1148,.F.);
#3221 = ORIENTED_EDGE('',*,*,#3197,.T.);
#3222 = ORIENTED_EDGE('',*,*,#2044,.T.);
#3223 = ORIENTED_EDGE('',*,*,#2744,.F.);
#3224 = ADVANCED_FACE('',(#3225),#1547,.T.);
#3225 = FACE_BOUND('',#3226,.F.);
#3226 = EDGE_LOOP('',(#3227,#3228,#3249,#3250));
#3227 = ORIENTED_EDGE('',*,*,#1531,.F.);
#3228 = ORIENTED_EDGE('',*,*,#3229,.T.);
#3229 = EDGE_CURVE('',#1532,#1976,#3230,.T.);
#3230 = SURFACE_CURVE('',#3231,(#3235,#3242),.PCURVE_S1.);
#3231 = LINE('',#3232,#3233);
#3232 = CARTESIAN_POINT('',(550.,-194.,99.));
#3233 = VECTOR('',#3234,1.);
#3234 = DIRECTION('',(0.,0.,1.));
#3235 = PCURVE('',#1547,#3236);
#3236 = DEFINITIONAL_REPRESENTATION('',(#3237),#3241);
#3237 = LINE('',#3238,#3239);
#3238 = CARTESIAN_POINT('',(-0.,-2.828427124746));
#3239 = VECTOR('',#3240,1.);
#3240 = DIRECTION('',(-1.,0.));
#3241 = ( GEOMETRIC_REPRESENTATION_CONTEXT(2) 
PARAMETRIC_REPRESENTATION_CONTEXT() REPRESENTATION_CONTEXT('2D SPACE',''
  ) );
#3242 = PCURVE('',#1574,#3243);
#3243 = DEFINITIONAL_REPRESENTATION('',(#3244),#3248);
#3244 = LINE('',#3245,#3246);
#3245 = CARTESIAN_POINT('',(99.,-66.));
#3246 = VECTOR('',#3247,1.);
#3247 = DIRECTION('',(1.,0.));
#3248 = ( GEOMETRIC_REPRESENTATION_CONTEXT(2) 
PARAMETRIC_REPRESENTATION_CONTEXT() REPRESENTATION_CONTEXT('2D SPACE',''
  ) );
#3249 = ORIENTED_EDGE('',*,*,#1998,.T.);
#3250 = ORIENTED_EDGE('',*,*,#2766,.F.);
#3251 = ADVANCED_FACE('',(#3252),#1771,.F.);
#3252 = FACE_BOUND('',#3253,.F.);
#3253 = EDGE_LOOP('',(#3254,#3255,#3256,#3279));
#3254 = ORIENTED_EDGE('',*,*,#1755,.F.);
#3255 = ORIENTED_EDGE('',*,*,#2328,.T.);
#3256 = ORIENTED_EDGE('',*,*,#3257,.T.);
#3257 = EDGE_CURVE('',#2306,#3258,#3260,.T.);
#3258 = VERTEX_POINT('',#3259);
#3259 = CARTESIAN_POINT('',(550.,194.,180.));
#3260 = SURFACE_CURVE('',#3261,(#3265,#3272),.PCURVE_S1.);
#3261 = LINE('',#3262,#3263);
#3262 = CARTESIAN_POINT('',(273.,-83.,180.));
#3263 = VECTOR('',#3264,1.);
#3264 = DIRECTION('',(0.707106781187,0.707106781187,-0.));
#3265 = PCURVE('',#1771,#3266);
#3266 = DEFINITIONAL_REPRESENTATION('',(#3267),#3271);
#3267 = LINE('',#3268,#3269);
#3268 = CARTESIAN_POINT('',(81.,-388.9087296526));
#3269 = VECTOR('',#3270,1.);
#3270 = DIRECTION('',(0.,1.));
#3271 = ( GEOMETRIC_REPRESENTATION_CONTEXT(2) 
PARAMETRIC_REPRESENTATION_CONTEXT() REPRESENTATION_CONTEXT('2D SPACE',''
  ) );
#3272 = PCURVE('',#2165,#3273);
#3273 = DEFINITIONAL_REPRESENTATION('',(#3274),#3278);
#3274 = LINE('',#3275,#3276);
#3275 = CARTESIAN_POINT('',(823.,-273.));
#3276 = VECTOR('',#3277,1.);
#3277 = DIRECTION('',(0.707106781187,0.707106781187));
#3278 = ( GEOMETRIC_REPRESENTATION_CONTEXT(2) 
PARAMETRIC_REPRESENTATION_CONTEXT() REPRESENTATION_CONTEXT('2D SPACE',''
  ) );
#3279 = ORIENTED_EDGE('',*,*,#3280,.F.);
#3280 = EDGE_CURVE('',#1730,#3258,#3281,.T.);
#3281 = SURFACE_CURVE('',#3282,(#3286,#3293),.PCURVE_S1.);
#3282 = LINE('',#3283,#3284);
#3283 = CARTESIAN_POINT('',(550.,194.,99.));
#3284 = VECTOR('',#3285,1.);
#3285 = DIRECTION('',(0.,0.,1.));
#3286 = PCURVE('',#1771,#3287);
#3287 = DEFINITIONAL_REPRESENTATION('',(#3288),#3292);
#3288 = LINE('',#3289,#3290);
#3289 = CARTESIAN_POINT('',(0.,2.828427124746));
#3290 = VECTOR('',#3291,1.);
#3291 = DIRECTION('',(1.,0.));
#3292 = ( GEOMETRIC_REPRESENTATION_CONTEXT(2) 
PARAMETRIC_REPRESENTATION_CONTEXT() REPRESENTATION_CONTEXT('2D SPACE',''
  ) );
#3293 = PCURVE('',#1744,#3294);
#3294 = DEFINITIONAL_REPRESENTATION('',(#3295),#3299);
#3295 = LINE('',#3296,#3297);
#3296 = CARTESIAN_POINT('',(99.,-4.));
#3297 = VECTOR('',#3298,1.);
#3298 = DIRECTION('',(1.,0.));
#3299 = ( GEOMETRIC_REPRESENTATION_CONTEXT(2) 
PARAMETRIC_REPRESENTATION_CONTEXT() REPRESENTATION_CONTEXT('2D SPACE',''
  ) );
#3300 = ADVANCED_FACE('',(#3301),#1574,.T.);
#3301 = FACE_BOUND('',#3302,.T.);
#3302 = EDGE_LOOP('',(#3303,#3304,#3305,#3306));
#3303 = ORIENTED_EDGE('',*,*,#1975,.F.);
#3304 = ORIENTED_EDGE('',*,*,#1925,.F.);
#3305 = ORIENTED_EDGE('',*,*,#1559,.F.);
#3306 = ORIENTED_EDGE('',*,*,#3229,.T.);
#3307 = ADVANCED_FACE('',(#3308),#1744,.T.);
#3308 = FACE_BOUND('',#3309,.T.);
#3309 = EDGE_LOOP('',(#3310,#3333,#3334,#3335));
#3310 = ORIENTED_EDGE('',*,*,#3311,.F.);
#3311 = EDGE_CURVE('',#3258,#3312,#3314,.T.);
#3312 = VERTEX_POINT('',#3313);
#3313 = CARTESIAN_POINT('',(550.,256.,180.));
#3314 = SURFACE_CURVE('',#3315,(#3319,#3326),.PCURVE_S1.);
#3315 = LINE('',#3316,#3317);
#3316 = CARTESIAN_POINT('',(550.,190.,180.));
#3317 = VECTOR('',#3318,1.);
#3318 = DIRECTION('',(0.,1.,0.));
#3319 = PCURVE('',#1744,#3320);
#3320 = DEFINITIONAL_REPRESENTATION('',(#3321),#3325);
#3321 = LINE('',#3322,#3323);
#3322 = CARTESIAN_POINT('',(180.,0.));
#3323 = VECTOR('',#3324,1.);
#3324 = DIRECTION('',(0.,-1.));
#3325 = ( GEOMETRIC_REPRESENTATION_CONTEXT(2) 
PARAMETRIC_REPRESENTATION_CONTEXT() REPRESENTATION_CONTEXT('2D SPACE',''
  ) );
#3326 = PCURVE('',#2165,#3327);
#3327 = DEFINITIONAL_REPRESENTATION('',(#3328),#3332);
#3328 = LINE('',#3329,#3330);
#3329 = CARTESIAN_POINT('',(1.1E+03,0.));
#3330 = VECTOR('',#3331,1.);
#3331 = DIRECTION('',(0.,1.));
#3332 = ( GEOMETRIC_REPRESENTATION_CONTEXT(2) 
PARAMETRIC_REPRESENTATION_CONTEXT() REPRESENTATION_CONTEXT('2D SPACE',''
  ) );
#3333 = ORIENTED_EDGE('',*,*,#3280,.F.);
#3334 = ORIENTED_EDGE('',*,*,#1729,.F.);
#3335 = ORIENTED_EDGE('',*,*,#3336,.T.);
#3336 = EDGE_CURVE('',#1702,#3312,#3337,.T.);
#3337 = SURFACE_CURVE('',#3338,(#3342,#3349),.PCURVE_S1.);
#3338 = LINE('',#3339,#3340);
#3339 = CARTESIAN_POINT('',(550.,256.,99.));
#3340 = VECTOR('',#3341,1.);
#3341 = DIRECTION('',(0.,0.,1.));
#3342 = PCURVE('',#1744,#3343);
#3343 = DEFINITIONAL_REPRESENTATION('',(#3344),#3348);
#3344 = LINE('',#3345,#3346);
#3345 = CARTESIAN_POINT('',(99.,-66.));
#3346 = VECTOR('',#3347,1.);
#3347 = DIRECTION('',(1.,0.));
#3348 = ( GEOMETRIC_REPRESENTATION_CONTEXT(2) 
PARAMETRIC_REPRESENTATION_CONTEXT() REPRESENTATION_CONTEXT('2D SPACE',''
  ) );
#3349 = PCURVE('',#1717,#3350);
#3350 = DEFINITIONAL_REPRESENTATION('',(#3351),#3355);
#3351 = LINE('',#3352,#3353);
#3352 = CARTESIAN_POINT('',(0.,2.828427124746));
#3353 = VECTOR('',#3354,1.);
#3354 = DIRECTION('',(1.,0.));
#3355 = ( GEOMETRIC_REPRESENTATION_CONTEXT(2) 
PARAMETRIC_REPRESENTATION_CONTEXT() REPRESENTATION_CONTEXT('2D SPACE',''
  ) );
#3356 = ADVANCED_FACE('',(#3357),#1717,.T.);
#3357 = FACE_BOUND('',#3358,.T.);
#3358 = EDGE_LOOP('',(#3359,#3360,#3361,#3382));
#3359 = ORIENTED_EDGE('',*,*,#1701,.F.);
#3360 = ORIENTED_EDGE('',*,*,#2177,.T.);
#3361 = ORIENTED_EDGE('',*,*,#3362,.T.);
#3362 = EDGE_CURVE('',#2150,#3312,#3363,.T.);
#3363 = SURFACE_CURVE('',#3364,(#3368,#3375),.PCURVE_S1.);
#3364 = LINE('',#3365,#3366);
#3365 = CARTESIAN_POINT('',(290.5,515.5,180.));
#3366 = VECTOR('',#3367,1.);
#3367 = DIRECTION('',(0.707106781187,-0.707106781187,0.));
#3368 = PCURVE('',#1717,#3369);
#3369 = DEFINITIONAL_REPRESENTATION('',(#3370),#3374);
#3370 = LINE('',#3371,#3372);
#3371 = CARTESIAN_POINT('',(81.,-364.159992311));
#3372 = VECTOR('',#3373,1.);
#3373 = DIRECTION('',(0.,1.));
#3374 = ( GEOMETRIC_REPRESENTATION_CONTEXT(2) 
PARAMETRIC_REPRESENTATION_CONTEXT() REPRESENTATION_CONTEXT('2D SPACE',''
  ) );
#3375 = PCURVE('',#2165,#3376);
#3376 = DEFINITIONAL_REPRESENTATION('',(#3377),#3381);
#3377 = LINE('',#3378,#3379);
#3378 = CARTESIAN_POINT('',(840.5,325.5));
#3379 = VECTOR('',#3380,1.);
#3380 = DIRECTION('',(0.707106781187,-0.707106781187));
#3381 = ( GEOMETRIC_REPRESENTATION_CONTEXT(2) 
PARAMETRIC_REPRESENTATION_CONTEXT() REPRESENTATION_CONTEXT('2D SPACE',''
  ) );
#3382 = ORIENTED_EDGE('',*,*,#3336,.F.);
#3383 = ADVANCED_FACE('',(#3384),#2165,.T.);
#3384 = FACE_BOUND('',#3385,.T.);
#3385 = EDGE_LOOP('',(#3386,#3387,#3388,#3389,#3390,#3391,#3392,#3393));
#3386 = ORIENTED_EDGE('',*,*,#3118,.F.);
#3387 = ORIENTED_EDGE('',*,*,#3169,.F.);
#3388 = ORIENTED_EDGE('',*,*,#2305,.T.);
#3389 = ORIENTED_EDGE('',*,*,#3257,.T.);
#3390 = ORIENTED_EDGE('',*,*,#3311,.T.);
#3391 = ORIENTED_EDGE('',*,*,#3362,.F.);
#3392 = ORIENTED_EDGE('',*,*,#2149,.F.);
#3393 = ORIENTED_EDGE('',*,*,#3071,.T.);
#3394 = ADVANCED_FACE('',(#3395),#2412,.T.);
#3395 = FACE_BOUND('',#3396,.T.);
#3396 = EDGE_LOOP('',(#3397,#3398,#3399,#3400,#3401,#3402,#3403,#3404,
    #3405,#3406,#3407,#3408));
#3397 = ORIENTED_EDGE('',*,*,#2986,.F.);
#3398 = ORIENTED_EDGE('',*,*,#3042,.F.);
#3399 = ORIENTED_EDGE('',*,*,#2836,.F.);
#3400 = ORIENTED_EDGE('',*,*,#2815,.T.);
#3401 = ORIENTED_EDGE('',*,*,#2792,.T.);
#3402 = ORIENTED_EDGE('',*,*,#2644,.F.);
#3403 = ORIENTED_EDGE('',*,*,#2568,.T.);
#3404 = ORIENTED_EDGE('',*,*,#2492,.F.);
#3405 = ORIENTED_EDGE('',*,*,#2396,.F.);
#3406 = ORIENTED_EDGE('',*,*,#2424,.F.);
#3407 = ORIENTED_EDGE('',*,*,#2445,.T.);
#3408 = ORIENTED_EDGE('',*,*,#2910,.T.);
#3409 = ( GEOMETRIC_REPRESENTATION_CONTEXT(3) 
GLOBAL_UNCERTAINTY_ASSIGNED_CONTEXT((#3413)) 
GLOBAL_UNIT_ASSIGNED_CONTEXT((#3410,#3411,#3412)) REPRESENTATION_CONTEXT
('Context #1','3D Context with UNIT and UNCERTAINTY') );
#3410 = ( LENGTH_UNIT() NAMED_UNIT(*) SI_UNIT(.MILLI.,.METRE.) );
#3411 = ( NAMED_UNIT(*) PLANE_ANGLE_UNIT() SI_UNIT($,.RADIAN.) );
#3412 = ( NAMED_UNIT(*) SI_UNIT($,.STERADIAN.) SOLID_ANGLE_UNIT() );
#3413 = UNCERTAINTY_MEASURE_WITH_UNIT(LENGTH_MEASURE(1.E-07),#3410,
  'distance_accuracy_value','confusion accuracy');
#3414 = PRODUCT_RELATED_PRODUCT_CATEGORY('part',$,(#7));
ENDSEC;
END-ISO-10303-21;
