ISO-10303-21;
HEADER;
FILE_DESCRIPTION(('FreeCAD Model'),'2;1');
FILE_NAME('Open CASCADE Shape Model','2026-05-31T21:39:55',('Author'),(
    ''),'Open CASCADE STEP processor 7.8','FreeCAD','Unknown');
FILE_SCHEMA(('AUTOMOTIVE_DESIGN { 1 0 10303 214 1 1 1 1 }'));
ENDSEC;
DATA;
#1 = APPLICATION_PROTOCOL_DEFINITION('international standard',
  'automotive_design',2000,#2);
#2 = APPLICATION_CONTEXT(
  'core data for automotive mechanical design processes');
#3 = SHAPE_DEFINITION_REPRESENTATION(#4,#10);
#4 = PRODUCT_DEFINITION_SHAPE('','',#5);
#5 = PRODUCT_DEFINITION('design','',#6,#9);
#6 = PRODUCT_DEFINITION_FORMATION('','',#7);
#7 = PRODUCT('CoordProofMechanicalRoom','CoordProofMechanicalRoom','',(
    #8));
#8 = PRODUCT_CONTEXT('',#2,'mechanical');
#9 = PRODUCT_DEFINITION_CONTEXT('part definition',#2,'design');
#10 = SHAPE_REPRESENTATION('',(#11,#15,#19,#23,#27,#31,#35,#39,#43,#47,
    #51,#55,#59,#63,#67,#71,#75,#79,#83,#87,#91,#95,#99,#103,#107,#111,
    #115,#119,#123,#127,#131,#135,#139,#143,#147,#151,#155,#159,#163,
    #167,#171,#175,#179,#183,#187,#191,#195,#199,#203,#207,#211,#215,
    #219,#223,#227,#231,#235,#239,#243,#247,#251,#255,#259,#263,#267,
    #271,#275,#279,#283,#287),#291);
#11 = AXIS2_PLACEMENT_3D('',#12,#13,#14);
#12 = CARTESIAN_POINT('',(0.,0.,0.));
#13 = DIRECTION('',(0.,0.,1.));
#14 = DIRECTION('',(1.,0.,-0.));
#15 = AXIS2_PLACEMENT_3D('',#16,#17,#18);
#16 = CARTESIAN_POINT('',(0.,0.,0.));
#17 = DIRECTION('',(0.,0.,1.));
#18 = DIRECTION('',(1.,0.,0.));
#19 = AXIS2_PLACEMENT_3D('',#20,#21,#22);
#20 = CARTESIAN_POINT('',(0.,0.,0.));
#21 = DIRECTION('',(0.,0.,1.));
#22 = DIRECTION('',(1.,0.,0.));
#23 = AXIS2_PLACEMENT_3D('',#24,#25,#26);
#24 = CARTESIAN_POINT('',(0.,0.,0.));
#25 = DIRECTION('',(0.,0.,1.));
#26 = DIRECTION('',(1.,0.,0.));
#27 = AXIS2_PLACEMENT_3D('',#28,#29,#30);
#28 = CARTESIAN_POINT('',(0.,0.,0.));
#29 = DIRECTION('',(0.,0.,1.));
#30 = DIRECTION('',(1.,0.,0.));
#31 = AXIS2_PLACEMENT_3D('',#32,#33,#34);
#32 = CARTESIAN_POINT('',(0.,0.,0.));
#33 = DIRECTION('',(0.,0.,1.));
#34 = DIRECTION('',(1.,0.,0.));
#35 = AXIS2_PLACEMENT_3D('',#36,#37,#38);
#36 = CARTESIAN_POINT('',(0.,0.,0.));
#37 = DIRECTION('',(0.,0.,1.));
#38 = DIRECTION('',(1.,0.,0.));
#39 = AXIS2_PLACEMENT_3D('',#40,#41,#42);
#40 = CARTESIAN_POINT('',(0.,0.,0.));
#41 = DIRECTION('',(0.,0.,1.));
#42 = DIRECTION('',(1.,0.,0.));
#43 = AXIS2_PLACEMENT_3D('',#44,#45,#46);
#44 = CARTESIAN_POINT('',(0.,0.,0.));
#45 = DIRECTION('',(0.,0.,1.));
#46 = DIRECTION('',(1.,0.,0.));
#47 = AXIS2_PLACEMENT_3D('',#48,#49,#50);
#48 = CARTESIAN_POINT('',(0.,0.,0.));
#49 = DIRECTION('',(0.,0.,1.));
#50 = DIRECTION('',(1.,0.,0.));
#51 = AXIS2_PLACEMENT_3D('',#52,#53,#54);
#52 = CARTESIAN_POINT('',(0.,0.,0.));
#53 = DIRECTION('',(0.,0.,1.));
#54 = DIRECTION('',(1.,0.,0.));
#55 = AXIS2_PLACEMENT_3D('',#56,#57,#58);
#56 = CARTESIAN_POINT('',(0.,0.,0.));
#57 = DIRECTION('',(0.,0.,1.));
#58 = DIRECTION('',(1.,0.,0.));
#59 = AXIS2_PLACEMENT_3D('',#60,#61,#62);
#60 = CARTESIAN_POINT('',(1.94E+03,760.,875.));
#61 = DIRECTION('',(0.,-1.,2.22044604925E-16));
#62 = DIRECTION('',(1.,0.,0.));
#63 = AXIS2_PLACEMENT_3D('',#64,#65,#66);
#64 = CARTESIAN_POINT('',(0.,0.,0.));
#65 = DIRECTION('',(0.,0.,1.));
#66 = DIRECTION('',(1.,0.,0.));
#67 = AXIS2_PLACEMENT_3D('',#68,#69,#70);
#68 = CARTESIAN_POINT('',(0.,0.,0.));
#69 = DIRECTION('',(0.,0.,1.));
#70 = DIRECTION('',(1.,0.,0.));
#71 = AXIS2_PLACEMENT_3D('',#72,#73,#74);
#72 = CARTESIAN_POINT('',(0.,0.,0.));
#73 = DIRECTION('',(0.,0.,1.));
#74 = DIRECTION('',(1.,0.,0.));
#75 = AXIS2_PLACEMENT_3D('',#76,#77,#78);
#76 = CARTESIAN_POINT('',(0.,0.,0.));
#77 = DIRECTION('',(0.,0.,1.));
#78 = DIRECTION('',(1.,0.,0.));
#79 = AXIS2_PLACEMENT_3D('',#80,#81,#82);
#80 = CARTESIAN_POINT('',(0.,0.,0.));
#81 = DIRECTION('',(0.,0.,1.));
#82 = DIRECTION('',(1.,0.,0.));
#83 = AXIS2_PLACEMENT_3D('',#84,#85,#86);
#84 = CARTESIAN_POINT('',(0.,0.,0.));
#85 = DIRECTION('',(0.,0.,1.));
#86 = DIRECTION('',(1.,0.,0.));
#87 = AXIS2_PLACEMENT_3D('',#88,#89,#90);
#88 = CARTESIAN_POINT('',(0.,0.,0.));
#89 = DIRECTION('',(0.,0.,1.));
#90 = DIRECTION('',(1.,0.,0.));
#91 = AXIS2_PLACEMENT_3D('',#92,#93,#94);
#92 = CARTESIAN_POINT('',(0.,0.,0.));
#93 = DIRECTION('',(0.,0.,1.));
#94 = DIRECTION('',(1.,0.,0.));
#95 = AXIS2_PLACEMENT_3D('',#96,#97,#98);
#96 = CARTESIAN_POINT('',(4.05E+03,930.,650.));
#97 = DIRECTION('',(1.,-0.,2.22044604925E-16));
#98 = DIRECTION('',(2.22044604925E-16,0.,-1.));
#99 = AXIS2_PLACEMENT_3D('',#100,#101,#102);
#100 = CARTESIAN_POINT('',(4.05E+03,1.16E+03,650.));
#101 = DIRECTION('',(1.,-0.,2.22044604925E-16));
#102 = DIRECTION('',(2.22044604925E-16,0.,-1.));
#103 = AXIS2_PLACEMENT_3D('',#104,#105,#106);
#104 = CARTESIAN_POINT('',(4.5E+03,930.,620.));
#105 = DIRECTION('',(1.,-0.,2.22044604925E-16));
#106 = DIRECTION('',(2.22044604925E-16,0.,-1.));
#107 = AXIS2_PLACEMENT_3D('',#108,#109,#110);
#108 = CARTESIAN_POINT('',(4.5E+03,1.16E+03,620.));
#109 = DIRECTION('',(1.,-0.,2.22044604925E-16));
#110 = DIRECTION('',(2.22044604925E-16,0.,-1.));
#111 = AXIS2_PLACEMENT_3D('',#112,#113,#114);
#112 = CARTESIAN_POINT('',(0.,0.,0.));
#113 = DIRECTION('',(0.,0.,1.));
#114 = DIRECTION('',(1.,0.,0.));
#115 = AXIS2_PLACEMENT_3D('',#116,#117,#118);
#116 = CARTESIAN_POINT('',(0.,0.,0.));
#117 = DIRECTION('',(0.,0.,1.));
#118 = DIRECTION('',(1.,0.,0.));
#119 = AXIS2_PLACEMENT_3D('',#120,#121,#122);
#120 = CARTESIAN_POINT('',(900.,2.86E+03,1.8E+03));
#121 = DIRECTION('',(1.,-0.,2.22044604925E-16));
#122 = DIRECTION('',(2.22044604925E-16,0.,-1.));
#123 = AXIS2_PLACEMENT_3D('',#124,#125,#126);
#124 = CARTESIAN_POINT('',(900.,3.06E+03,1.62E+03));
#125 = DIRECTION('',(1.,-0.,2.22044604925E-16));
#126 = DIRECTION('',(2.22044604925E-16,0.,-1.));
#127 = AXIS2_PLACEMENT_3D('',#128,#129,#130);
#128 = CARTESIAN_POINT('',(4.5E+03,2.86E+03,900.));
#129 = DIRECTION('',(0.,-1.,2.22044604925E-16));
#130 = DIRECTION('',(1.,0.,0.));
#131 = AXIS2_PLACEMENT_3D('',#132,#133,#134);
#132 = CARTESIAN_POINT('',(0.,0.,0.));
#133 = DIRECTION('',(0.,0.,1.));
#134 = DIRECTION('',(1.,0.,0.));
#135 = AXIS2_PLACEMENT_3D('',#136,#137,#138);
#136 = CARTESIAN_POINT('',(0.,0.,0.));
#137 = DIRECTION('',(0.,0.,1.));
#138 = DIRECTION('',(1.,0.,0.));
#139 = AXIS2_PLACEMENT_3D('',#140,#141,#142);
#140 = CARTESIAN_POINT('',(4.62E+03,1.32E+03,760.));
#141 = DIRECTION('',(0.,-1.,2.22044604925E-16));
#142 = DIRECTION('',(1.,0.,0.));
#143 = AXIS2_PLACEMENT_3D('',#144,#145,#146);
#144 = CARTESIAN_POINT('',(4.82E+03,1.32E+03,600.));
#145 = DIRECTION('',(0.,-1.,2.22044604925E-16));
#146 = DIRECTION('',(1.,0.,0.));
#147 = AXIS2_PLACEMENT_3D('',#148,#149,#150);
#148 = CARTESIAN_POINT('',(0.,0.,0.));
#149 = DIRECTION('',(0.,0.,1.));
#150 = DIRECTION('',(1.,0.,0.));
#151 = AXIS2_PLACEMENT_3D('',#152,#153,#154);
#152 = CARTESIAN_POINT('',(0.,0.,0.));
#153 = DIRECTION('',(0.,0.,1.));
#154 = DIRECTION('',(1.,0.,0.));
#155 = AXIS2_PLACEMENT_3D('',#156,#157,#158);
#156 = CARTESIAN_POINT('',(0.,0.,0.));
#157 = DIRECTION('',(0.,0.,1.));
#158 = DIRECTION('',(1.,0.,0.));
#159 = AXIS2_PLACEMENT_3D('',#160,#161,#162);
#160 = CARTESIAN_POINT('',(0.,0.,0.));
#161 = DIRECTION('',(0.,0.,1.));
#162 = DIRECTION('',(1.,0.,0.));
#163 = AXIS2_PLACEMENT_3D('',#164,#165,#166);
#164 = CARTESIAN_POINT('',(0.,0.,0.));
#165 = DIRECTION('',(0.,0.,1.));
#166 = DIRECTION('',(1.,0.,0.));
#167 = AXIS2_PLACEMENT_3D('',#168,#169,#170);
#168 = CARTESIAN_POINT('',(0.,0.,0.));
#169 = DIRECTION('',(0.,0.,1.));
#170 = DIRECTION('',(1.,0.,0.));
#171 = AXIS2_PLACEMENT_3D('',#172,#173,#174);
#172 = CARTESIAN_POINT('',(0.,0.,0.));
#173 = DIRECTION('',(0.,0.,1.));
#174 = DIRECTION('',(1.,0.,0.));
#175 = AXIS2_PLACEMENT_3D('',#176,#177,#178);
#176 = CARTESIAN_POINT('',(0.,0.,0.));
#177 = DIRECTION('',(0.,0.,1.));
#178 = DIRECTION('',(1.,0.,0.));
#179 = AXIS2_PLACEMENT_3D('',#180,#181,#182);
#180 = CARTESIAN_POINT('',(0.,0.,0.));
#181 = DIRECTION('',(0.,0.,1.));
#182 = DIRECTION('',(1.,0.,0.));
#183 = AXIS2_PLACEMENT_3D('',#184,#185,#186);
#184 = CARTESIAN_POINT('',(0.,0.,0.));
#185 = DIRECTION('',(0.,0.,1.));
#186 = DIRECTION('',(1.,0.,0.));
#187 = AXIS2_PLACEMENT_3D('',#188,#189,#190);
#188 = CARTESIAN_POINT('',(0.,0.,0.));
#189 = DIRECTION('',(0.,0.,1.));
#190 = DIRECTION('',(1.,0.,0.));
#191 = AXIS2_PLACEMENT_3D('',#192,#193,#194);
#192 = CARTESIAN_POINT('',(0.,0.,0.));
#193 = DIRECTION('',(0.,0.,1.));
#194 = DIRECTION('',(1.,0.,0.));
#195 = AXIS2_PLACEMENT_3D('',#196,#197,#198);
#196 = CARTESIAN_POINT('',(0.,0.,0.));
#197 = DIRECTION('',(0.,0.,1.));
#198 = DIRECTION('',(1.,0.,0.));
#199 = AXIS2_PLACEMENT_3D('',#200,#201,#202);
#200 = CARTESIAN_POINT('',(0.,0.,0.));
#201 = DIRECTION('',(0.,0.,1.));
#202 = DIRECTION('',(1.,0.,0.));
#203 = AXIS2_PLACEMENT_3D('',#204,#205,#206);
#204 = CARTESIAN_POINT('',(0.,0.,0.));
#205 = DIRECTION('',(0.,0.,1.));
#206 = DIRECTION('',(1.,0.,0.));
#207 = AXIS2_PLACEMENT_3D('',#208,#209,#210);
#208 = CARTESIAN_POINT('',(0.,0.,0.));
#209 = DIRECTION('',(0.,0.,1.));
#210 = DIRECTION('',(1.,0.,0.));
#211 = AXIS2_PLACEMENT_3D('',#212,#213,#214);
#212 = CARTESIAN_POINT('',(0.,0.,0.));
#213 = DIRECTION('',(0.,0.,1.));
#214 = DIRECTION('',(1.,0.,0.));
#215 = AXIS2_PLACEMENT_3D('',#216,#217,#218);
#216 = CARTESIAN_POINT('',(0.,0.,0.));
#217 = DIRECTION('',(0.,0.,1.));
#218 = DIRECTION('',(1.,0.,0.));
#219 = AXIS2_PLACEMENT_3D('',#220,#221,#222);
#220 = CARTESIAN_POINT('',(0.,0.,0.));
#221 = DIRECTION('',(0.,0.,1.));
#222 = DIRECTION('',(1.,0.,0.));
#223 = AXIS2_PLACEMENT_3D('',#224,#225,#226);
#224 = CARTESIAN_POINT('',(0.,0.,0.));
#225 = DIRECTION('',(0.,0.,1.));
#226 = DIRECTION('',(1.,0.,0.));
#227 = AXIS2_PLACEMENT_3D('',#228,#229,#230);
#228 = CARTESIAN_POINT('',(0.,0.,0.));
#229 = DIRECTION('',(0.,0.,1.));
#230 = DIRECTION('',(1.,0.,0.));
#231 = AXIS2_PLACEMENT_3D('',#232,#233,#234);
#232 = CARTESIAN_POINT('',(0.,0.,0.));
#233 = DIRECTION('',(0.,0.,1.));
#234 = DIRECTION('',(1.,0.,0.));
#235 = AXIS2_PLACEMENT_3D('',#236,#237,#238);
#236 = CARTESIAN_POINT('',(0.,0.,0.));
#237 = DIRECTION('',(0.,0.,1.));
#238 = DIRECTION('',(1.,0.,0.));
#239 = AXIS2_PLACEMENT_3D('',#240,#241,#242);
#240 = CARTESIAN_POINT('',(0.,0.,0.));
#241 = DIRECTION('',(0.,0.,1.));
#242 = DIRECTION('',(1.,0.,0.));
#243 = AXIS2_PLACEMENT_3D('',#244,#245,#246);
#244 = CARTESIAN_POINT('',(0.,0.,0.));
#245 = DIRECTION('',(0.,0.,1.));
#246 = DIRECTION('',(1.,0.,0.));
#247 = AXIS2_PLACEMENT_3D('',#248,#249,#250);
#248 = CARTESIAN_POINT('',(0.,0.,0.));
#249 = DIRECTION('',(0.,0.,1.));
#250 = DIRECTION('',(1.,0.,0.));
#251 = AXIS2_PLACEMENT_3D('',#252,#253,#254);
#252 = CARTESIAN_POINT('',(5.7E+03,2.8E+03,1.8E+03));
#253 = DIRECTION('',(1.,-0.,2.22044604925E-16));
#254 = DIRECTION('',(2.22044604925E-16,0.,-1.));
#255 = AXIS2_PLACEMENT_3D('',#256,#257,#258);
#256 = CARTESIAN_POINT('',(0.,0.,0.));
#257 = DIRECTION('',(0.,0.,1.));
#258 = DIRECTION('',(1.,0.,0.));
#259 = AXIS2_PLACEMENT_3D('',#260,#261,#262);
#260 = CARTESIAN_POINT('',(0.,0.,0.));
#261 = DIRECTION('',(0.,0.,1.));
#262 = DIRECTION('',(1.,0.,0.));
#263 = AXIS2_PLACEMENT_3D('',#264,#265,#266);
#264 = CARTESIAN_POINT('',(0.,0.,0.));
#265 = DIRECTION('',(0.,0.,1.));
#266 = DIRECTION('',(1.,0.,0.));
#267 = AXIS2_PLACEMENT_3D('',#268,#269,#270);
#268 = CARTESIAN_POINT('',(0.,0.,0.));
#269 = DIRECTION('',(0.,0.,1.));
#270 = DIRECTION('',(1.,0.,0.));
#271 = AXIS2_PLACEMENT_3D('',#272,#273,#274);
#272 = CARTESIAN_POINT('',(0.,0.,0.));
#273 = DIRECTION('',(0.,0.,1.));
#274 = DIRECTION('',(1.,0.,0.));
#275 = AXIS2_PLACEMENT_3D('',#276,#277,#278);
#276 = CARTESIAN_POINT('',(0.,0.,0.));
#277 = DIRECTION('',(0.,0.,1.));
#278 = DIRECTION('',(1.,0.,0.));
#279 = AXIS2_PLACEMENT_3D('',#280,#281,#282);
#280 = CARTESIAN_POINT('',(0.,0.,0.));
#281 = DIRECTION('',(0.,0.,1.));
#282 = DIRECTION('',(1.,0.,0.));
#283 = AXIS2_PLACEMENT_3D('',#284,#285,#286);
#284 = CARTESIAN_POINT('',(0.,0.,0.));
#285 = DIRECTION('',(0.,0.,1.));
#286 = DIRECTION('',(1.,0.,0.));
#287 = AXIS2_PLACEMENT_3D('',#288,#289,#290);
#288 = CARTESIAN_POINT('',(0.,0.,0.));
#289 = DIRECTION('',(0.,0.,1.));
#290 = DIRECTION('',(1.,0.,0.));
#291 = ( GEOMETRIC_REPRESENTATION_CONTEXT(3) 
GLOBAL_UNCERTAINTY_ASSIGNED_CONTEXT((#295)) GLOBAL_UNIT_ASSIGNED_CONTEXT
((#292,#293,#294)) REPRESENTATION_CONTEXT('Context #1',
  '3D Context with UNIT and UNCERTAINTY') );
#292 = ( LENGTH_UNIT() NAMED_UNIT(*) SI_UNIT(.MILLI.,.METRE.) );
#293 = ( NAMED_UNIT(*) PLANE_ANGLE_UNIT() SI_UNIT($,.RADIAN.) );
#294 = ( NAMED_UNIT(*) SI_UNIT($,.STERADIAN.) SOLID_ANGLE_UNIT() );
#295 = UNCERTAINTY_MEASURE_WITH_UNIT(LENGTH_MEASURE(1.E-07),#292,
  'distance_accuracy_value','confusion accuracy');
#296 = PRODUCT_RELATED_PRODUCT_CATEGORY('part',$,(#7));
#297 = SHAPE_DEFINITION_REPRESENTATION(#298,#304);
#298 = PRODUCT_DEFINITION_SHAPE('','',#299);
#299 = PRODUCT_DEFINITION('design','',#300,#303);
#300 = PRODUCT_DEFINITION_FORMATION('','',#301);
#301 = PRODUCT('Slab_Concrete_Base','Slab_Concrete_Base','',(#302));
#302 = PRODUCT_CONTEXT('',#2,'mechanical');
#303 = PRODUCT_DEFINITION_CONTEXT('part definition',#2,'design');
#304 = ADVANCED_BREP_SHAPE_REPRESENTATION('',(#11,#305),#455);
#305 = MANIFOLD_SOLID_BREP('',#306);
#306 = CLOSED_SHELL('',(#307,#347,#387,#409,#431,#443));
#307 = ADVANCED_FACE('',(#308),#342,.F.);
#308 = FACE_BOUND('',#309,.F.);
#309 = EDGE_LOOP('',(#310,#320,#328,#336));
#310 = ORIENTED_EDGE('',*,*,#311,.F.);
#311 = EDGE_CURVE('',#312,#314,#316,.T.);
#312 = VERTEX_POINT('',#313);
#313 = CARTESIAN_POINT('',(0.,0.,0.));
#314 = VERTEX_POINT('',#315);
#315 = CARTESIAN_POINT('',(0.,0.,200.));
#316 = LINE('',#317,#318);
#317 = CARTESIAN_POINT('',(0.,0.,0.));
#318 = VECTOR('',#319,1.);
#319 = DIRECTION('',(0.,0.,1.));
#320 = ORIENTED_EDGE('',*,*,#321,.T.);
#321 = EDGE_CURVE('',#312,#322,#324,.T.);
#322 = VERTEX_POINT('',#323);
#323 = CARTESIAN_POINT('',(0.,4.2E+03,0.));
#324 = LINE('',#325,#326);
#325 = CARTESIAN_POINT('',(0.,0.,0.));
#326 = VECTOR('',#327,1.);
#327 = DIRECTION('',(-0.,1.,0.));
#328 = ORIENTED_EDGE('',*,*,#329,.T.);
#329 = EDGE_CURVE('',#322,#330,#332,.T.);
#330 = VERTEX_POINT('',#331);
#331 = CARTESIAN_POINT('',(0.,4.2E+03,200.));
#332 = LINE('',#333,#334);
#333 = CARTESIAN_POINT('',(0.,4.2E+03,0.));
#334 = VECTOR('',#335,1.);
#335 = DIRECTION('',(0.,0.,1.));
#336 = ORIENTED_EDGE('',*,*,#337,.F.);
#337 = EDGE_CURVE('',#314,#330,#338,.T.);
#338 = LINE('',#339,#340);
#339 = CARTESIAN_POINT('',(0.,0.,200.));
#340 = VECTOR('',#341,1.);
#341 = DIRECTION('',(-0.,1.,0.));
#342 = PLANE('',#343);
#343 = AXIS2_PLACEMENT_3D('',#344,#345,#346);
#344 = CARTESIAN_POINT('',(0.,0.,0.));
#345 = DIRECTION('',(1.,0.,-0.));
#346 = DIRECTION('',(0.,0.,1.));
#347 = ADVANCED_FACE('',(#348),#382,.T.);
#348 = FACE_BOUND('',#349,.T.);
#349 = EDGE_LOOP('',(#350,#360,#368,#376));
#350 = ORIENTED_EDGE('',*,*,#351,.F.);
#351 = EDGE_CURVE('',#352,#354,#356,.T.);
#352 = VERTEX_POINT('',#353);
#353 = CARTESIAN_POINT('',(6.E+03,0.,0.));
#354 = VERTEX_POINT('',#355);
#355 = CARTESIAN_POINT('',(6.E+03,0.,200.));
#356 = LINE('',#357,#358);
#357 = CARTESIAN_POINT('',(6.E+03,0.,0.));
#358 = VECTOR('',#359,1.);
#359 = DIRECTION('',(0.,0.,1.));
#360 = ORIENTED_EDGE('',*,*,#361,.T.);
#361 = EDGE_CURVE('',#352,#362,#364,.T.);
#362 = VERTEX_POINT('',#363);
#363 = CARTESIAN_POINT('',(6.E+03,4.2E+03,0.));
#364 = LINE('',#365,#366);
#365 = CARTESIAN_POINT('',(6.E+03,0.,0.));
#366 = VECTOR('',#367,1.);
#367 = DIRECTION('',(-0.,1.,0.));
#368 = ORIENTED_EDGE('',*,*,#369,.T.);
#369 = EDGE_CURVE('',#362,#370,#372,.T.);
#370 = VERTEX_POINT('',#371);
#371 = CARTESIAN_POINT('',(6.E+03,4.2E+03,200.));
#372 = LINE('',#373,#374);
#373 = CARTESIAN_POINT('',(6.E+03,4.2E+03,0.));
#374 = VECTOR('',#375,1.);
#375 = DIRECTION('',(0.,0.,1.));
#376 = ORIENTED_EDGE('',*,*,#377,.F.);
#377 = EDGE_CURVE('',#354,#370,#378,.T.);
#378 = LINE('',#379,#380);
#379 = CARTESIAN_POINT('',(6.E+03,0.,200.));
#380 = VECTOR('',#381,1.);
#381 = DIRECTION('',(-0.,1.,0.));
#382 = PLANE('',#383);
#383 = AXIS2_PLACEMENT_3D('',#384,#385,#386);
#384 = CARTESIAN_POINT('',(6.E+03,0.,0.));
#385 = DIRECTION('',(1.,0.,-0.));
#386 = DIRECTION('',(0.,0.,1.));
#387 = ADVANCED_FACE('',(#388),#404,.F.);
#388 = FACE_BOUND('',#389,.F.);
#389 = EDGE_LOOP('',(#390,#396,#397,#403));
#390 = ORIENTED_EDGE('',*,*,#391,.F.);
#391 = EDGE_CURVE('',#312,#352,#392,.T.);
#392 = LINE('',#393,#394);
#393 = CARTESIAN_POINT('',(0.,0.,0.));
#394 = VECTOR('',#395,1.);
#395 = DIRECTION('',(1.,0.,-0.));
#396 = ORIENTED_EDGE('',*,*,#311,.T.);
#397 = ORIENTED_EDGE('',*,*,#398,.T.);
#398 = EDGE_CURVE('',#314,#354,#399,.T.);
#399 = LINE('',#400,#401);
#400 = CARTESIAN_POINT('',(0.,0.,200.));
#401 = VECTOR('',#402,1.);
#402 = DIRECTION('',(1.,0.,-0.));
#403 = ORIENTED_EDGE('',*,*,#351,.F.);
#404 = PLANE('',#405);
#405 = AXIS2_PLACEMENT_3D('',#406,#407,#408);
#406 = CARTESIAN_POINT('',(0.,0.,0.));
#407 = DIRECTION('',(-0.,1.,0.));
#408 = DIRECTION('',(0.,0.,1.));
#409 = ADVANCED_FACE('',(#410),#426,.T.);
#410 = FACE_BOUND('',#411,.T.);
#411 = EDGE_LOOP('',(#412,#418,#419,#425));
#412 = ORIENTED_EDGE('',*,*,#413,.F.);
#413 = EDGE_CURVE('',#322,#362,#414,.T.);
#414 = LINE('',#415,#416);
#415 = CARTESIAN_POINT('',(0.,4.2E+03,0.));
#416 = VECTOR('',#417,1.);
#417 = DIRECTION('',(1.,0.,-0.));
#418 = ORIENTED_EDGE('',*,*,#329,.T.);
#419 = ORIENTED_EDGE('',*,*,#420,.T.);
#420 = EDGE_CURVE('',#330,#370,#421,.T.);
#421 = LINE('',#422,#423);
#422 = CARTESIAN_POINT('',(0.,4.2E+03,200.));
#423 = VECTOR('',#424,1.);
#424 = DIRECTION('',(1.,0.,-0.));
#425 = ORIENTED_EDGE('',*,*,#369,.F.);
#426 = PLANE('',#427);
#427 = AXIS2_PLACEMENT_3D('',#428,#429,#430);
#428 = CARTESIAN_POINT('',(0.,4.2E+03,0.));
#429 = DIRECTION('',(-0.,1.,0.));
#430 = DIRECTION('',(0.,0.,1.));
#431 = ADVANCED_FACE('',(#432),#438,.F.);
#432 = FACE_BOUND('',#433,.F.);
#433 = EDGE_LOOP('',(#434,#435,#436,#437));
#434 = ORIENTED_EDGE('',*,*,#321,.F.);
#435 = ORIENTED_EDGE('',*,*,#391,.T.);
#436 = ORIENTED_EDGE('',*,*,#361,.T.);
#437 = ORIENTED_EDGE('',*,*,#413,.F.);
#438 = PLANE('',#439);
#439 = AXIS2_PLACEMENT_3D('',#440,#441,#442);
#440 = CARTESIAN_POINT('',(0.,0.,0.));
#441 = DIRECTION('',(0.,0.,1.));
#442 = DIRECTION('',(1.,0.,-0.));
#443 = ADVANCED_FACE('',(#444),#450,.T.);
#444 = FACE_BOUND('',#445,.T.);
#445 = EDGE_LOOP('',(#446,#447,#448,#449));
#446 = ORIENTED_EDGE('',*,*,#337,.F.);
#447 = ORIENTED_EDGE('',*,*,#398,.T.);
#448 = ORIENTED_EDGE('',*,*,#377,.T.);
#449 = ORIENTED_EDGE('',*,*,#420,.F.);
#450 = PLANE('',#451);
#451 = AXIS2_PLACEMENT_3D('',#452,#453,#454);
#452 = CARTESIAN_POINT('',(0.,0.,200.));
#453 = DIRECTION('',(0.,0.,1.));
#454 = DIRECTION('',(1.,0.,-0.));
#455 = ( GEOMETRIC_REPRESENTATION_CONTEXT(3) 
GLOBAL_UNCERTAINTY_ASSIGNED_CONTEXT((#459)) GLOBAL_UNIT_ASSIGNED_CONTEXT
((#456,#457,#458)) REPRESENTATION_CONTEXT('Context #1',
  '3D Context with UNIT and UNCERTAINTY') );
#456 = ( LENGTH_UNIT() NAMED_UNIT(*) SI_UNIT(.MILLI.,.METRE.) );
#457 = ( NAMED_UNIT(*) PLANE_ANGLE_UNIT() SI_UNIT($,.RADIAN.) );
#458 = ( NAMED_UNIT(*) SI_UNIT($,.STERADIAN.) SOLID_ANGLE_UNIT() );
#459 = UNCERTAINTY_MEASURE_WITH_UNIT(LENGTH_MEASURE(1.E-07),#456,
  'distance_accuracy_value','confusion accuracy');
#460 = CONTEXT_DEPENDENT_SHAPE_REPRESENTATION(#461,#463);
#461 = ( REPRESENTATION_RELATIONSHIP('','',#304,#10) 
REPRESENTATION_RELATIONSHIP_WITH_TRANSFORMATION(#462) 
SHAPE_REPRESENTATION_RELATIONSHIP() );
#462 = ITEM_DEFINED_TRANSFORMATION('','',#11,#15);
#463 = PRODUCT_DEFINITION_SHAPE('Placement','Placement of an item',#464
  );
#464 = NEXT_ASSEMBLY_USAGE_OCCURRENCE('1','Slab_Concrete_Base','',#5,
  #299,$);
#465 = PRODUCT_RELATED_PRODUCT_CATEGORY('part',$,(#301));
#466 = SHAPE_DEFINITION_REPRESENTATION(#467,#473);
#467 = PRODUCT_DEFINITION_SHAPE('','',#468);
#468 = PRODUCT_DEFINITION('design','',#469,#472);
#469 = PRODUCT_DEFINITION_FORMATION('','',#470);
#470 = PRODUCT('Wall_North_01','Wall_North_01','',(#471));
#471 = PRODUCT_CONTEXT('',#2,'mechanical');
#472 = PRODUCT_DEFINITION_CONTEXT('part definition',#2,'design');
#473 = ADVANCED_BREP_SHAPE_REPRESENTATION('',(#11,#474),#624);
#474 = MANIFOLD_SOLID_BREP('',#475);
#475 = CLOSED_SHELL('',(#476,#516,#556,#578,#600,#612));
#476 = ADVANCED_FACE('',(#477),#511,.F.);
#477 = FACE_BOUND('',#478,.F.);
#478 = EDGE_LOOP('',(#479,#489,#497,#505));
#479 = ORIENTED_EDGE('',*,*,#480,.F.);
#480 = EDGE_CURVE('',#481,#483,#485,.T.);
#481 = VERTEX_POINT('',#482);
#482 = CARTESIAN_POINT('',(0.,4.E+03,200.));
#483 = VERTEX_POINT('',#484);
#484 = CARTESIAN_POINT('',(0.,4.E+03,3.4E+03));
#485 = LINE('',#486,#487);
#486 = CARTESIAN_POINT('',(0.,4.E+03,200.));
#487 = VECTOR('',#488,1.);
#488 = DIRECTION('',(0.,0.,1.));
#489 = ORIENTED_EDGE('',*,*,#490,.T.);
#490 = EDGE_CURVE('',#481,#491,#493,.T.);
#491 = VERTEX_POINT('',#492);
#492 = CARTESIAN_POINT('',(0.,4.2E+03,200.));
#493 = LINE('',#494,#495);
#494 = CARTESIAN_POINT('',(0.,4.E+03,200.));
#495 = VECTOR('',#496,1.);
#496 = DIRECTION('',(-0.,1.,0.));
#497 = ORIENTED_EDGE('',*,*,#498,.T.);
#498 = EDGE_CURVE('',#491,#499,#501,.T.);
#499 = VERTEX_POINT('',#500);
#500 = CARTESIAN_POINT('',(0.,4.2E+03,3.4E+03));
#501 = LINE('',#502,#503);
#502 = CARTESIAN_POINT('',(0.,4.2E+03,200.));
#503 = VECTOR('',#504,1.);
#504 = DIRECTION('',(0.,0.,1.));
#505 = ORIENTED_EDGE('',*,*,#506,.F.);
#506 = EDGE_CURVE('',#483,#499,#507,.T.);
#507 = LINE('',#508,#509);
#508 = CARTESIAN_POINT('',(0.,4.E+03,3.4E+03));
#509 = VECTOR('',#510,1.);
#510 = DIRECTION('',(-0.,1.,0.));
#511 = PLANE('',#512);
#512 = AXIS2_PLACEMENT_3D('',#513,#514,#515);
#513 = CARTESIAN_POINT('',(0.,4.E+03,200.));
#514 = DIRECTION('',(1.,0.,-0.));
#515 = DIRECTION('',(0.,0.,1.));
#516 = ADVANCED_FACE('',(#517),#551,.T.);
#517 = FACE_BOUND('',#518,.T.);
#518 = EDGE_LOOP('',(#519,#529,#537,#545));
#519 = ORIENTED_EDGE('',*,*,#520,.F.);
#520 = EDGE_CURVE('',#521,#523,#525,.T.);
#521 = VERTEX_POINT('',#522);
#522 = CARTESIAN_POINT('',(6.E+03,4.E+03,200.));
#523 = VERTEX_POINT('',#524);
#524 = CARTESIAN_POINT('',(6.E+03,4.E+03,3.4E+03));
#525 = LINE('',#526,#527);
#526 = CARTESIAN_POINT('',(6.E+03,4.E+03,200.));
#527 = VECTOR('',#528,1.);
#528 = DIRECTION('',(0.,0.,1.));
#529 = ORIENTED_EDGE('',*,*,#530,.T.);
#530 = EDGE_CURVE('',#521,#531,#533,.T.);
#531 = VERTEX_POINT('',#532);
#532 = CARTESIAN_POINT('',(6.E+03,4.2E+03,200.));
#533 = LINE('',#534,#535);
#534 = CARTESIAN_POINT('',(6.E+03,4.E+03,200.));
#535 = VECTOR('',#536,1.);
#536 = DIRECTION('',(-0.,1.,0.));
#537 = ORIENTED_EDGE('',*,*,#538,.T.);
#538 = EDGE_CURVE('',#531,#539,#541,.T.);
#539 = VERTEX_POINT('',#540);
#540 = CARTESIAN_POINT('',(6.E+03,4.2E+03,3.4E+03));
#541 = LINE('',#542,#543);
#542 = CARTESIAN_POINT('',(6.E+03,4.2E+03,200.));
#543 = VECTOR('',#544,1.);
#544 = DIRECTION('',(0.,0.,1.));
#545 = ORIENTED_EDGE('',*,*,#546,.F.);
#546 = EDGE_CURVE('',#523,#539,#547,.T.);
#547 = LINE('',#548,#549);
#548 = CARTESIAN_POINT('',(6.E+03,4.E+03,3.4E+03));
#549 = VECTOR('',#550,1.);
#550 = DIRECTION('',(-0.,1.,0.));
#551 = PLANE('',#552);
#552 = AXIS2_PLACEMENT_3D('',#553,#554,#555);
#553 = CARTESIAN_POINT('',(6.E+03,4.E+03,200.));
#554 = DIRECTION('',(1.,0.,-0.));
#555 = DIRECTION('',(0.,0.,1.));
#556 = ADVANCED_FACE('',(#557),#573,.F.);
#557 = FACE_BOUND('',#558,.F.);
#558 = EDGE_LOOP('',(#559,#565,#566,#572));
#559 = ORIENTED_EDGE('',*,*,#560,.F.);
#560 = EDGE_CURVE('',#481,#521,#561,.T.);
#561 = LINE('',#562,#563);
#562 = CARTESIAN_POINT('',(0.,4.E+03,200.));
#563 = VECTOR('',#564,1.);
#564 = DIRECTION('',(1.,0.,-0.));
#565 = ORIENTED_EDGE('',*,*,#480,.T.);
#566 = ORIENTED_EDGE('',*,*,#567,.T.);
#567 = EDGE_CURVE('',#483,#523,#568,.T.);
#568 = LINE('',#569,#570);
#569 = CARTESIAN_POINT('',(0.,4.E+03,3.4E+03));
#570 = VECTOR('',#571,1.);
#571 = DIRECTION('',(1.,0.,-0.));
#572 = ORIENTED_EDGE('',*,*,#520,.F.);
#573 = PLANE('',#574);
#574 = AXIS2_PLACEMENT_3D('',#575,#576,#577);
#575 = CARTESIAN_POINT('',(0.,4.E+03,200.));
#576 = DIRECTION('',(-0.,1.,0.));
#577 = DIRECTION('',(0.,0.,1.));
#578 = ADVANCED_FACE('',(#579),#595,.T.);
#579 = FACE_BOUND('',#580,.T.);
#580 = EDGE_LOOP('',(#581,#587,#588,#594));
#581 = ORIENTED_EDGE('',*,*,#582,.F.);
#582 = EDGE_CURVE('',#491,#531,#583,.T.);
#583 = LINE('',#584,#585);
#584 = CARTESIAN_POINT('',(0.,4.2E+03,200.));
#585 = VECTOR('',#586,1.);
#586 = DIRECTION('',(1.,0.,-0.));
#587 = ORIENTED_EDGE('',*,*,#498,.T.);
#588 = ORIENTED_EDGE('',*,*,#589,.T.);
#589 = EDGE_CURVE('',#499,#539,#590,.T.);
#590 = LINE('',#591,#592);
#591 = CARTESIAN_POINT('',(0.,4.2E+03,3.4E+03));
#592 = VECTOR('',#593,1.);
#593 = DIRECTION('',(1.,0.,-0.));
#594 = ORIENTED_EDGE('',*,*,#538,.F.);
#595 = PLANE('',#596);
#596 = AXIS2_PLACEMENT_3D('',#597,#598,#599);
#597 = CARTESIAN_POINT('',(0.,4.2E+03,200.));
#598 = DIRECTION('',(-0.,1.,0.));
#599 = DIRECTION('',(0.,0.,1.));
#600 = ADVANCED_FACE('',(#601),#607,.F.);
#601 = FACE_BOUND('',#602,.F.);
#602 = EDGE_LOOP('',(#603,#604,#605,#606));
#603 = ORIENTED_EDGE('',*,*,#490,.F.);
#604 = ORIENTED_EDGE('',*,*,#560,.T.);
#605 = ORIENTED_EDGE('',*,*,#530,.T.);
#606 = ORIENTED_EDGE('',*,*,#582,.F.);
#607 = PLANE('',#608);
#608 = AXIS2_PLACEMENT_3D('',#609,#610,#611);
#609 = CARTESIAN_POINT('',(0.,4.E+03,200.));
#610 = DIRECTION('',(0.,0.,1.));
#611 = DIRECTION('',(1.,0.,-0.));
#612 = ADVANCED_FACE('',(#613),#619,.T.);
#613 = FACE_BOUND('',#614,.T.);
#614 = EDGE_LOOP('',(#615,#616,#617,#618));
#615 = ORIENTED_EDGE('',*,*,#506,.F.);
#616 = ORIENTED_EDGE('',*,*,#567,.T.);
#617 = ORIENTED_EDGE('',*,*,#546,.T.);
#618 = ORIENTED_EDGE('',*,*,#589,.F.);
#619 = PLANE('',#620);
#620 = AXIS2_PLACEMENT_3D('',#621,#622,#623);
#621 = CARTESIAN_POINT('',(0.,4.E+03,3.4E+03));
#622 = DIRECTION('',(0.,0.,1.));
#623 = DIRECTION('',(1.,0.,-0.));
#624 = ( GEOMETRIC_REPRESENTATION_CONTEXT(3) 
GLOBAL_UNCERTAINTY_ASSIGNED_CONTEXT((#628)) GLOBAL_UNIT_ASSIGNED_CONTEXT
((#625,#626,#627)) REPRESENTATION_CONTEXT('Context #1',
  '3D Context with UNIT and UNCERTAINTY') );
#625 = ( LENGTH_UNIT() NAMED_UNIT(*) SI_UNIT(.MILLI.,.METRE.) );
#626 = ( NAMED_UNIT(*) PLANE_ANGLE_UNIT() SI_UNIT($,.RADIAN.) );
#627 = ( NAMED_UNIT(*) SI_UNIT($,.STERADIAN.) SOLID_ANGLE_UNIT() );
#628 = UNCERTAINTY_MEASURE_WITH_UNIT(LENGTH_MEASURE(1.E-07),#625,
  'distance_accuracy_value','confusion accuracy');
#629 = CONTEXT_DEPENDENT_SHAPE_REPRESENTATION(#630,#632);
#630 = ( REPRESENTATION_RELATIONSHIP('','',#473,#10) 
REPRESENTATION_RELATIONSHIP_WITH_TRANSFORMATION(#631) 
SHAPE_REPRESENTATION_RELATIONSHIP() );
#631 = ITEM_DEFINED_TRANSFORMATION('','',#11,#19);
#632 = PRODUCT_DEFINITION_SHAPE('Placement','Placement of an item',#633
  );
#633 = NEXT_ASSEMBLY_USAGE_OCCURRENCE('2','Wall_North_01','',#5,#468,$);
#634 = PRODUCT_RELATED_PRODUCT_CATEGORY('part',$,(#470));
#635 = SHAPE_DEFINITION_REPRESENTATION(#636,#642);
#636 = PRODUCT_DEFINITION_SHAPE('','',#637);
#637 = PRODUCT_DEFINITION('design','',#638,#641);
#638 = PRODUCT_DEFINITION_FORMATION('','',#639);
#639 = PRODUCT('Wall_South_01','Wall_South_01','',(#640));
#640 = PRODUCT_CONTEXT('',#2,'mechanical');
#641 = PRODUCT_DEFINITION_CONTEXT('part definition',#2,'design');
#642 = ADVANCED_BREP_SHAPE_REPRESENTATION('',(#11,#643),#793);
#643 = MANIFOLD_SOLID_BREP('',#644);
#644 = CLOSED_SHELL('',(#645,#685,#725,#747,#769,#781));
#645 = ADVANCED_FACE('',(#646),#680,.F.);
#646 = FACE_BOUND('',#647,.F.);
#647 = EDGE_LOOP('',(#648,#658,#666,#674));
#648 = ORIENTED_EDGE('',*,*,#649,.F.);
#649 = EDGE_CURVE('',#650,#652,#654,.T.);
#650 = VERTEX_POINT('',#651);
#651 = CARTESIAN_POINT('',(0.,0.,200.));
#652 = VERTEX_POINT('',#653);
#653 = CARTESIAN_POINT('',(0.,0.,3.4E+03));
#654 = LINE('',#655,#656);
#655 = CARTESIAN_POINT('',(0.,0.,200.));
#656 = VECTOR('',#657,1.);
#657 = DIRECTION('',(0.,0.,1.));
#658 = ORIENTED_EDGE('',*,*,#659,.T.);
#659 = EDGE_CURVE('',#650,#660,#662,.T.);
#660 = VERTEX_POINT('',#661);
#661 = CARTESIAN_POINT('',(0.,200.,200.));
#662 = LINE('',#663,#664);
#663 = CARTESIAN_POINT('',(0.,0.,200.));
#664 = VECTOR('',#665,1.);
#665 = DIRECTION('',(-0.,1.,0.));
#666 = ORIENTED_EDGE('',*,*,#667,.T.);
#667 = EDGE_CURVE('',#660,#668,#670,.T.);
#668 = VERTEX_POINT('',#669);
#669 = CARTESIAN_POINT('',(0.,200.,3.4E+03));
#670 = LINE('',#671,#672);
#671 = CARTESIAN_POINT('',(0.,200.,200.));
#672 = VECTOR('',#673,1.);
#673 = DIRECTION('',(0.,0.,1.));
#674 = ORIENTED_EDGE('',*,*,#675,.F.);
#675 = EDGE_CURVE('',#652,#668,#676,.T.);
#676 = LINE('',#677,#678);
#677 = CARTESIAN_POINT('',(0.,0.,3.4E+03));
#678 = VECTOR('',#679,1.);
#679 = DIRECTION('',(-0.,1.,0.));
#680 = PLANE('',#681);
#681 = AXIS2_PLACEMENT_3D('',#682,#683,#684);
#682 = CARTESIAN_POINT('',(0.,0.,200.));
#683 = DIRECTION('',(1.,0.,-0.));
#684 = DIRECTION('',(0.,0.,1.));
#685 = ADVANCED_FACE('',(#686),#720,.T.);
#686 = FACE_BOUND('',#687,.T.);
#687 = EDGE_LOOP('',(#688,#698,#706,#714));
#688 = ORIENTED_EDGE('',*,*,#689,.F.);
#689 = EDGE_CURVE('',#690,#692,#694,.T.);
#690 = VERTEX_POINT('',#691);
#691 = CARTESIAN_POINT('',(2.3E+03,0.,200.));
#692 = VERTEX_POINT('',#693);
#693 = CARTESIAN_POINT('',(2.3E+03,0.,3.4E+03));
#694 = LINE('',#695,#696);
#695 = CARTESIAN_POINT('',(2.3E+03,0.,200.));
#696 = VECTOR('',#697,1.);
#697 = DIRECTION('',(0.,0.,1.));
#698 = ORIENTED_EDGE('',*,*,#699,.T.);
#699 = EDGE_CURVE('',#690,#700,#702,.T.);
#700 = VERTEX_POINT('',#701);
#701 = CARTESIAN_POINT('',(2.3E+03,200.,200.));
#702 = LINE('',#703,#704);
#703 = CARTESIAN_POINT('',(2.3E+03,0.,200.));
#704 = VECTOR('',#705,1.);
#705 = DIRECTION('',(-0.,1.,0.));
#706 = ORIENTED_EDGE('',*,*,#707,.T.);
#707 = EDGE_CURVE('',#700,#708,#710,.T.);
#708 = VERTEX_POINT('',#709);
#709 = CARTESIAN_POINT('',(2.3E+03,200.,3.4E+03));
#710 = LINE('',#711,#712);
#711 = CARTESIAN_POINT('',(2.3E+03,200.,200.));
#712 = VECTOR('',#713,1.);
#713 = DIRECTION('',(0.,0.,1.));
#714 = ORIENTED_EDGE('',*,*,#715,.F.);
#715 = EDGE_CURVE('',#692,#708,#716,.T.);
#716 = LINE('',#717,#718);
#717 = CARTESIAN_POINT('',(2.3E+03,0.,3.4E+03));
#718 = VECTOR('',#719,1.);
#719 = DIRECTION('',(-0.,1.,0.));
#720 = PLANE('',#721);
#721 = AXIS2_PLACEMENT_3D('',#722,#723,#724);
#722 = CARTESIAN_POINT('',(2.3E+03,0.,200.));
#723 = DIRECTION('',(1.,0.,-0.));
#724 = DIRECTION('',(0.,0.,1.));
#725 = ADVANCED_FACE('',(#726),#742,.F.);
#726 = FACE_BOUND('',#727,.F.);
#727 = EDGE_LOOP('',(#728,#734,#735,#741));
#728 = ORIENTED_EDGE('',*,*,#729,.F.);
#729 = EDGE_CURVE('',#650,#690,#730,.T.);
#730 = LINE('',#731,#732);
#731 = CARTESIAN_POINT('',(0.,0.,200.));
#732 = VECTOR('',#733,1.);
#733 = DIRECTION('',(1.,0.,-0.));
#734 = ORIENTED_EDGE('',*,*,#649,.T.);
#735 = ORIENTED_EDGE('',*,*,#736,.T.);
#736 = EDGE_CURVE('',#652,#692,#737,.T.);
#737 = LINE('',#738,#739);
#738 = CARTESIAN_POINT('',(0.,0.,3.4E+03));
#739 = VECTOR('',#740,1.);
#740 = DIRECTION('',(1.,0.,-0.));
#741 = ORIENTED_EDGE('',*,*,#689,.F.);
#742 = PLANE('',#743);
#743 = AXIS2_PLACEMENT_3D('',#744,#745,#746);
#744 = CARTESIAN_POINT('',(0.,0.,200.));
#745 = DIRECTION('',(-0.,1.,0.));
#746 = DIRECTION('',(0.,0.,1.));
#747 = ADVANCED_FACE('',(#748),#764,.T.);
#748 = FACE_BOUND('',#749,.T.);
#749 = EDGE_LOOP('',(#750,#756,#757,#763));
#750 = ORIENTED_EDGE('',*,*,#751,.F.);
#751 = EDGE_CURVE('',#660,#700,#752,.T.);
#752 = LINE('',#753,#754);
#753 = CARTESIAN_POINT('',(0.,200.,200.));
#754 = VECTOR('',#755,1.);
#755 = DIRECTION('',(1.,0.,-0.));
#756 = ORIENTED_EDGE('',*,*,#667,.T.);
#757 = ORIENTED_EDGE('',*,*,#758,.T.);
#758 = EDGE_CURVE('',#668,#708,#759,.T.);
#759 = LINE('',#760,#761);
#760 = CARTESIAN_POINT('',(0.,200.,3.4E+03));
#761 = VECTOR('',#762,1.);
#762 = DIRECTION('',(1.,0.,-0.));
#763 = ORIENTED_EDGE('',*,*,#707,.F.);
#764 = PLANE('',#765);
#765 = AXIS2_PLACEMENT_3D('',#766,#767,#768);
#766 = CARTESIAN_POINT('',(0.,200.,200.));
#767 = DIRECTION('',(-0.,1.,0.));
#768 = DIRECTION('',(0.,0.,1.));
#769 = ADVANCED_FACE('',(#770),#776,.F.);
#770 = FACE_BOUND('',#771,.F.);
#771 = EDGE_LOOP('',(#772,#773,#774,#775));
#772 = ORIENTED_EDGE('',*,*,#659,.F.);
#773 = ORIENTED_EDGE('',*,*,#729,.T.);
#774 = ORIENTED_EDGE('',*,*,#699,.T.);
#775 = ORIENTED_EDGE('',*,*,#751,.F.);
#776 = PLANE('',#777);
#777 = AXIS2_PLACEMENT_3D('',#778,#779,#780);
#778 = CARTESIAN_POINT('',(0.,0.,200.));
#779 = DIRECTION('',(0.,0.,1.));
#780 = DIRECTION('',(1.,0.,-0.));
#781 = ADVANCED_FACE('',(#782),#788,.T.);
#782 = FACE_BOUND('',#783,.T.);
#783 = EDGE_LOOP('',(#784,#785,#786,#787));
#784 = ORIENTED_EDGE('',*,*,#675,.F.);
#785 = ORIENTED_EDGE('',*,*,#736,.T.);
#786 = ORIENTED_EDGE('',*,*,#715,.T.);
#787 = ORIENTED_EDGE('',*,*,#758,.F.);
#788 = PLANE('',#789);
#789 = AXIS2_PLACEMENT_3D('',#790,#791,#792);
#790 = CARTESIAN_POINT('',(0.,0.,3.4E+03));
#791 = DIRECTION('',(0.,0.,1.));
#792 = DIRECTION('',(1.,0.,-0.));
#793 = ( GEOMETRIC_REPRESENTATION_CONTEXT(3) 
GLOBAL_UNCERTAINTY_ASSIGNED_CONTEXT((#797)) GLOBAL_UNIT_ASSIGNED_CONTEXT
((#794,#795,#796)) REPRESENTATION_CONTEXT('Context #1',
  '3D Context with UNIT and UNCERTAINTY') );
#794 = ( LENGTH_UNIT() NAMED_UNIT(*) SI_UNIT(.MILLI.,.METRE.) );
#795 = ( NAMED_UNIT(*) PLANE_ANGLE_UNIT() SI_UNIT($,.RADIAN.) );
#796 = ( NAMED_UNIT(*) SI_UNIT($,.STERADIAN.) SOLID_ANGLE_UNIT() );
#797 = UNCERTAINTY_MEASURE_WITH_UNIT(LENGTH_MEASURE(1.E-07),#794,
  'distance_accuracy_value','confusion accuracy');
#798 = CONTEXT_DEPENDENT_SHAPE_REPRESENTATION(#799,#801);
#799 = ( REPRESENTATION_RELATIONSHIP('','',#642,#10) 
REPRESENTATION_RELATIONSHIP_WITH_TRANSFORMATION(#800) 
SHAPE_REPRESENTATION_RELATIONSHIP() );
#800 = ITEM_DEFINED_TRANSFORMATION('','',#11,#23);
#801 = PRODUCT_DEFINITION_SHAPE('Placement','Placement of an item',#802
  );
#802 = NEXT_ASSEMBLY_USAGE_OCCURRENCE('3','Wall_South_01','',#5,#637,$);
#803 = PRODUCT_RELATED_PRODUCT_CATEGORY('part',$,(#639));
#804 = SHAPE_DEFINITION_REPRESENTATION(#805,#811);
#805 = PRODUCT_DEFINITION_SHAPE('','',#806);
#806 = PRODUCT_DEFINITION('design','',#807,#810);
#807 = PRODUCT_DEFINITION_FORMATION('','',#808);
#808 = PRODUCT('Wall_South_02','Wall_South_02','',(#809));
#809 = PRODUCT_CONTEXT('',#2,'mechanical');
#810 = PRODUCT_DEFINITION_CONTEXT('part definition',#2,'design');
#811 = ADVANCED_BREP_SHAPE_REPRESENTATION('',(#11,#812),#962);
#812 = MANIFOLD_SOLID_BREP('',#813);
#813 = CLOSED_SHELL('',(#814,#854,#894,#916,#938,#950));
#814 = ADVANCED_FACE('',(#815),#849,.F.);
#815 = FACE_BOUND('',#816,.F.);
#816 = EDGE_LOOP('',(#817,#827,#835,#843));
#817 = ORIENTED_EDGE('',*,*,#818,.F.);
#818 = EDGE_CURVE('',#819,#821,#823,.T.);
#819 = VERTEX_POINT('',#820);
#820 = CARTESIAN_POINT('',(3.3E+03,0.,200.));
#821 = VERTEX_POINT('',#822);
#822 = CARTESIAN_POINT('',(3.3E+03,0.,3.4E+03));
#823 = LINE('',#824,#825);
#824 = CARTESIAN_POINT('',(3.3E+03,0.,200.));
#825 = VECTOR('',#826,1.);
#826 = DIRECTION('',(0.,0.,1.));
#827 = ORIENTED_EDGE('',*,*,#828,.T.);
#828 = EDGE_CURVE('',#819,#829,#831,.T.);
#829 = VERTEX_POINT('',#830);
#830 = CARTESIAN_POINT('',(3.3E+03,200.,200.));
#831 = LINE('',#832,#833);
#832 = CARTESIAN_POINT('',(3.3E+03,0.,200.));
#833 = VECTOR('',#834,1.);
#834 = DIRECTION('',(-0.,1.,0.));
#835 = ORIENTED_EDGE('',*,*,#836,.T.);
#836 = EDGE_CURVE('',#829,#837,#839,.T.);
#837 = VERTEX_POINT('',#838);
#838 = CARTESIAN_POINT('',(3.3E+03,200.,3.4E+03));
#839 = LINE('',#840,#841);
#840 = CARTESIAN_POINT('',(3.3E+03,200.,200.));
#841 = VECTOR('',#842,1.);
#842 = DIRECTION('',(0.,0.,1.));
#843 = ORIENTED_EDGE('',*,*,#844,.F.);
#844 = EDGE_CURVE('',#821,#837,#845,.T.);
#845 = LINE('',#846,#847);
#846 = CARTESIAN_POINT('',(3.3E+03,0.,3.4E+03));
#847 = VECTOR('',#848,1.);
#848 = DIRECTION('',(-0.,1.,0.));
#849 = PLANE('',#850);
#850 = AXIS2_PLACEMENT_3D('',#851,#852,#853);
#851 = CARTESIAN_POINT('',(3.3E+03,0.,200.));
#852 = DIRECTION('',(1.,0.,-0.));
#853 = DIRECTION('',(0.,0.,1.));
#854 = ADVANCED_FACE('',(#855),#889,.T.);
#855 = FACE_BOUND('',#856,.T.);
#856 = EDGE_LOOP('',(#857,#867,#875,#883));
#857 = ORIENTED_EDGE('',*,*,#858,.F.);
#858 = EDGE_CURVE('',#859,#861,#863,.T.);
#859 = VERTEX_POINT('',#860);
#860 = CARTESIAN_POINT('',(6.E+03,0.,200.));
#861 = VERTEX_POINT('',#862);
#862 = CARTESIAN_POINT('',(6.E+03,0.,3.4E+03));
#863 = LINE('',#864,#865);
#864 = CARTESIAN_POINT('',(6.E+03,0.,200.));
#865 = VECTOR('',#866,1.);
#866 = DIRECTION('',(0.,0.,1.));
#867 = ORIENTED_EDGE('',*,*,#868,.T.);
#868 = EDGE_CURVE('',#859,#869,#871,.T.);
#869 = VERTEX_POINT('',#870);
#870 = CARTESIAN_POINT('',(6.E+03,200.,200.));
#871 = LINE('',#872,#873);
#872 = CARTESIAN_POINT('',(6.E+03,0.,200.));
#873 = VECTOR('',#874,1.);
#874 = DIRECTION('',(-0.,1.,0.));
#875 = ORIENTED_EDGE('',*,*,#876,.T.);
#876 = EDGE_CURVE('',#869,#877,#879,.T.);
#877 = VERTEX_POINT('',#878);
#878 = CARTESIAN_POINT('',(6.E+03,200.,3.4E+03));
#879 = LINE('',#880,#881);
#880 = CARTESIAN_POINT('',(6.E+03,200.,200.));
#881 = VECTOR('',#882,1.);
#882 = DIRECTION('',(0.,0.,1.));
#883 = ORIENTED_EDGE('',*,*,#884,.F.);
#884 = EDGE_CURVE('',#861,#877,#885,.T.);
#885 = LINE('',#886,#887);
#886 = CARTESIAN_POINT('',(6.E+03,0.,3.4E+03));
#887 = VECTOR('',#888,1.);
#888 = DIRECTION('',(-0.,1.,0.));
#889 = PLANE('',#890);
#890 = AXIS2_PLACEMENT_3D('',#891,#892,#893);
#891 = CARTESIAN_POINT('',(6.E+03,0.,200.));
#892 = DIRECTION('',(1.,0.,-0.));
#893 = DIRECTION('',(0.,0.,1.));
#894 = ADVANCED_FACE('',(#895),#911,.F.);
#895 = FACE_BOUND('',#896,.F.);
#896 = EDGE_LOOP('',(#897,#903,#904,#910));
#897 = ORIENTED_EDGE('',*,*,#898,.F.);
#898 = EDGE_CURVE('',#819,#859,#899,.T.);
#899 = LINE('',#900,#901);
#900 = CARTESIAN_POINT('',(3.3E+03,0.,200.));
#901 = VECTOR('',#902,1.);
#902 = DIRECTION('',(1.,0.,-0.));
#903 = ORIENTED_EDGE('',*,*,#818,.T.);
#904 = ORIENTED_EDGE('',*,*,#905,.T.);
#905 = EDGE_CURVE('',#821,#861,#906,.T.);
#906 = LINE('',#907,#908);
#907 = CARTESIAN_POINT('',(3.3E+03,0.,3.4E+03));
#908 = VECTOR('',#909,1.);
#909 = DIRECTION('',(1.,0.,-0.));
#910 = ORIENTED_EDGE('',*,*,#858,.F.);
#911 = PLANE('',#912);
#912 = AXIS2_PLACEMENT_3D('',#913,#914,#915);
#913 = CARTESIAN_POINT('',(3.3E+03,0.,200.));
#914 = DIRECTION('',(-0.,1.,0.));
#915 = DIRECTION('',(0.,0.,1.));
#916 = ADVANCED_FACE('',(#917),#933,.T.);
#917 = FACE_BOUND('',#918,.T.);
#918 = EDGE_LOOP('',(#919,#925,#926,#932));
#919 = ORIENTED_EDGE('',*,*,#920,.F.);
#920 = EDGE_CURVE('',#829,#869,#921,.T.);
#921 = LINE('',#922,#923);
#922 = CARTESIAN_POINT('',(3.3E+03,200.,200.));
#923 = VECTOR('',#924,1.);
#924 = DIRECTION('',(1.,0.,-0.));
#925 = ORIENTED_EDGE('',*,*,#836,.T.);
#926 = ORIENTED_EDGE('',*,*,#927,.T.);
#927 = EDGE_CURVE('',#837,#877,#928,.T.);
#928 = LINE('',#929,#930);
#929 = CARTESIAN_POINT('',(3.3E+03,200.,3.4E+03));
#930 = VECTOR('',#931,1.);
#931 = DIRECTION('',(1.,0.,-0.));
#932 = ORIENTED_EDGE('',*,*,#876,.F.);
#933 = PLANE('',#934);
#934 = AXIS2_PLACEMENT_3D('',#935,#936,#937);
#935 = CARTESIAN_POINT('',(3.3E+03,200.,200.));
#936 = DIRECTION('',(-0.,1.,0.));
#937 = DIRECTION('',(0.,0.,1.));
#938 = ADVANCED_FACE('',(#939),#945,.F.);
#939 = FACE_BOUND('',#940,.F.);
#940 = EDGE_LOOP('',(#941,#942,#943,#944));
#941 = ORIENTED_EDGE('',*,*,#828,.F.);
#942 = ORIENTED_EDGE('',*,*,#898,.T.);
#943 = ORIENTED_EDGE('',*,*,#868,.T.);
#944 = ORIENTED_EDGE('',*,*,#920,.F.);
#945 = PLANE('',#946);
#946 = AXIS2_PLACEMENT_3D('',#947,#948,#949);
#947 = CARTESIAN_POINT('',(3.3E+03,0.,200.));
#948 = DIRECTION('',(0.,0.,1.));
#949 = DIRECTION('',(1.,0.,-0.));
#950 = ADVANCED_FACE('',(#951),#957,.T.);
#951 = FACE_BOUND('',#952,.T.);
#952 = EDGE_LOOP('',(#953,#954,#955,#956));
#953 = ORIENTED_EDGE('',*,*,#844,.F.);
#954 = ORIENTED_EDGE('',*,*,#905,.T.);
#955 = ORIENTED_EDGE('',*,*,#884,.T.);
#956 = ORIENTED_EDGE('',*,*,#927,.F.);
#957 = PLANE('',#958);
#958 = AXIS2_PLACEMENT_3D('',#959,#960,#961);
#959 = CARTESIAN_POINT('',(3.3E+03,0.,3.4E+03));
#960 = DIRECTION('',(0.,0.,1.));
#961 = DIRECTION('',(1.,0.,-0.));
#962 = ( GEOMETRIC_REPRESENTATION_CONTEXT(3) 
GLOBAL_UNCERTAINTY_ASSIGNED_CONTEXT((#966)) GLOBAL_UNIT_ASSIGNED_CONTEXT
((#963,#964,#965)) REPRESENTATION_CONTEXT('Context #1',
  '3D Context with UNIT and UNCERTAINTY') );
#963 = ( LENGTH_UNIT() NAMED_UNIT(*) SI_UNIT(.MILLI.,.METRE.) );
#964 = ( NAMED_UNIT(*) PLANE_ANGLE_UNIT() SI_UNIT($,.RADIAN.) );
#965 = ( NAMED_UNIT(*) SI_UNIT($,.STERADIAN.) SOLID_ANGLE_UNIT() );
#966 = UNCERTAINTY_MEASURE_WITH_UNIT(LENGTH_MEASURE(1.E-07),#963,
  'distance_accuracy_value','confusion accuracy');
#967 = CONTEXT_DEPENDENT_SHAPE_REPRESENTATION(#968,#970);
#968 = ( REPRESENTATION_RELATIONSHIP('','',#811,#10) 
REPRESENTATION_RELATIONSHIP_WITH_TRANSFORMATION(#969) 
SHAPE_REPRESENTATION_RELATIONSHIP() );
#969 = ITEM_DEFINED_TRANSFORMATION('','',#11,#27);
#970 = PRODUCT_DEFINITION_SHAPE('Placement','Placement of an item',#971
  );
#971 = NEXT_ASSEMBLY_USAGE_OCCURRENCE('4','Wall_South_02','',#5,#806,$);
#972 = PRODUCT_RELATED_PRODUCT_CATEGORY('part',$,(#808));
#973 = SHAPE_DEFINITION_REPRESENTATION(#974,#980);
#974 = PRODUCT_DEFINITION_SHAPE('','',#975);
#975 = PRODUCT_DEFINITION('design','',#976,#979);
#976 = PRODUCT_DEFINITION_FORMATION('','',#977);
#977 = PRODUCT('Wall_East_01','Wall_East_01','',(#978));
#978 = PRODUCT_CONTEXT('',#2,'mechanical');
#979 = PRODUCT_DEFINITION_CONTEXT('part definition',#2,'design');
#980 = ADVANCED_BREP_SHAPE_REPRESENTATION('',(#11,#981),#1131);
#981 = MANIFOLD_SOLID_BREP('',#982);
#982 = CLOSED_SHELL('',(#983,#1023,#1063,#1085,#1107,#1119));
#983 = ADVANCED_FACE('',(#984),#1018,.F.);
#984 = FACE_BOUND('',#985,.F.);
#985 = EDGE_LOOP('',(#986,#996,#1004,#1012));
#986 = ORIENTED_EDGE('',*,*,#987,.F.);
#987 = EDGE_CURVE('',#988,#990,#992,.T.);
#988 = VERTEX_POINT('',#989);
#989 = CARTESIAN_POINT('',(5.8E+03,0.,200.));
#990 = VERTEX_POINT('',#991);
#991 = CARTESIAN_POINT('',(5.8E+03,0.,3.4E+03));
#992 = LINE('',#993,#994);
#993 = CARTESIAN_POINT('',(5.8E+03,0.,200.));
#994 = VECTOR('',#995,1.);
#995 = DIRECTION('',(0.,0.,1.));
#996 = ORIENTED_EDGE('',*,*,#997,.T.);
#997 = EDGE_CURVE('',#988,#998,#1000,.T.);
#998 = VERTEX_POINT('',#999);
#999 = CARTESIAN_POINT('',(5.8E+03,4.2E+03,200.));
#1000 = LINE('',#1001,#1002);
#1001 = CARTESIAN_POINT('',(5.8E+03,0.,200.));
#1002 = VECTOR('',#1003,1.);
#1003 = DIRECTION('',(-0.,1.,0.));
#1004 = ORIENTED_EDGE('',*,*,#1005,.T.);
#1005 = EDGE_CURVE('',#998,#1006,#1008,.T.);
#1006 = VERTEX_POINT('',#1007);
#1007 = CARTESIAN_POINT('',(5.8E+03,4.2E+03,3.4E+03));
#1008 = LINE('',#1009,#1010);
#1009 = CARTESIAN_POINT('',(5.8E+03,4.2E+03,200.));
#1010 = VECTOR('',#1011,1.);
#1011 = DIRECTION('',(0.,0.,1.));
#1012 = ORIENTED_EDGE('',*,*,#1013,.F.);
#1013 = EDGE_CURVE('',#990,#1006,#1014,.T.);
#1014 = LINE('',#1015,#1016);
#1015 = CARTESIAN_POINT('',(5.8E+03,0.,3.4E+03));
#1016 = VECTOR('',#1017,1.);
#1017 = DIRECTION('',(-0.,1.,0.));
#1018 = PLANE('',#1019);
#1019 = AXIS2_PLACEMENT_3D('',#1020,#1021,#1022);
#1020 = CARTESIAN_POINT('',(5.8E+03,0.,200.));
#1021 = DIRECTION('',(1.,0.,-0.));
#1022 = DIRECTION('',(0.,0.,1.));
#1023 = ADVANCED_FACE('',(#1024),#1058,.T.);
#1024 = FACE_BOUND('',#1025,.T.);
#1025 = EDGE_LOOP('',(#1026,#1036,#1044,#1052));
#1026 = ORIENTED_EDGE('',*,*,#1027,.F.);
#1027 = EDGE_CURVE('',#1028,#1030,#1032,.T.);
#1028 = VERTEX_POINT('',#1029);
#1029 = CARTESIAN_POINT('',(6.E+03,0.,200.));
#1030 = VERTEX_POINT('',#1031);
#1031 = CARTESIAN_POINT('',(6.E+03,0.,3.4E+03));
#1032 = LINE('',#1033,#1034);
#1033 = CARTESIAN_POINT('',(6.E+03,0.,200.));
#1034 = VECTOR('',#1035,1.);
#1035 = DIRECTION('',(0.,0.,1.));
#1036 = ORIENTED_EDGE('',*,*,#1037,.T.);
#1037 = EDGE_CURVE('',#1028,#1038,#1040,.T.);
#1038 = VERTEX_POINT('',#1039);
#1039 = CARTESIAN_POINT('',(6.E+03,4.2E+03,200.));
#1040 = LINE('',#1041,#1042);
#1041 = CARTESIAN_POINT('',(6.E+03,0.,200.));
#1042 = VECTOR('',#1043,1.);
#1043 = DIRECTION('',(-0.,1.,0.));
#1044 = ORIENTED_EDGE('',*,*,#1045,.T.);
#1045 = EDGE_CURVE('',#1038,#1046,#1048,.T.);
#1046 = VERTEX_POINT('',#1047);
#1047 = CARTESIAN_POINT('',(6.E+03,4.2E+03,3.4E+03));
#1048 = LINE('',#1049,#1050);
#1049 = CARTESIAN_POINT('',(6.E+03,4.2E+03,200.));
#1050 = VECTOR('',#1051,1.);
#1051 = DIRECTION('',(0.,0.,1.));
#1052 = ORIENTED_EDGE('',*,*,#1053,.F.);
#1053 = EDGE_CURVE('',#1030,#1046,#1054,.T.);
#1054 = LINE('',#1055,#1056);
#1055 = CARTESIAN_POINT('',(6.E+03,0.,3.4E+03));
#1056 = VECTOR('',#1057,1.);
#1057 = DIRECTION('',(-0.,1.,0.));
#1058 = PLANE('',#1059);
#1059 = AXIS2_PLACEMENT_3D('',#1060,#1061,#1062);
#1060 = CARTESIAN_POINT('',(6.E+03,0.,200.));
#1061 = DIRECTION('',(1.,0.,-0.));
#1062 = DIRECTION('',(0.,0.,1.));
#1063 = ADVANCED_FACE('',(#1064),#1080,.F.);
#1064 = FACE_BOUND('',#1065,.F.);
#1065 = EDGE_LOOP('',(#1066,#1072,#1073,#1079));
#1066 = ORIENTED_EDGE('',*,*,#1067,.F.);
#1067 = EDGE_CURVE('',#988,#1028,#1068,.T.);
#1068 = LINE('',#1069,#1070);
#1069 = CARTESIAN_POINT('',(5.8E+03,0.,200.));
#1070 = VECTOR('',#1071,1.);
#1071 = DIRECTION('',(1.,0.,-0.));
#1072 = ORIENTED_EDGE('',*,*,#987,.T.);
#1073 = ORIENTED_EDGE('',*,*,#1074,.T.);
#1074 = EDGE_CURVE('',#990,#1030,#1075,.T.);
#1075 = LINE('',#1076,#1077);
#1076 = CARTESIAN_POINT('',(5.8E+03,0.,3.4E+03));
#1077 = VECTOR('',#1078,1.);
#1078 = DIRECTION('',(1.,0.,-0.));
#1079 = ORIENTED_EDGE('',*,*,#1027,.F.);
#1080 = PLANE('',#1081);
#1081 = AXIS2_PLACEMENT_3D('',#1082,#1083,#1084);
#1082 = CARTESIAN_POINT('',(5.8E+03,0.,200.));
#1083 = DIRECTION('',(-0.,1.,0.));
#1084 = DIRECTION('',(0.,0.,1.));
#1085 = ADVANCED_FACE('',(#1086),#1102,.T.);
#1086 = FACE_BOUND('',#1087,.T.);
#1087 = EDGE_LOOP('',(#1088,#1094,#1095,#1101));
#1088 = ORIENTED_EDGE('',*,*,#1089,.F.);
#1089 = EDGE_CURVE('',#998,#1038,#1090,.T.);
#1090 = LINE('',#1091,#1092);
#1091 = CARTESIAN_POINT('',(5.8E+03,4.2E+03,200.));
#1092 = VECTOR('',#1093,1.);
#1093 = DIRECTION('',(1.,0.,-0.));
#1094 = ORIENTED_EDGE('',*,*,#1005,.T.);
#1095 = ORIENTED_EDGE('',*,*,#1096,.T.);
#1096 = EDGE_CURVE('',#1006,#1046,#1097,.T.);
#1097 = LINE('',#1098,#1099);
#1098 = CARTESIAN_POINT('',(5.8E+03,4.2E+03,3.4E+03));
#1099 = VECTOR('',#1100,1.);
#1100 = DIRECTION('',(1.,0.,-0.));
#1101 = ORIENTED_EDGE('',*,*,#1045,.F.);
#1102 = PLANE('',#1103);
#1103 = AXIS2_PLACEMENT_3D('',#1104,#1105,#1106);
#1104 = CARTESIAN_POINT('',(5.8E+03,4.2E+03,200.));
#1105 = DIRECTION('',(-0.,1.,0.));
#1106 = DIRECTION('',(0.,0.,1.));
#1107 = ADVANCED_FACE('',(#1108),#1114,.F.);
#1108 = FACE_BOUND('',#1109,.F.);
#1109 = EDGE_LOOP('',(#1110,#1111,#1112,#1113));
#1110 = ORIENTED_EDGE('',*,*,#997,.F.);
#1111 = ORIENTED_EDGE('',*,*,#1067,.T.);
#1112 = ORIENTED_EDGE('',*,*,#1037,.T.);
#1113 = ORIENTED_EDGE('',*,*,#1089,.F.);
#1114 = PLANE('',#1115);
#1115 = AXIS2_PLACEMENT_3D('',#1116,#1117,#1118);
#1116 = CARTESIAN_POINT('',(5.8E+03,0.,200.));
#1117 = DIRECTION('',(0.,0.,1.));
#1118 = DIRECTION('',(1.,0.,-0.));
#1119 = ADVANCED_FACE('',(#1120),#1126,.T.);
#1120 = FACE_BOUND('',#1121,.T.);
#1121 = EDGE_LOOP('',(#1122,#1123,#1124,#1125));
#1122 = ORIENTED_EDGE('',*,*,#1013,.F.);
#1123 = ORIENTED_EDGE('',*,*,#1074,.T.);
#1124 = ORIENTED_EDGE('',*,*,#1053,.T.);
#1125 = ORIENTED_EDGE('',*,*,#1096,.F.);
#1126 = PLANE('',#1127);
#1127 = AXIS2_PLACEMENT_3D('',#1128,#1129,#1130);
#1128 = CARTESIAN_POINT('',(5.8E+03,0.,3.4E+03));
#1129 = DIRECTION('',(0.,0.,1.));
#1130 = DIRECTION('',(1.,0.,-0.));
#1131 = ( GEOMETRIC_REPRESENTATION_CONTEXT(3) 
GLOBAL_UNCERTAINTY_ASSIGNED_CONTEXT((#1135)) 
GLOBAL_UNIT_ASSIGNED_CONTEXT((#1132,#1133,#1134)) REPRESENTATION_CONTEXT
('Context #1','3D Context with UNIT and UNCERTAINTY') );
#1132 = ( LENGTH_UNIT() NAMED_UNIT(*) SI_UNIT(.MILLI.,.METRE.) );
#1133 = ( NAMED_UNIT(*) PLANE_ANGLE_UNIT() SI_UNIT($,.RADIAN.) );
#1134 = ( NAMED_UNIT(*) SI_UNIT($,.STERADIAN.) SOLID_ANGLE_UNIT() );
#1135 = UNCERTAINTY_MEASURE_WITH_UNIT(LENGTH_MEASURE(1.E-07),#1132,
  'distance_accuracy_value','confusion accuracy');
#1136 = CONTEXT_DEPENDENT_SHAPE_REPRESENTATION(#1137,#1139);
#1137 = ( REPRESENTATION_RELATIONSHIP('','',#980,#10) 
REPRESENTATION_RELATIONSHIP_WITH_TRANSFORMATION(#1138) 
SHAPE_REPRESENTATION_RELATIONSHIP() );
#1138 = ITEM_DEFINED_TRANSFORMATION('','',#11,#31);
#1139 = PRODUCT_DEFINITION_SHAPE('Placement','Placement of an item',
  #1140);
#1140 = NEXT_ASSEMBLY_USAGE_OCCURRENCE('5','Wall_East_01','',#5,#975,$);
#1141 = PRODUCT_RELATED_PRODUCT_CATEGORY('part',$,(#977));
#1142 = SHAPE_DEFINITION_REPRESENTATION(#1143,#1149);
#1143 = PRODUCT_DEFINITION_SHAPE('','',#1144);
#1144 = PRODUCT_DEFINITION('design','',#1145,#1148);
#1145 = PRODUCT_DEFINITION_FORMATION('','',#1146);
#1146 = PRODUCT('Wall_West_01','Wall_West_01','',(#1147));
#1147 = PRODUCT_CONTEXT('',#2,'mechanical');
#1148 = PRODUCT_DEFINITION_CONTEXT('part definition',#2,'design');
#1149 = ADVANCED_BREP_SHAPE_REPRESENTATION('',(#11,#1150),#1300);
#1150 = MANIFOLD_SOLID_BREP('',#1151);
#1151 = CLOSED_SHELL('',(#1152,#1192,#1232,#1254,#1276,#1288));
#1152 = ADVANCED_FACE('',(#1153),#1187,.F.);
#1153 = FACE_BOUND('',#1154,.F.);
#1154 = EDGE_LOOP('',(#1155,#1165,#1173,#1181));
#1155 = ORIENTED_EDGE('',*,*,#1156,.F.);
#1156 = EDGE_CURVE('',#1157,#1159,#1161,.T.);
#1157 = VERTEX_POINT('',#1158);
#1158 = CARTESIAN_POINT('',(0.,0.,200.));
#1159 = VERTEX_POINT('',#1160);
#1160 = CARTESIAN_POINT('',(0.,0.,3.4E+03));
#1161 = LINE('',#1162,#1163);
#1162 = CARTESIAN_POINT('',(0.,0.,200.));
#1163 = VECTOR('',#1164,1.);
#1164 = DIRECTION('',(0.,0.,1.));
#1165 = ORIENTED_EDGE('',*,*,#1166,.T.);
#1166 = EDGE_CURVE('',#1157,#1167,#1169,.T.);
#1167 = VERTEX_POINT('',#1168);
#1168 = CARTESIAN_POINT('',(0.,4.2E+03,200.));
#1169 = LINE('',#1170,#1171);
#1170 = CARTESIAN_POINT('',(0.,0.,200.));
#1171 = VECTOR('',#1172,1.);
#1172 = DIRECTION('',(-0.,1.,0.));
#1173 = ORIENTED_EDGE('',*,*,#1174,.T.);
#1174 = EDGE_CURVE('',#1167,#1175,#1177,.T.);
#1175 = VERTEX_POINT('',#1176);
#1176 = CARTESIAN_POINT('',(0.,4.2E+03,3.4E+03));
#1177 = LINE('',#1178,#1179);
#1178 = CARTESIAN_POINT('',(0.,4.2E+03,200.));
#1179 = VECTOR('',#1180,1.);
#1180 = DIRECTION('',(0.,0.,1.));
#1181 = ORIENTED_EDGE('',*,*,#1182,.F.);
#1182 = EDGE_CURVE('',#1159,#1175,#1183,.T.);
#1183 = LINE('',#1184,#1185);
#1184 = CARTESIAN_POINT('',(0.,0.,3.4E+03));
#1185 = VECTOR('',#1186,1.);
#1186 = DIRECTION('',(-0.,1.,0.));
#1187 = PLANE('',#1188);
#1188 = AXIS2_PLACEMENT_3D('',#1189,#1190,#1191);
#1189 = CARTESIAN_POINT('',(0.,0.,200.));
#1190 = DIRECTION('',(1.,0.,-0.));
#1191 = DIRECTION('',(0.,0.,1.));
#1192 = ADVANCED_FACE('',(#1193),#1227,.T.);
#1193 = FACE_BOUND('',#1194,.T.);
#1194 = EDGE_LOOP('',(#1195,#1205,#1213,#1221));
#1195 = ORIENTED_EDGE('',*,*,#1196,.F.);
#1196 = EDGE_CURVE('',#1197,#1199,#1201,.T.);
#1197 = VERTEX_POINT('',#1198);
#1198 = CARTESIAN_POINT('',(200.,0.,200.));
#1199 = VERTEX_POINT('',#1200);
#1200 = CARTESIAN_POINT('',(200.,0.,3.4E+03));
#1201 = LINE('',#1202,#1203);
#1202 = CARTESIAN_POINT('',(200.,0.,200.));
#1203 = VECTOR('',#1204,1.);
#1204 = DIRECTION('',(0.,0.,1.));
#1205 = ORIENTED_EDGE('',*,*,#1206,.T.);
#1206 = EDGE_CURVE('',#1197,#1207,#1209,.T.);
#1207 = VERTEX_POINT('',#1208);
#1208 = CARTESIAN_POINT('',(200.,4.2E+03,200.));
#1209 = LINE('',#1210,#1211);
#1210 = CARTESIAN_POINT('',(200.,0.,200.));
#1211 = VECTOR('',#1212,1.);
#1212 = DIRECTION('',(-0.,1.,0.));
#1213 = ORIENTED_EDGE('',*,*,#1214,.T.);
#1214 = EDGE_CURVE('',#1207,#1215,#1217,.T.);
#1215 = VERTEX_POINT('',#1216);
#1216 = CARTESIAN_POINT('',(200.,4.2E+03,3.4E+03));
#1217 = LINE('',#1218,#1219);
#1218 = CARTESIAN_POINT('',(200.,4.2E+03,200.));
#1219 = VECTOR('',#1220,1.);
#1220 = DIRECTION('',(0.,0.,1.));
#1221 = ORIENTED_EDGE('',*,*,#1222,.F.);
#1222 = EDGE_CURVE('',#1199,#1215,#1223,.T.);
#1223 = LINE('',#1224,#1225);
#1224 = CARTESIAN_POINT('',(200.,0.,3.4E+03));
#1225 = VECTOR('',#1226,1.);
#1226 = DIRECTION('',(-0.,1.,0.));
#1227 = PLANE('',#1228);
#1228 = AXIS2_PLACEMENT_3D('',#1229,#1230,#1231);
#1229 = CARTESIAN_POINT('',(200.,0.,200.));
#1230 = DIRECTION('',(1.,0.,-0.));
#1231 = DIRECTION('',(0.,0.,1.));
#1232 = ADVANCED_FACE('',(#1233),#1249,.F.);
#1233 = FACE_BOUND('',#1234,.F.);
#1234 = EDGE_LOOP('',(#1235,#1241,#1242,#1248));
#1235 = ORIENTED_EDGE('',*,*,#1236,.F.);
#1236 = EDGE_CURVE('',#1157,#1197,#1237,.T.);
#1237 = LINE('',#1238,#1239);
#1238 = CARTESIAN_POINT('',(0.,0.,200.));
#1239 = VECTOR('',#1240,1.);
#1240 = DIRECTION('',(1.,0.,-0.));
#1241 = ORIENTED_EDGE('',*,*,#1156,.T.);
#1242 = ORIENTED_EDGE('',*,*,#1243,.T.);
#1243 = EDGE_CURVE('',#1159,#1199,#1244,.T.);
#1244 = LINE('',#1245,#1246);
#1245 = CARTESIAN_POINT('',(0.,0.,3.4E+03));
#1246 = VECTOR('',#1247,1.);
#1247 = DIRECTION('',(1.,0.,-0.));
#1248 = ORIENTED_EDGE('',*,*,#1196,.F.);
#1249 = PLANE('',#1250);
#1250 = AXIS2_PLACEMENT_3D('',#1251,#1252,#1253);
#1251 = CARTESIAN_POINT('',(0.,0.,200.));
#1252 = DIRECTION('',(-0.,1.,0.));
#1253 = DIRECTION('',(0.,0.,1.));
#1254 = ADVANCED_FACE('',(#1255),#1271,.T.);
#1255 = FACE_BOUND('',#1256,.T.);
#1256 = EDGE_LOOP('',(#1257,#1263,#1264,#1270));
#1257 = ORIENTED_EDGE('',*,*,#1258,.F.);
#1258 = EDGE_CURVE('',#1167,#1207,#1259,.T.);
#1259 = LINE('',#1260,#1261);
#1260 = CARTESIAN_POINT('',(0.,4.2E+03,200.));
#1261 = VECTOR('',#1262,1.);
#1262 = DIRECTION('',(1.,0.,-0.));
#1263 = ORIENTED_EDGE('',*,*,#1174,.T.);
#1264 = ORIENTED_EDGE('',*,*,#1265,.T.);
#1265 = EDGE_CURVE('',#1175,#1215,#1266,.T.);
#1266 = LINE('',#1267,#1268);
#1267 = CARTESIAN_POINT('',(0.,4.2E+03,3.4E+03));
#1268 = VECTOR('',#1269,1.);
#1269 = DIRECTION('',(1.,0.,-0.));
#1270 = ORIENTED_EDGE('',*,*,#1214,.F.);
#1271 = PLANE('',#1272);
#1272 = AXIS2_PLACEMENT_3D('',#1273,#1274,#1275);
#1273 = CARTESIAN_POINT('',(0.,4.2E+03,200.));
#1274 = DIRECTION('',(-0.,1.,0.));
#1275 = DIRECTION('',(0.,0.,1.));
#1276 = ADVANCED_FACE('',(#1277),#1283,.F.);
#1277 = FACE_BOUND('',#1278,.F.);
#1278 = EDGE_LOOP('',(#1279,#1280,#1281,#1282));
#1279 = ORIENTED_EDGE('',*,*,#1166,.F.);
#1280 = ORIENTED_EDGE('',*,*,#1236,.T.);
#1281 = ORIENTED_EDGE('',*,*,#1206,.T.);
#1282 = ORIENTED_EDGE('',*,*,#1258,.F.);
#1283 = PLANE('',#1284);
#1284 = AXIS2_PLACEMENT_3D('',#1285,#1286,#1287);
#1285 = CARTESIAN_POINT('',(0.,0.,200.));
#1286 = DIRECTION('',(0.,0.,1.));
#1287 = DIRECTION('',(1.,0.,-0.));
#1288 = ADVANCED_FACE('',(#1289),#1295,.T.);
#1289 = FACE_BOUND('',#1290,.T.);
#1290 = EDGE_LOOP('',(#1291,#1292,#1293,#1294));
#1291 = ORIENTED_EDGE('',*,*,#1182,.F.);
#1292 = ORIENTED_EDGE('',*,*,#1243,.T.);
#1293 = ORIENTED_EDGE('',*,*,#1222,.T.);
#1294 = ORIENTED_EDGE('',*,*,#1265,.F.);
#1295 = PLANE('',#1296);
#1296 = AXIS2_PLACEMENT_3D('',#1297,#1298,#1299);
#1297 = CARTESIAN_POINT('',(0.,0.,3.4E+03));
#1298 = DIRECTION('',(0.,0.,1.));
#1299 = DIRECTION('',(1.,0.,-0.));
#1300 = ( GEOMETRIC_REPRESENTATION_CONTEXT(3) 
GLOBAL_UNCERTAINTY_ASSIGNED_CONTEXT((#1304)) 
GLOBAL_UNIT_ASSIGNED_CONTEXT((#1301,#1302,#1303)) REPRESENTATION_CONTEXT
('Context #1','3D Context with UNIT and UNCERTAINTY') );
#1301 = ( LENGTH_UNIT() NAMED_UNIT(*) SI_UNIT(.MILLI.,.METRE.) );
#1302 = ( NAMED_UNIT(*) PLANE_ANGLE_UNIT() SI_UNIT($,.RADIAN.) );
#1303 = ( NAMED_UNIT(*) SI_UNIT($,.STERADIAN.) SOLID_ANGLE_UNIT() );
#1304 = UNCERTAINTY_MEASURE_WITH_UNIT(LENGTH_MEASURE(1.E-07),#1301,
  'distance_accuracy_value','confusion accuracy');
#1305 = CONTEXT_DEPENDENT_SHAPE_REPRESENTATION(#1306,#1308);
#1306 = ( REPRESENTATION_RELATIONSHIP('','',#1149,#10) 
REPRESENTATION_RELATIONSHIP_WITH_TRANSFORMATION(#1307) 
SHAPE_REPRESENTATION_RELATIONSHIP() );
#1307 = ITEM_DEFINED_TRANSFORMATION('','',#11,#35);
#1308 = PRODUCT_DEFINITION_SHAPE('Placement','Placement of an item',
  #1309);
#1309 = NEXT_ASSEMBLY_USAGE_OCCURRENCE('6','Wall_West_01','',#5,#1144,$
  );
#1310 = PRODUCT_RELATED_PRODUCT_CATEGORY('part',$,(#1146));
#1311 = SHAPE_DEFINITION_REPRESENTATION(#1312,#1318);
#1312 = PRODUCT_DEFINITION_SHAPE('','',#1313);
#1313 = PRODUCT_DEFINITION('design','',#1314,#1317);
#1314 = PRODUCT_DEFINITION_FORMATION('','',#1315);
#1315 = PRODUCT('Door_Access_01','Door_Access_01','',(#1316));
#1316 = PRODUCT_CONTEXT('',#2,'mechanical');
#1317 = PRODUCT_DEFINITION_CONTEXT('part definition',#2,'design');
#1318 = ADVANCED_BREP_SHAPE_REPRESENTATION('',(#11,#1319),#1469);
#1319 = MANIFOLD_SOLID_BREP('',#1320);
#1320 = CLOSED_SHELL('',(#1321,#1361,#1401,#1423,#1445,#1457));
#1321 = ADVANCED_FACE('',(#1322),#1356,.F.);
#1322 = FACE_BOUND('',#1323,.F.);
#1323 = EDGE_LOOP('',(#1324,#1334,#1342,#1350));
#1324 = ORIENTED_EDGE('',*,*,#1325,.F.);
#1325 = EDGE_CURVE('',#1326,#1328,#1330,.T.);
#1326 = VERTEX_POINT('',#1327);
#1327 = CARTESIAN_POINT('',(2.3E+03,-30.,200.));
#1328 = VERTEX_POINT('',#1329);
#1329 = CARTESIAN_POINT('',(2.3E+03,-30.,2.3E+03));
#1330 = LINE('',#1331,#1332);
#1331 = CARTESIAN_POINT('',(2.3E+03,-30.,200.));
#1332 = VECTOR('',#1333,1.);
#1333 = DIRECTION('',(0.,0.,1.));
#1334 = ORIENTED_EDGE('',*,*,#1335,.T.);
#1335 = EDGE_CURVE('',#1326,#1336,#1338,.T.);
#1336 = VERTEX_POINT('',#1337);
#1337 = CARTESIAN_POINT('',(2.3E+03,30.,200.));
#1338 = LINE('',#1339,#1340);
#1339 = CARTESIAN_POINT('',(2.3E+03,-30.,200.));
#1340 = VECTOR('',#1341,1.);
#1341 = DIRECTION('',(-0.,1.,0.));
#1342 = ORIENTED_EDGE('',*,*,#1343,.T.);
#1343 = EDGE_CURVE('',#1336,#1344,#1346,.T.);
#1344 = VERTEX_POINT('',#1345);
#1345 = CARTESIAN_POINT('',(2.3E+03,30.,2.3E+03));
#1346 = LINE('',#1347,#1348);
#1347 = CARTESIAN_POINT('',(2.3E+03,30.,200.));
#1348 = VECTOR('',#1349,1.);
#1349 = DIRECTION('',(0.,0.,1.));
#1350 = ORIENTED_EDGE('',*,*,#1351,.F.);
#1351 = EDGE_CURVE('',#1328,#1344,#1352,.T.);
#1352 = LINE('',#1353,#1354);
#1353 = CARTESIAN_POINT('',(2.3E+03,-30.,2.3E+03));
#1354 = VECTOR('',#1355,1.);
#1355 = DIRECTION('',(-0.,1.,0.));
#1356 = PLANE('',#1357);
#1357 = AXIS2_PLACEMENT_3D('',#1358,#1359,#1360);
#1358 = CARTESIAN_POINT('',(2.3E+03,-30.,200.));
#1359 = DIRECTION('',(1.,0.,-0.));
#1360 = DIRECTION('',(0.,0.,1.));
#1361 = ADVANCED_FACE('',(#1362),#1396,.T.);
#1362 = FACE_BOUND('',#1363,.T.);
#1363 = EDGE_LOOP('',(#1364,#1374,#1382,#1390));
#1364 = ORIENTED_EDGE('',*,*,#1365,.F.);
#1365 = EDGE_CURVE('',#1366,#1368,#1370,.T.);
#1366 = VERTEX_POINT('',#1367);
#1367 = CARTESIAN_POINT('',(3.3E+03,-30.,200.));
#1368 = VERTEX_POINT('',#1369);
#1369 = CARTESIAN_POINT('',(3.3E+03,-30.,2.3E+03));
#1370 = LINE('',#1371,#1372);
#1371 = CARTESIAN_POINT('',(3.3E+03,-30.,200.));
#1372 = VECTOR('',#1373,1.);
#1373 = DIRECTION('',(0.,0.,1.));
#1374 = ORIENTED_EDGE('',*,*,#1375,.T.);
#1375 = EDGE_CURVE('',#1366,#1376,#1378,.T.);
#1376 = VERTEX_POINT('',#1377);
#1377 = CARTESIAN_POINT('',(3.3E+03,30.,200.));
#1378 = LINE('',#1379,#1380);
#1379 = CARTESIAN_POINT('',(3.3E+03,-30.,200.));
#1380 = VECTOR('',#1381,1.);
#1381 = DIRECTION('',(-0.,1.,0.));
#1382 = ORIENTED_EDGE('',*,*,#1383,.T.);
#1383 = EDGE_CURVE('',#1376,#1384,#1386,.T.);
#1384 = VERTEX_POINT('',#1385);
#1385 = CARTESIAN_POINT('',(3.3E+03,30.,2.3E+03));
#1386 = LINE('',#1387,#1388);
#1387 = CARTESIAN_POINT('',(3.3E+03,30.,200.));
#1388 = VECTOR('',#1389,1.);
#1389 = DIRECTION('',(0.,0.,1.));
#1390 = ORIENTED_EDGE('',*,*,#1391,.F.);
#1391 = EDGE_CURVE('',#1368,#1384,#1392,.T.);
#1392 = LINE('',#1393,#1394);
#1393 = CARTESIAN_POINT('',(3.3E+03,-30.,2.3E+03));
#1394 = VECTOR('',#1395,1.);
#1395 = DIRECTION('',(-0.,1.,0.));
#1396 = PLANE('',#1397);
#1397 = AXIS2_PLACEMENT_3D('',#1398,#1399,#1400);
#1398 = CARTESIAN_POINT('',(3.3E+03,-30.,200.));
#1399 = DIRECTION('',(1.,0.,-0.));
#1400 = DIRECTION('',(0.,0.,1.));
#1401 = ADVANCED_FACE('',(#1402),#1418,.F.);
#1402 = FACE_BOUND('',#1403,.F.);
#1403 = EDGE_LOOP('',(#1404,#1410,#1411,#1417));
#1404 = ORIENTED_EDGE('',*,*,#1405,.F.);
#1405 = EDGE_CURVE('',#1326,#1366,#1406,.T.);
#1406 = LINE('',#1407,#1408);
#1407 = CARTESIAN_POINT('',(2.3E+03,-30.,200.));
#1408 = VECTOR('',#1409,1.);
#1409 = DIRECTION('',(1.,0.,-0.));
#1410 = ORIENTED_EDGE('',*,*,#1325,.T.);
#1411 = ORIENTED_EDGE('',*,*,#1412,.T.);
#1412 = EDGE_CURVE('',#1328,#1368,#1413,.T.);
#1413 = LINE('',#1414,#1415);
#1414 = CARTESIAN_POINT('',(2.3E+03,-30.,2.3E+03));
#1415 = VECTOR('',#1416,1.);
#1416 = DIRECTION('',(1.,0.,-0.));
#1417 = ORIENTED_EDGE('',*,*,#1365,.F.);
#1418 = PLANE('',#1419);
#1419 = AXIS2_PLACEMENT_3D('',#1420,#1421,#1422);
#1420 = CARTESIAN_POINT('',(2.3E+03,-30.,200.));
#1421 = DIRECTION('',(-0.,1.,0.));
#1422 = DIRECTION('',(0.,0.,1.));
#1423 = ADVANCED_FACE('',(#1424),#1440,.T.);
#1424 = FACE_BOUND('',#1425,.T.);
#1425 = EDGE_LOOP('',(#1426,#1432,#1433,#1439));
#1426 = ORIENTED_EDGE('',*,*,#1427,.F.);
#1427 = EDGE_CURVE('',#1336,#1376,#1428,.T.);
#1428 = LINE('',#1429,#1430);
#1429 = CARTESIAN_POINT('',(2.3E+03,30.,200.));
#1430 = VECTOR('',#1431,1.);
#1431 = DIRECTION('',(1.,0.,-0.));
#1432 = ORIENTED_EDGE('',*,*,#1343,.T.);
#1433 = ORIENTED_EDGE('',*,*,#1434,.T.);
#1434 = EDGE_CURVE('',#1344,#1384,#1435,.T.);
#1435 = LINE('',#1436,#1437);
#1436 = CARTESIAN_POINT('',(2.3E+03,30.,2.3E+03));
#1437 = VECTOR('',#1438,1.);
#1438 = DIRECTION('',(1.,0.,-0.));
#1439 = ORIENTED_EDGE('',*,*,#1383,.F.);
#1440 = PLANE('',#1441);
#1441 = AXIS2_PLACEMENT_3D('',#1442,#1443,#1444);
#1442 = CARTESIAN_POINT('',(2.3E+03,30.,200.));
#1443 = DIRECTION('',(-0.,1.,0.));
#1444 = DIRECTION('',(0.,0.,1.));
#1445 = ADVANCED_FACE('',(#1446),#1452,.F.);
#1446 = FACE_BOUND('',#1447,.F.);
#1447 = EDGE_LOOP('',(#1448,#1449,#1450,#1451));
#1448 = ORIENTED_EDGE('',*,*,#1335,.F.);
#1449 = ORIENTED_EDGE('',*,*,#1405,.T.);
#1450 = ORIENTED_EDGE('',*,*,#1375,.T.);
#1451 = ORIENTED_EDGE('',*,*,#1427,.F.);
#1452 = PLANE('',#1453);
#1453 = AXIS2_PLACEMENT_3D('',#1454,#1455,#1456);
#1454 = CARTESIAN_POINT('',(2.3E+03,-30.,200.));
#1455 = DIRECTION('',(0.,0.,1.));
#1456 = DIRECTION('',(1.,0.,-0.));
#1457 = ADVANCED_FACE('',(#1458),#1464,.T.);
#1458 = FACE_BOUND('',#1459,.T.);
#1459 = EDGE_LOOP('',(#1460,#1461,#1462,#1463));
#1460 = ORIENTED_EDGE('',*,*,#1351,.F.);
#1461 = ORIENTED_EDGE('',*,*,#1412,.T.);
#1462 = ORIENTED_EDGE('',*,*,#1391,.T.);
#1463 = ORIENTED_EDGE('',*,*,#1434,.F.);
#1464 = PLANE('',#1465);
#1465 = AXIS2_PLACEMENT_3D('',#1466,#1467,#1468);
#1466 = CARTESIAN_POINT('',(2.3E+03,-30.,2.3E+03));
#1467 = DIRECTION('',(0.,0.,1.));
#1468 = DIRECTION('',(1.,0.,-0.));
#1469 = ( GEOMETRIC_REPRESENTATION_CONTEXT(3) 
GLOBAL_UNCERTAINTY_ASSIGNED_CONTEXT((#1473)) 
GLOBAL_UNIT_ASSIGNED_CONTEXT((#1470,#1471,#1472)) REPRESENTATION_CONTEXT
('Context #1','3D Context with UNIT and UNCERTAINTY') );
#1470 = ( LENGTH_UNIT() NAMED_UNIT(*) SI_UNIT(.MILLI.,.METRE.) );
#1471 = ( NAMED_UNIT(*) PLANE_ANGLE_UNIT() SI_UNIT($,.RADIAN.) );
#1472 = ( NAMED_UNIT(*) SI_UNIT($,.STERADIAN.) SOLID_ANGLE_UNIT() );
#1473 = UNCERTAINTY_MEASURE_WITH_UNIT(LENGTH_MEASURE(1.E-07),#1470,
  'distance_accuracy_value','confusion accuracy');
#1474 = CONTEXT_DEPENDENT_SHAPE_REPRESENTATION(#1475,#1477);
#1475 = ( REPRESENTATION_RELATIONSHIP('','',#1318,#10) 
REPRESENTATION_RELATIONSHIP_WITH_TRANSFORMATION(#1476) 
SHAPE_REPRESENTATION_RELATIONSHIP() );
#1476 = ITEM_DEFINED_TRANSFORMATION('','',#11,#39);
#1477 = PRODUCT_DEFINITION_SHAPE('Placement','Placement of an item',
  #1478);
#1478 = NEXT_ASSEMBLY_USAGE_OCCURRENCE('7','Door_Access_01','',#5,#1313,
  $);
#1479 = PRODUCT_RELATED_PRODUCT_CATEGORY('part',$,(#1315));
#1480 = SHAPE_DEFINITION_REPRESENTATION(#1481,#1487);
#1481 = PRODUCT_DEFINITION_SHAPE('','',#1482);
#1482 = PRODUCT_DEFINITION('design','',#1483,#1486);
#1483 = PRODUCT_DEFINITION_FORMATION('','',#1484);
#1484 = PRODUCT('EquipmentPad_AHU_01','EquipmentPad_AHU_01','',(#1485));
#1485 = PRODUCT_CONTEXT('',#2,'mechanical');
#1486 = PRODUCT_DEFINITION_CONTEXT('part definition',#2,'design');
#1487 = ADVANCED_BREP_SHAPE_REPRESENTATION('',(#11,#1488),#1638);
#1488 = MANIFOLD_SOLID_BREP('',#1489);
#1489 = CLOSED_SHELL('',(#1490,#1530,#1570,#1592,#1614,#1626));
#1490 = ADVANCED_FACE('',(#1491),#1525,.F.);
#1491 = FACE_BOUND('',#1492,.F.);
#1492 = EDGE_LOOP('',(#1493,#1503,#1511,#1519));
#1493 = ORIENTED_EDGE('',*,*,#1494,.F.);
#1494 = EDGE_CURVE('',#1495,#1497,#1499,.T.);
#1495 = VERTEX_POINT('',#1496);
#1496 = CARTESIAN_POINT('',(700.,650.,200.));
#1497 = VERTEX_POINT('',#1498);
#1498 = CARTESIAN_POINT('',(700.,650.,360.));
#1499 = LINE('',#1500,#1501);
#1500 = CARTESIAN_POINT('',(700.,650.,200.));
#1501 = VECTOR('',#1502,1.);
#1502 = DIRECTION('',(0.,0.,1.));
#1503 = ORIENTED_EDGE('',*,*,#1504,.T.);
#1504 = EDGE_CURVE('',#1495,#1505,#1507,.T.);
#1505 = VERTEX_POINT('',#1506);
#1506 = CARTESIAN_POINT('',(700.,1.75E+03,200.));
#1507 = LINE('',#1508,#1509);
#1508 = CARTESIAN_POINT('',(700.,650.,200.));
#1509 = VECTOR('',#1510,1.);
#1510 = DIRECTION('',(-0.,1.,0.));
#1511 = ORIENTED_EDGE('',*,*,#1512,.T.);
#1512 = EDGE_CURVE('',#1505,#1513,#1515,.T.);
#1513 = VERTEX_POINT('',#1514);
#1514 = CARTESIAN_POINT('',(700.,1.75E+03,360.));
#1515 = LINE('',#1516,#1517);
#1516 = CARTESIAN_POINT('',(700.,1.75E+03,200.));
#1517 = VECTOR('',#1518,1.);
#1518 = DIRECTION('',(0.,0.,1.));
#1519 = ORIENTED_EDGE('',*,*,#1520,.F.);
#1520 = EDGE_CURVE('',#1497,#1513,#1521,.T.);
#1521 = LINE('',#1522,#1523);
#1522 = CARTESIAN_POINT('',(700.,650.,360.));
#1523 = VECTOR('',#1524,1.);
#1524 = DIRECTION('',(-0.,1.,0.));
#1525 = PLANE('',#1526);
#1526 = AXIS2_PLACEMENT_3D('',#1527,#1528,#1529);
#1527 = CARTESIAN_POINT('',(700.,650.,200.));
#1528 = DIRECTION('',(1.,0.,-0.));
#1529 = DIRECTION('',(0.,0.,1.));
#1530 = ADVANCED_FACE('',(#1531),#1565,.T.);
#1531 = FACE_BOUND('',#1532,.T.);
#1532 = EDGE_LOOP('',(#1533,#1543,#1551,#1559));
#1533 = ORIENTED_EDGE('',*,*,#1534,.F.);
#1534 = EDGE_CURVE('',#1535,#1537,#1539,.T.);
#1535 = VERTEX_POINT('',#1536);
#1536 = CARTESIAN_POINT('',(2.4E+03,650.,200.));
#1537 = VERTEX_POINT('',#1538);
#1538 = CARTESIAN_POINT('',(2.4E+03,650.,360.));
#1539 = LINE('',#1540,#1541);
#1540 = CARTESIAN_POINT('',(2.4E+03,650.,200.));
#1541 = VECTOR('',#1542,1.);
#1542 = DIRECTION('',(0.,0.,1.));
#1543 = ORIENTED_EDGE('',*,*,#1544,.T.);
#1544 = EDGE_CURVE('',#1535,#1545,#1547,.T.);
#1545 = VERTEX_POINT('',#1546);
#1546 = CARTESIAN_POINT('',(2.4E+03,1.75E+03,200.));
#1547 = LINE('',#1548,#1549);
#1548 = CARTESIAN_POINT('',(2.4E+03,650.,200.));
#1549 = VECTOR('',#1550,1.);
#1550 = DIRECTION('',(-0.,1.,0.));
#1551 = ORIENTED_EDGE('',*,*,#1552,.T.);
#1552 = EDGE_CURVE('',#1545,#1553,#1555,.T.);
#1553 = VERTEX_POINT('',#1554);
#1554 = CARTESIAN_POINT('',(2.4E+03,1.75E+03,360.));
#1555 = LINE('',#1556,#1557);
#1556 = CARTESIAN_POINT('',(2.4E+03,1.75E+03,200.));
#1557 = VECTOR('',#1558,1.);
#1558 = DIRECTION('',(0.,0.,1.));
#1559 = ORIENTED_EDGE('',*,*,#1560,.F.);
#1560 = EDGE_CURVE('',#1537,#1553,#1561,.T.);
#1561 = LINE('',#1562,#1563);
#1562 = CARTESIAN_POINT('',(2.4E+03,650.,360.));
#1563 = VECTOR('',#1564,1.);
#1564 = DIRECTION('',(-0.,1.,0.));
#1565 = PLANE('',#1566);
#1566 = AXIS2_PLACEMENT_3D('',#1567,#1568,#1569);
#1567 = CARTESIAN_POINT('',(2.4E+03,650.,200.));
#1568 = DIRECTION('',(1.,0.,-0.));
#1569 = DIRECTION('',(0.,0.,1.));
#1570 = ADVANCED_FACE('',(#1571),#1587,.F.);
#1571 = FACE_BOUND('',#1572,.F.);
#1572 = EDGE_LOOP('',(#1573,#1579,#1580,#1586));
#1573 = ORIENTED_EDGE('',*,*,#1574,.F.);
#1574 = EDGE_CURVE('',#1495,#1535,#1575,.T.);
#1575 = LINE('',#1576,#1577);
#1576 = CARTESIAN_POINT('',(700.,650.,200.));
#1577 = VECTOR('',#1578,1.);
#1578 = DIRECTION('',(1.,0.,-0.));
#1579 = ORIENTED_EDGE('',*,*,#1494,.T.);
#1580 = ORIENTED_EDGE('',*,*,#1581,.T.);
#1581 = EDGE_CURVE('',#1497,#1537,#1582,.T.);
#1582 = LINE('',#1583,#1584);
#1583 = CARTESIAN_POINT('',(700.,650.,360.));
#1584 = VECTOR('',#1585,1.);
#1585 = DIRECTION('',(1.,0.,-0.));
#1586 = ORIENTED_EDGE('',*,*,#1534,.F.);
#1587 = PLANE('',#1588);
#1588 = AXIS2_PLACEMENT_3D('',#1589,#1590,#1591);
#1589 = CARTESIAN_POINT('',(700.,650.,200.));
#1590 = DIRECTION('',(-0.,1.,0.));
#1591 = DIRECTION('',(0.,0.,1.));
#1592 = ADVANCED_FACE('',(#1593),#1609,.T.);
#1593 = FACE_BOUND('',#1594,.T.);
#1594 = EDGE_LOOP('',(#1595,#1601,#1602,#1608));
#1595 = ORIENTED_EDGE('',*,*,#1596,.F.);
#1596 = EDGE_CURVE('',#1505,#1545,#1597,.T.);
#1597 = LINE('',#1598,#1599);
#1598 = CARTESIAN_POINT('',(700.,1.75E+03,200.));
#1599 = VECTOR('',#1600,1.);
#1600 = DIRECTION('',(1.,0.,-0.));
#1601 = ORIENTED_EDGE('',*,*,#1512,.T.);
#1602 = ORIENTED_EDGE('',*,*,#1603,.T.);
#1603 = EDGE_CURVE('',#1513,#1553,#1604,.T.);
#1604 = LINE('',#1605,#1606);
#1605 = CARTESIAN_POINT('',(700.,1.75E+03,360.));
#1606 = VECTOR('',#1607,1.);
#1607 = DIRECTION('',(1.,0.,-0.));
#1608 = ORIENTED_EDGE('',*,*,#1552,.F.);
#1609 = PLANE('',#1610);
#1610 = AXIS2_PLACEMENT_3D('',#1611,#1612,#1613);
#1611 = CARTESIAN_POINT('',(700.,1.75E+03,200.));
#1612 = DIRECTION('',(-0.,1.,0.));
#1613 = DIRECTION('',(0.,0.,1.));
#1614 = ADVANCED_FACE('',(#1615),#1621,.F.);
#1615 = FACE_BOUND('',#1616,.F.);
#1616 = EDGE_LOOP('',(#1617,#1618,#1619,#1620));
#1617 = ORIENTED_EDGE('',*,*,#1504,.F.);
#1618 = ORIENTED_EDGE('',*,*,#1574,.T.);
#1619 = ORIENTED_EDGE('',*,*,#1544,.T.);
#1620 = ORIENTED_EDGE('',*,*,#1596,.F.);
#1621 = PLANE('',#1622);
#1622 = AXIS2_PLACEMENT_3D('',#1623,#1624,#1625);
#1623 = CARTESIAN_POINT('',(700.,650.,200.));
#1624 = DIRECTION('',(0.,0.,1.));
#1625 = DIRECTION('',(1.,0.,-0.));
#1626 = ADVANCED_FACE('',(#1627),#1633,.T.);
#1627 = FACE_BOUND('',#1628,.T.);
#1628 = EDGE_LOOP('',(#1629,#1630,#1631,#1632));
#1629 = ORIENTED_EDGE('',*,*,#1520,.F.);
#1630 = ORIENTED_EDGE('',*,*,#1581,.T.);
#1631 = ORIENTED_EDGE('',*,*,#1560,.T.);
#1632 = ORIENTED_EDGE('',*,*,#1603,.F.);
#1633 = PLANE('',#1634);
#1634 = AXIS2_PLACEMENT_3D('',#1635,#1636,#1637);
#1635 = CARTESIAN_POINT('',(700.,650.,360.));
#1636 = DIRECTION('',(0.,0.,1.));
#1637 = DIRECTION('',(1.,0.,-0.));
#1638 = ( GEOMETRIC_REPRESENTATION_CONTEXT(3) 
GLOBAL_UNCERTAINTY_ASSIGNED_CONTEXT((#1642)) 
GLOBAL_UNIT_ASSIGNED_CONTEXT((#1639,#1640,#1641)) REPRESENTATION_CONTEXT
('Context #1','3D Context with UNIT and UNCERTAINTY') );
#1639 = ( LENGTH_UNIT() NAMED_UNIT(*) SI_UNIT(.MILLI.,.METRE.) );
#1640 = ( NAMED_UNIT(*) PLANE_ANGLE_UNIT() SI_UNIT($,.RADIAN.) );
#1641 = ( NAMED_UNIT(*) SI_UNIT($,.STERADIAN.) SOLID_ANGLE_UNIT() );
#1642 = UNCERTAINTY_MEASURE_WITH_UNIT(LENGTH_MEASURE(1.E-07),#1639,
  'distance_accuracy_value','confusion accuracy');
#1643 = CONTEXT_DEPENDENT_SHAPE_REPRESENTATION(#1644,#1646);
#1644 = ( REPRESENTATION_RELATIONSHIP('','',#1487,#10) 
REPRESENTATION_RELATIONSHIP_WITH_TRANSFORMATION(#1645) 
SHAPE_REPRESENTATION_RELATIONSHIP() );
#1645 = ITEM_DEFINED_TRANSFORMATION('','',#11,#43);
#1646 = PRODUCT_DEFINITION_SHAPE('Placement','Placement of an item',
  #1647);
#1647 = NEXT_ASSEMBLY_USAGE_OCCURRENCE('8','EquipmentPad_AHU_01','',#5,
  #1482,$);
#1648 = PRODUCT_RELATED_PRODUCT_CATEGORY('part',$,(#1484));
#1649 = SHAPE_DEFINITION_REPRESENTATION(#1650,#1656);
#1650 = PRODUCT_DEFINITION_SHAPE('','',#1651);
#1651 = PRODUCT_DEFINITION('design','',#1652,#1655);
#1652 = PRODUCT_DEFINITION_FORMATION('','',#1653);
#1653 = PRODUCT('Equipment_AHU_01','Equipment_AHU_01','',(#1654));
#1654 = PRODUCT_CONTEXT('',#2,'mechanical');
#1655 = PRODUCT_DEFINITION_CONTEXT('part definition',#2,'design');
#1656 = ADVANCED_BREP_SHAPE_REPRESENTATION('',(#11,#1657),#1807);
#1657 = MANIFOLD_SOLID_BREP('',#1658);
#1658 = CLOSED_SHELL('',(#1659,#1699,#1739,#1761,#1783,#1795));
#1659 = ADVANCED_FACE('',(#1660),#1694,.F.);
#1660 = FACE_BOUND('',#1661,.F.);
#1661 = EDGE_LOOP('',(#1662,#1672,#1680,#1688));
#1662 = ORIENTED_EDGE('',*,*,#1663,.F.);
#1663 = EDGE_CURVE('',#1664,#1666,#1668,.T.);
#1664 = VERTEX_POINT('',#1665);
#1665 = CARTESIAN_POINT('',(850.,780.,360.));
#1666 = VERTEX_POINT('',#1667);
#1667 = CARTESIAN_POINT('',(850.,780.,1.46E+03));
#1668 = LINE('',#1669,#1670);
#1669 = CARTESIAN_POINT('',(850.,780.,360.));
#1670 = VECTOR('',#1671,1.);
#1671 = DIRECTION('',(0.,0.,1.));
#1672 = ORIENTED_EDGE('',*,*,#1673,.T.);
#1673 = EDGE_CURVE('',#1664,#1674,#1676,.T.);
#1674 = VERTEX_POINT('',#1675);
#1675 = CARTESIAN_POINT('',(850.,1.63E+03,360.));
#1676 = LINE('',#1677,#1678);
#1677 = CARTESIAN_POINT('',(850.,780.,360.));
#1678 = VECTOR('',#1679,1.);
#1679 = DIRECTION('',(-0.,1.,0.));
#1680 = ORIENTED_EDGE('',*,*,#1681,.T.);
#1681 = EDGE_CURVE('',#1674,#1682,#1684,.T.);
#1682 = VERTEX_POINT('',#1683);
#1683 = CARTESIAN_POINT('',(850.,1.63E+03,1.46E+03));
#1684 = LINE('',#1685,#1686);
#1685 = CARTESIAN_POINT('',(850.,1.63E+03,360.));
#1686 = VECTOR('',#1687,1.);
#1687 = DIRECTION('',(0.,0.,1.));
#1688 = ORIENTED_EDGE('',*,*,#1689,.F.);
#1689 = EDGE_CURVE('',#1666,#1682,#1690,.T.);
#1690 = LINE('',#1691,#1692);
#1691 = CARTESIAN_POINT('',(850.,780.,1.46E+03));
#1692 = VECTOR('',#1693,1.);
#1693 = DIRECTION('',(-0.,1.,0.));
#1694 = PLANE('',#1695);
#1695 = AXIS2_PLACEMENT_3D('',#1696,#1697,#1698);
#1696 = CARTESIAN_POINT('',(850.,780.,360.));
#1697 = DIRECTION('',(1.,0.,-0.));
#1698 = DIRECTION('',(0.,0.,1.));
#1699 = ADVANCED_FACE('',(#1700),#1734,.T.);
#1700 = FACE_BOUND('',#1701,.T.);
#1701 = EDGE_LOOP('',(#1702,#1712,#1720,#1728));
#1702 = ORIENTED_EDGE('',*,*,#1703,.F.);
#1703 = EDGE_CURVE('',#1704,#1706,#1708,.T.);
#1704 = VERTEX_POINT('',#1705);
#1705 = CARTESIAN_POINT('',(2.35E+03,780.,360.));
#1706 = VERTEX_POINT('',#1707);
#1707 = CARTESIAN_POINT('',(2.35E+03,780.,1.46E+03));
#1708 = LINE('',#1709,#1710);
#1709 = CARTESIAN_POINT('',(2.35E+03,780.,360.));
#1710 = VECTOR('',#1711,1.);
#1711 = DIRECTION('',(0.,0.,1.));
#1712 = ORIENTED_EDGE('',*,*,#1713,.T.);
#1713 = EDGE_CURVE('',#1704,#1714,#1716,.T.);
#1714 = VERTEX_POINT('',#1715);
#1715 = CARTESIAN_POINT('',(2.35E+03,1.63E+03,360.));
#1716 = LINE('',#1717,#1718);
#1717 = CARTESIAN_POINT('',(2.35E+03,780.,360.));
#1718 = VECTOR('',#1719,1.);
#1719 = DIRECTION('',(-0.,1.,0.));
#1720 = ORIENTED_EDGE('',*,*,#1721,.T.);
#1721 = EDGE_CURVE('',#1714,#1722,#1724,.T.);
#1722 = VERTEX_POINT('',#1723);
#1723 = CARTESIAN_POINT('',(2.35E+03,1.63E+03,1.46E+03));
#1724 = LINE('',#1725,#1726);
#1725 = CARTESIAN_POINT('',(2.35E+03,1.63E+03,360.));
#1726 = VECTOR('',#1727,1.);
#1727 = DIRECTION('',(0.,0.,1.));
#1728 = ORIENTED_EDGE('',*,*,#1729,.F.);
#1729 = EDGE_CURVE('',#1706,#1722,#1730,.T.);
#1730 = LINE('',#1731,#1732);
#1731 = CARTESIAN_POINT('',(2.35E+03,780.,1.46E+03));
#1732 = VECTOR('',#1733,1.);
#1733 = DIRECTION('',(-0.,1.,0.));
#1734 = PLANE('',#1735);
#1735 = AXIS2_PLACEMENT_3D('',#1736,#1737,#1738);
#1736 = CARTESIAN_POINT('',(2.35E+03,780.,360.));
#1737 = DIRECTION('',(1.,0.,-0.));
#1738 = DIRECTION('',(0.,0.,1.));
#1739 = ADVANCED_FACE('',(#1740),#1756,.F.);
#1740 = FACE_BOUND('',#1741,.F.);
#1741 = EDGE_LOOP('',(#1742,#1748,#1749,#1755));
#1742 = ORIENTED_EDGE('',*,*,#1743,.F.);
#1743 = EDGE_CURVE('',#1664,#1704,#1744,.T.);
#1744 = LINE('',#1745,#1746);
#1745 = CARTESIAN_POINT('',(850.,780.,360.));
#1746 = VECTOR('',#1747,1.);
#1747 = DIRECTION('',(1.,0.,-0.));
#1748 = ORIENTED_EDGE('',*,*,#1663,.T.);
#1749 = ORIENTED_EDGE('',*,*,#1750,.T.);
#1750 = EDGE_CURVE('',#1666,#1706,#1751,.T.);
#1751 = LINE('',#1752,#1753);
#1752 = CARTESIAN_POINT('',(850.,780.,1.46E+03));
#1753 = VECTOR('',#1754,1.);
#1754 = DIRECTION('',(1.,0.,-0.));
#1755 = ORIENTED_EDGE('',*,*,#1703,.F.);
#1756 = PLANE('',#1757);
#1757 = AXIS2_PLACEMENT_3D('',#1758,#1759,#1760);
#1758 = CARTESIAN_POINT('',(850.,780.,360.));
#1759 = DIRECTION('',(-0.,1.,0.));
#1760 = DIRECTION('',(0.,0.,1.));
#1761 = ADVANCED_FACE('',(#1762),#1778,.T.);
#1762 = FACE_BOUND('',#1763,.T.);
#1763 = EDGE_LOOP('',(#1764,#1770,#1771,#1777));
#1764 = ORIENTED_EDGE('',*,*,#1765,.F.);
#1765 = EDGE_CURVE('',#1674,#1714,#1766,.T.);
#1766 = LINE('',#1767,#1768);
#1767 = CARTESIAN_POINT('',(850.,1.63E+03,360.));
#1768 = VECTOR('',#1769,1.);
#1769 = DIRECTION('',(1.,0.,-0.));
#1770 = ORIENTED_EDGE('',*,*,#1681,.T.);
#1771 = ORIENTED_EDGE('',*,*,#1772,.T.);
#1772 = EDGE_CURVE('',#1682,#1722,#1773,.T.);
#1773 = LINE('',#1774,#1775);
#1774 = CARTESIAN_POINT('',(850.,1.63E+03,1.46E+03));
#1775 = VECTOR('',#1776,1.);
#1776 = DIRECTION('',(1.,0.,-0.));
#1777 = ORIENTED_EDGE('',*,*,#1721,.F.);
#1778 = PLANE('',#1779);
#1779 = AXIS2_PLACEMENT_3D('',#1780,#1781,#1782);
#1780 = CARTESIAN_POINT('',(850.,1.63E+03,360.));
#1781 = DIRECTION('',(-0.,1.,0.));
#1782 = DIRECTION('',(0.,0.,1.));
#1783 = ADVANCED_FACE('',(#1784),#1790,.F.);
#1784 = FACE_BOUND('',#1785,.F.);
#1785 = EDGE_LOOP('',(#1786,#1787,#1788,#1789));
#1786 = ORIENTED_EDGE('',*,*,#1673,.F.);
#1787 = ORIENTED_EDGE('',*,*,#1743,.T.);
#1788 = ORIENTED_EDGE('',*,*,#1713,.T.);
#1789 = ORIENTED_EDGE('',*,*,#1765,.F.);
#1790 = PLANE('',#1791);
#1791 = AXIS2_PLACEMENT_3D('',#1792,#1793,#1794);
#1792 = CARTESIAN_POINT('',(850.,780.,360.));
#1793 = DIRECTION('',(0.,0.,1.));
#1794 = DIRECTION('',(1.,0.,-0.));
#1795 = ADVANCED_FACE('',(#1796),#1802,.T.);
#1796 = FACE_BOUND('',#1797,.T.);
#1797 = EDGE_LOOP('',(#1798,#1799,#1800,#1801));
#1798 = ORIENTED_EDGE('',*,*,#1689,.F.);
#1799 = ORIENTED_EDGE('',*,*,#1750,.T.);
#1800 = ORIENTED_EDGE('',*,*,#1729,.T.);
#1801 = ORIENTED_EDGE('',*,*,#1772,.F.);
#1802 = PLANE('',#1803);
#1803 = AXIS2_PLACEMENT_3D('',#1804,#1805,#1806);
#1804 = CARTESIAN_POINT('',(850.,780.,1.46E+03));
#1805 = DIRECTION('',(0.,0.,1.));
#1806 = DIRECTION('',(1.,0.,-0.));
#1807 = ( GEOMETRIC_REPRESENTATION_CONTEXT(3) 
GLOBAL_UNCERTAINTY_ASSIGNED_CONTEXT((#1811)) 
GLOBAL_UNIT_ASSIGNED_CONTEXT((#1808,#1809,#1810)) REPRESENTATION_CONTEXT
('Context #1','3D Context with UNIT and UNCERTAINTY') );
#1808 = ( LENGTH_UNIT() NAMED_UNIT(*) SI_UNIT(.MILLI.,.METRE.) );
#1809 = ( NAMED_UNIT(*) PLANE_ANGLE_UNIT() SI_UNIT($,.RADIAN.) );
#1810 = ( NAMED_UNIT(*) SI_UNIT($,.STERADIAN.) SOLID_ANGLE_UNIT() );
#1811 = UNCERTAINTY_MEASURE_WITH_UNIT(LENGTH_MEASURE(1.E-07),#1808,
  'distance_accuracy_value','confusion accuracy');
#1812 = CONTEXT_DEPENDENT_SHAPE_REPRESENTATION(#1813,#1815);
#1813 = ( REPRESENTATION_RELATIONSHIP('','',#1656,#10) 
REPRESENTATION_RELATIONSHIP_WITH_TRANSFORMATION(#1814) 
SHAPE_REPRESENTATION_RELATIONSHIP() );
#1814 = ITEM_DEFINED_TRANSFORMATION('','',#11,#47);
#1815 = PRODUCT_DEFINITION_SHAPE('Placement','Placement of an item',
  #1816);
#1816 = NEXT_ASSEMBLY_USAGE_OCCURRENCE('9','Equipment_AHU_01','',#5,
  #1651,$);
#1817 = PRODUCT_RELATED_PRODUCT_CATEGORY('part',$,(#1653));
#1818 = SHAPE_DEFINITION_REPRESENTATION(#1819,#1825);
#1819 = PRODUCT_DEFINITION_SHAPE('','',#1820);
#1820 = PRODUCT_DEFINITION('design','',#1821,#1824);
#1821 = PRODUCT_DEFINITION_FORMATION('','',#1822);
#1822 = PRODUCT('AHU_FilterBank_01','AHU_FilterBank_01','',(#1823));
#1823 = PRODUCT_CONTEXT('',#2,'mechanical');
#1824 = PRODUCT_DEFINITION_CONTEXT('part definition',#2,'design');
#1825 = ADVANCED_BREP_SHAPE_REPRESENTATION('',(#11,#1826),#1976);
#1826 = MANIFOLD_SOLID_BREP('',#1827);
#1827 = CLOSED_SHELL('',(#1828,#1868,#1908,#1930,#1952,#1964));
#1828 = ADVANCED_FACE('',(#1829),#1863,.F.);
#1829 = FACE_BOUND('',#1830,.F.);
#1830 = EDGE_LOOP('',(#1831,#1841,#1849,#1857));
#1831 = ORIENTED_EDGE('',*,*,#1832,.F.);
#1832 = EDGE_CURVE('',#1833,#1835,#1837,.T.);
#1833 = VERTEX_POINT('',#1834);
#1834 = CARTESIAN_POINT('',(890.,805.,475.));
#1835 = VERTEX_POINT('',#1836);
#1836 = CARTESIAN_POINT('',(890.,805.,1.375E+03));
#1837 = LINE('',#1838,#1839);
#1838 = CARTESIAN_POINT('',(890.,805.,475.));
#1839 = VECTOR('',#1840,1.);
#1840 = DIRECTION('',(0.,0.,1.));
#1841 = ORIENTED_EDGE('',*,*,#1842,.T.);
#1842 = EDGE_CURVE('',#1833,#1843,#1845,.T.);
#1843 = VERTEX_POINT('',#1844);
#1844 = CARTESIAN_POINT('',(890.,1.605E+03,475.));
#1845 = LINE('',#1846,#1847);
#1846 = CARTESIAN_POINT('',(890.,805.,475.));
#1847 = VECTOR('',#1848,1.);
#1848 = DIRECTION('',(-0.,1.,0.));
#1849 = ORIENTED_EDGE('',*,*,#1850,.T.);
#1850 = EDGE_CURVE('',#1843,#1851,#1853,.T.);
#1851 = VERTEX_POINT('',#1852);
#1852 = CARTESIAN_POINT('',(890.,1.605E+03,1.375E+03));
#1853 = LINE('',#1854,#1855);
#1854 = CARTESIAN_POINT('',(890.,1.605E+03,475.));
#1855 = VECTOR('',#1856,1.);
#1856 = DIRECTION('',(0.,0.,1.));
#1857 = ORIENTED_EDGE('',*,*,#1858,.F.);
#1858 = EDGE_CURVE('',#1835,#1851,#1859,.T.);
#1859 = LINE('',#1860,#1861);
#1860 = CARTESIAN_POINT('',(890.,805.,1.375E+03));
#1861 = VECTOR('',#1862,1.);
#1862 = DIRECTION('',(-0.,1.,0.));
#1863 = PLANE('',#1864);
#1864 = AXIS2_PLACEMENT_3D('',#1865,#1866,#1867);
#1865 = CARTESIAN_POINT('',(890.,805.,475.));
#1866 = DIRECTION('',(1.,0.,-0.));
#1867 = DIRECTION('',(0.,0.,1.));
#1868 = ADVANCED_FACE('',(#1869),#1903,.T.);
#1869 = FACE_BOUND('',#1870,.T.);
#1870 = EDGE_LOOP('',(#1871,#1881,#1889,#1897));
#1871 = ORIENTED_EDGE('',*,*,#1872,.F.);
#1872 = EDGE_CURVE('',#1873,#1875,#1877,.T.);
#1873 = VERTEX_POINT('',#1874);
#1874 = CARTESIAN_POINT('',(1.01E+03,805.,475.));
#1875 = VERTEX_POINT('',#1876);
#1876 = CARTESIAN_POINT('',(1.01E+03,805.,1.375E+03));
#1877 = LINE('',#1878,#1879);
#1878 = CARTESIAN_POINT('',(1.01E+03,805.,475.));
#1879 = VECTOR('',#1880,1.);
#1880 = DIRECTION('',(0.,0.,1.));
#1881 = ORIENTED_EDGE('',*,*,#1882,.T.);
#1882 = EDGE_CURVE('',#1873,#1883,#1885,.T.);
#1883 = VERTEX_POINT('',#1884);
#1884 = CARTESIAN_POINT('',(1.01E+03,1.605E+03,475.));
#1885 = LINE('',#1886,#1887);
#1886 = CARTESIAN_POINT('',(1.01E+03,805.,475.));
#1887 = VECTOR('',#1888,1.);
#1888 = DIRECTION('',(-0.,1.,0.));
#1889 = ORIENTED_EDGE('',*,*,#1890,.T.);
#1890 = EDGE_CURVE('',#1883,#1891,#1893,.T.);
#1891 = VERTEX_POINT('',#1892);
#1892 = CARTESIAN_POINT('',(1.01E+03,1.605E+03,1.375E+03));
#1893 = LINE('',#1894,#1895);
#1894 = CARTESIAN_POINT('',(1.01E+03,1.605E+03,475.));
#1895 = VECTOR('',#1896,1.);
#1896 = DIRECTION('',(0.,0.,1.));
#1897 = ORIENTED_EDGE('',*,*,#1898,.F.);
#1898 = EDGE_CURVE('',#1875,#1891,#1899,.T.);
#1899 = LINE('',#1900,#1901);
#1900 = CARTESIAN_POINT('',(1.01E+03,805.,1.375E+03));
#1901 = VECTOR('',#1902,1.);
#1902 = DIRECTION('',(-0.,1.,0.));
#1903 = PLANE('',#1904);
#1904 = AXIS2_PLACEMENT_3D('',#1905,#1906,#1907);
#1905 = CARTESIAN_POINT('',(1.01E+03,805.,475.));
#1906 = DIRECTION('',(1.,0.,-0.));
#1907 = DIRECTION('',(0.,0.,1.));
#1908 = ADVANCED_FACE('',(#1909),#1925,.F.);
#1909 = FACE_BOUND('',#1910,.F.);
#1910 = EDGE_LOOP('',(#1911,#1917,#1918,#1924));
#1911 = ORIENTED_EDGE('',*,*,#1912,.F.);
#1912 = EDGE_CURVE('',#1833,#1873,#1913,.T.);
#1913 = LINE('',#1914,#1915);
#1914 = CARTESIAN_POINT('',(890.,805.,475.));
#1915 = VECTOR('',#1916,1.);
#1916 = DIRECTION('',(1.,0.,-0.));
#1917 = ORIENTED_EDGE('',*,*,#1832,.T.);
#1918 = ORIENTED_EDGE('',*,*,#1919,.T.);
#1919 = EDGE_CURVE('',#1835,#1875,#1920,.T.);
#1920 = LINE('',#1921,#1922);
#1921 = CARTESIAN_POINT('',(890.,805.,1.375E+03));
#1922 = VECTOR('',#1923,1.);
#1923 = DIRECTION('',(1.,0.,-0.));
#1924 = ORIENTED_EDGE('',*,*,#1872,.F.);
#1925 = PLANE('',#1926);
#1926 = AXIS2_PLACEMENT_3D('',#1927,#1928,#1929);
#1927 = CARTESIAN_POINT('',(890.,805.,475.));
#1928 = DIRECTION('',(-0.,1.,0.));
#1929 = DIRECTION('',(0.,0.,1.));
#1930 = ADVANCED_FACE('',(#1931),#1947,.T.);
#1931 = FACE_BOUND('',#1932,.T.);
#1932 = EDGE_LOOP('',(#1933,#1939,#1940,#1946));
#1933 = ORIENTED_EDGE('',*,*,#1934,.F.);
#1934 = EDGE_CURVE('',#1843,#1883,#1935,.T.);
#1935 = LINE('',#1936,#1937);
#1936 = CARTESIAN_POINT('',(890.,1.605E+03,475.));
#1937 = VECTOR('',#1938,1.);
#1938 = DIRECTION('',(1.,0.,-0.));
#1939 = ORIENTED_EDGE('',*,*,#1850,.T.);
#1940 = ORIENTED_EDGE('',*,*,#1941,.T.);
#1941 = EDGE_CURVE('',#1851,#1891,#1942,.T.);
#1942 = LINE('',#1943,#1944);
#1943 = CARTESIAN_POINT('',(890.,1.605E+03,1.375E+03));
#1944 = VECTOR('',#1945,1.);
#1945 = DIRECTION('',(1.,0.,-0.));
#1946 = ORIENTED_EDGE('',*,*,#1890,.F.);
#1947 = PLANE('',#1948);
#1948 = AXIS2_PLACEMENT_3D('',#1949,#1950,#1951);
#1949 = CARTESIAN_POINT('',(890.,1.605E+03,475.));
#1950 = DIRECTION('',(-0.,1.,0.));
#1951 = DIRECTION('',(0.,0.,1.));
#1952 = ADVANCED_FACE('',(#1953),#1959,.F.);
#1953 = FACE_BOUND('',#1954,.F.);
#1954 = EDGE_LOOP('',(#1955,#1956,#1957,#1958));
#1955 = ORIENTED_EDGE('',*,*,#1842,.F.);
#1956 = ORIENTED_EDGE('',*,*,#1912,.T.);
#1957 = ORIENTED_EDGE('',*,*,#1882,.T.);
#1958 = ORIENTED_EDGE('',*,*,#1934,.F.);
#1959 = PLANE('',#1960);
#1960 = AXIS2_PLACEMENT_3D('',#1961,#1962,#1963);
#1961 = CARTESIAN_POINT('',(890.,805.,475.));
#1962 = DIRECTION('',(0.,0.,1.));
#1963 = DIRECTION('',(1.,0.,-0.));
#1964 = ADVANCED_FACE('',(#1965),#1971,.T.);
#1965 = FACE_BOUND('',#1966,.T.);
#1966 = EDGE_LOOP('',(#1967,#1968,#1969,#1970));
#1967 = ORIENTED_EDGE('',*,*,#1858,.F.);
#1968 = ORIENTED_EDGE('',*,*,#1919,.T.);
#1969 = ORIENTED_EDGE('',*,*,#1898,.T.);
#1970 = ORIENTED_EDGE('',*,*,#1941,.F.);
#1971 = PLANE('',#1972);
#1972 = AXIS2_PLACEMENT_3D('',#1973,#1974,#1975);
#1973 = CARTESIAN_POINT('',(890.,805.,1.375E+03));
#1974 = DIRECTION('',(0.,0.,1.));
#1975 = DIRECTION('',(1.,0.,-0.));
#1976 = ( GEOMETRIC_REPRESENTATION_CONTEXT(3) 
GLOBAL_UNCERTAINTY_ASSIGNED_CONTEXT((#1980)) 
GLOBAL_UNIT_ASSIGNED_CONTEXT((#1977,#1978,#1979)) REPRESENTATION_CONTEXT
('Context #1','3D Context with UNIT and UNCERTAINTY') );
#1977 = ( LENGTH_UNIT() NAMED_UNIT(*) SI_UNIT(.MILLI.,.METRE.) );
#1978 = ( NAMED_UNIT(*) PLANE_ANGLE_UNIT() SI_UNIT($,.RADIAN.) );
#1979 = ( NAMED_UNIT(*) SI_UNIT($,.STERADIAN.) SOLID_ANGLE_UNIT() );
#1980 = UNCERTAINTY_MEASURE_WITH_UNIT(LENGTH_MEASURE(1.E-07),#1977,
  'distance_accuracy_value','confusion accuracy');
#1981 = CONTEXT_DEPENDENT_SHAPE_REPRESENTATION(#1982,#1984);
#1982 = ( REPRESENTATION_RELATIONSHIP('','',#1825,#10) 
REPRESENTATION_RELATIONSHIP_WITH_TRANSFORMATION(#1983) 
SHAPE_REPRESENTATION_RELATIONSHIP() );
#1983 = ITEM_DEFINED_TRANSFORMATION('','',#11,#51);
#1984 = PRODUCT_DEFINITION_SHAPE('Placement','Placement of an item',
  #1985);
#1985 = NEXT_ASSEMBLY_USAGE_OCCURRENCE('10','AHU_FilterBank_01','',#5,
  #1820,$);
#1986 = PRODUCT_RELATED_PRODUCT_CATEGORY('part',$,(#1822));
#1987 = SHAPE_DEFINITION_REPRESENTATION(#1988,#1994);
#1988 = PRODUCT_DEFINITION_SHAPE('','',#1989);
#1989 = PRODUCT_DEFINITION('design','',#1990,#1993);
#1990 = PRODUCT_DEFINITION_FORMATION('','',#1991);
#1991 = PRODUCT('AHU_ServicePanel_01','AHU_ServicePanel_01','',(#1992));
#1992 = PRODUCT_CONTEXT('',#2,'mechanical');
#1993 = PRODUCT_DEFINITION_CONTEXT('part definition',#2,'design');
#1994 = ADVANCED_BREP_SHAPE_REPRESENTATION('',(#11,#1995),#2145);
#1995 = MANIFOLD_SOLID_BREP('',#1996);
#1996 = CLOSED_SHELL('',(#1997,#2037,#2077,#2099,#2121,#2133));
#1997 = ADVANCED_FACE('',(#1998),#2032,.F.);
#1998 = FACE_BOUND('',#1999,.F.);
#1999 = EDGE_LOOP('',(#2000,#2010,#2018,#2026));
#2000 = ORIENTED_EDGE('',*,*,#2001,.F.);
#2001 = EDGE_CURVE('',#2002,#2004,#2006,.T.);
#2002 = VERTEX_POINT('',#2003);
#2003 = CARTESIAN_POINT('',(1.135E+03,760.,520.));
#2004 = VERTEX_POINT('',#2005);
#2005 = CARTESIAN_POINT('',(1.135E+03,760.,1.28E+03));
#2006 = LINE('',#2007,#2008);
#2007 = CARTESIAN_POINT('',(1.135E+03,760.,520.));
#2008 = VECTOR('',#2009,1.);
#2009 = DIRECTION('',(0.,0.,1.));
#2010 = ORIENTED_EDGE('',*,*,#2011,.T.);
#2011 = EDGE_CURVE('',#2002,#2012,#2014,.T.);
#2012 = VERTEX_POINT('',#2013);
#2013 = CARTESIAN_POINT('',(1.135E+03,796.,520.));
#2014 = LINE('',#2015,#2016);
#2015 = CARTESIAN_POINT('',(1.135E+03,760.,520.));
#2016 = VECTOR('',#2017,1.);
#2017 = DIRECTION('',(-0.,1.,0.));
#2018 = ORIENTED_EDGE('',*,*,#2019,.T.);
#2019 = EDGE_CURVE('',#2012,#2020,#2022,.T.);
#2020 = VERTEX_POINT('',#2021);
#2021 = CARTESIAN_POINT('',(1.135E+03,796.,1.28E+03));
#2022 = LINE('',#2023,#2024);
#2023 = CARTESIAN_POINT('',(1.135E+03,796.,520.));
#2024 = VECTOR('',#2025,1.);
#2025 = DIRECTION('',(0.,0.,1.));
#2026 = ORIENTED_EDGE('',*,*,#2027,.F.);
#2027 = EDGE_CURVE('',#2004,#2020,#2028,.T.);
#2028 = LINE('',#2029,#2030);
#2029 = CARTESIAN_POINT('',(1.135E+03,760.,1.28E+03));
#2030 = VECTOR('',#2031,1.);
#2031 = DIRECTION('',(-0.,1.,0.));
#2032 = PLANE('',#2033);
#2033 = AXIS2_PLACEMENT_3D('',#2034,#2035,#2036);
#2034 = CARTESIAN_POINT('',(1.135E+03,760.,520.));
#2035 = DIRECTION('',(1.,0.,-0.));
#2036 = DIRECTION('',(0.,0.,1.));
#2037 = ADVANCED_FACE('',(#2038),#2072,.T.);
#2038 = FACE_BOUND('',#2039,.T.);
#2039 = EDGE_LOOP('',(#2040,#2050,#2058,#2066));
#2040 = ORIENTED_EDGE('',*,*,#2041,.F.);
#2041 = EDGE_CURVE('',#2042,#2044,#2046,.T.);
#2042 = VERTEX_POINT('',#2043);
#2043 = CARTESIAN_POINT('',(1.605E+03,760.,520.));
#2044 = VERTEX_POINT('',#2045);
#2045 = CARTESIAN_POINT('',(1.605E+03,760.,1.28E+03));
#2046 = LINE('',#2047,#2048);
#2047 = CARTESIAN_POINT('',(1.605E+03,760.,520.));
#2048 = VECTOR('',#2049,1.);
#2049 = DIRECTION('',(0.,0.,1.));
#2050 = ORIENTED_EDGE('',*,*,#2051,.T.);
#2051 = EDGE_CURVE('',#2042,#2052,#2054,.T.);
#2052 = VERTEX_POINT('',#2053);
#2053 = CARTESIAN_POINT('',(1.605E+03,796.,520.));
#2054 = LINE('',#2055,#2056);
#2055 = CARTESIAN_POINT('',(1.605E+03,760.,520.));
#2056 = VECTOR('',#2057,1.);
#2057 = DIRECTION('',(-0.,1.,0.));
#2058 = ORIENTED_EDGE('',*,*,#2059,.T.);
#2059 = EDGE_CURVE('',#2052,#2060,#2062,.T.);
#2060 = VERTEX_POINT('',#2061);
#2061 = CARTESIAN_POINT('',(1.605E+03,796.,1.28E+03));
#2062 = LINE('',#2063,#2064);
#2063 = CARTESIAN_POINT('',(1.605E+03,796.,520.));
#2064 = VECTOR('',#2065,1.);
#2065 = DIRECTION('',(0.,0.,1.));
#2066 = ORIENTED_EDGE('',*,*,#2067,.F.);
#2067 = EDGE_CURVE('',#2044,#2060,#2068,.T.);
#2068 = LINE('',#2069,#2070);
#2069 = CARTESIAN_POINT('',(1.605E+03,760.,1.28E+03));
#2070 = VECTOR('',#2071,1.);
#2071 = DIRECTION('',(-0.,1.,0.));
#2072 = PLANE('',#2073);
#2073 = AXIS2_PLACEMENT_3D('',#2074,#2075,#2076);
#2074 = CARTESIAN_POINT('',(1.605E+03,760.,520.));
#2075 = DIRECTION('',(1.,0.,-0.));
#2076 = DIRECTION('',(0.,0.,1.));
#2077 = ADVANCED_FACE('',(#2078),#2094,.F.);
#2078 = FACE_BOUND('',#2079,.F.);
#2079 = EDGE_LOOP('',(#2080,#2086,#2087,#2093));
#2080 = ORIENTED_EDGE('',*,*,#2081,.F.);
#2081 = EDGE_CURVE('',#2002,#2042,#2082,.T.);
#2082 = LINE('',#2083,#2084);
#2083 = CARTESIAN_POINT('',(1.135E+03,760.,520.));
#2084 = VECTOR('',#2085,1.);
#2085 = DIRECTION('',(1.,0.,-0.));
#2086 = ORIENTED_EDGE('',*,*,#2001,.T.);
#2087 = ORIENTED_EDGE('',*,*,#2088,.T.);
#2088 = EDGE_CURVE('',#2004,#2044,#2089,.T.);
#2089 = LINE('',#2090,#2091);
#2090 = CARTESIAN_POINT('',(1.135E+03,760.,1.28E+03));
#2091 = VECTOR('',#2092,1.);
#2092 = DIRECTION('',(1.,0.,-0.));
#2093 = ORIENTED_EDGE('',*,*,#2041,.F.);
#2094 = PLANE('',#2095);
#2095 = AXIS2_PLACEMENT_3D('',#2096,#2097,#2098);
#2096 = CARTESIAN_POINT('',(1.135E+03,760.,520.));
#2097 = DIRECTION('',(-0.,1.,0.));
#2098 = DIRECTION('',(0.,0.,1.));
#2099 = ADVANCED_FACE('',(#2100),#2116,.T.);
#2100 = FACE_BOUND('',#2101,.T.);
#2101 = EDGE_LOOP('',(#2102,#2108,#2109,#2115));
#2102 = ORIENTED_EDGE('',*,*,#2103,.F.);
#2103 = EDGE_CURVE('',#2012,#2052,#2104,.T.);
#2104 = LINE('',#2105,#2106);
#2105 = CARTESIAN_POINT('',(1.135E+03,796.,520.));
#2106 = VECTOR('',#2107,1.);
#2107 = DIRECTION('',(1.,0.,-0.));
#2108 = ORIENTED_EDGE('',*,*,#2019,.T.);
#2109 = ORIENTED_EDGE('',*,*,#2110,.T.);
#2110 = EDGE_CURVE('',#2020,#2060,#2111,.T.);
#2111 = LINE('',#2112,#2113);
#2112 = CARTESIAN_POINT('',(1.135E+03,796.,1.28E+03));
#2113 = VECTOR('',#2114,1.);
#2114 = DIRECTION('',(1.,0.,-0.));
#2115 = ORIENTED_EDGE('',*,*,#2059,.F.);
#2116 = PLANE('',#2117);
#2117 = AXIS2_PLACEMENT_3D('',#2118,#2119,#2120);
#2118 = CARTESIAN_POINT('',(1.135E+03,796.,520.));
#2119 = DIRECTION('',(-0.,1.,0.));
#2120 = DIRECTION('',(0.,0.,1.));
#2121 = ADVANCED_FACE('',(#2122),#2128,.F.);
#2122 = FACE_BOUND('',#2123,.F.);
#2123 = EDGE_LOOP('',(#2124,#2125,#2126,#2127));
#2124 = ORIENTED_EDGE('',*,*,#2011,.F.);
#2125 = ORIENTED_EDGE('',*,*,#2081,.T.);
#2126 = ORIENTED_EDGE('',*,*,#2051,.T.);
#2127 = ORIENTED_EDGE('',*,*,#2103,.F.);
#2128 = PLANE('',#2129);
#2129 = AXIS2_PLACEMENT_3D('',#2130,#2131,#2132);
#2130 = CARTESIAN_POINT('',(1.135E+03,760.,520.));
#2131 = DIRECTION('',(0.,0.,1.));
#2132 = DIRECTION('',(1.,0.,-0.));
#2133 = ADVANCED_FACE('',(#2134),#2140,.T.);
#2134 = FACE_BOUND('',#2135,.T.);
#2135 = EDGE_LOOP('',(#2136,#2137,#2138,#2139));
#2136 = ORIENTED_EDGE('',*,*,#2027,.F.);
#2137 = ORIENTED_EDGE('',*,*,#2088,.T.);
#2138 = ORIENTED_EDGE('',*,*,#2067,.T.);
#2139 = ORIENTED_EDGE('',*,*,#2110,.F.);
#2140 = PLANE('',#2141);
#2141 = AXIS2_PLACEMENT_3D('',#2142,#2143,#2144);
#2142 = CARTESIAN_POINT('',(1.135E+03,760.,1.28E+03));
#2143 = DIRECTION('',(0.,0.,1.));
#2144 = DIRECTION('',(1.,0.,-0.));
#2145 = ( GEOMETRIC_REPRESENTATION_CONTEXT(3) 
GLOBAL_UNCERTAINTY_ASSIGNED_CONTEXT((#2149)) 
GLOBAL_UNIT_ASSIGNED_CONTEXT((#2146,#2147,#2148)) REPRESENTATION_CONTEXT
('Context #1','3D Context with UNIT and UNCERTAINTY') );
#2146 = ( LENGTH_UNIT() NAMED_UNIT(*) SI_UNIT(.MILLI.,.METRE.) );
#2147 = ( NAMED_UNIT(*) PLANE_ANGLE_UNIT() SI_UNIT($,.RADIAN.) );
#2148 = ( NAMED_UNIT(*) SI_UNIT($,.STERADIAN.) SOLID_ANGLE_UNIT() );
#2149 = UNCERTAINTY_MEASURE_WITH_UNIT(LENGTH_MEASURE(1.E-07),#2146,
  'distance_accuracy_value','confusion accuracy');
#2150 = CONTEXT_DEPENDENT_SHAPE_REPRESENTATION(#2151,#2153);
#2151 = ( REPRESENTATION_RELATIONSHIP('','',#1994,#10) 
REPRESENTATION_RELATIONSHIP_WITH_TRANSFORMATION(#2152) 
SHAPE_REPRESENTATION_RELATIONSHIP() );
#2152 = ITEM_DEFINED_TRANSFORMATION('','',#11,#55);
#2153 = PRODUCT_DEFINITION_SHAPE('Placement','Placement of an item',
  #2154);
#2154 = NEXT_ASSEMBLY_USAGE_OCCURRENCE('11','AHU_ServicePanel_01','',#5,
  #1989,$);
#2155 = PRODUCT_RELATED_PRODUCT_CATEGORY('part',$,(#1991));
#2156 = SHAPE_DEFINITION_REPRESENTATION(#2157,#2163);
#2157 = PRODUCT_DEFINITION_SHAPE('','',#2158);
#2158 = PRODUCT_DEFINITION('design','',#2159,#2162);
#2159 = PRODUCT_DEFINITION_FORMATION('','',#2160);
#2160 = PRODUCT('AHU_FanHousing_01','AHU_FanHousing_01','',(#2161));
#2161 = PRODUCT_CONTEXT('',#2,'mechanical');
#2162 = PRODUCT_DEFINITION_CONTEXT('part definition',#2,'design');
#2163 = ADVANCED_BREP_SHAPE_REPRESENTATION('',(#11,#2164),#2217);
#2164 = MANIFOLD_SOLID_BREP('',#2165);
#2165 = CLOSED_SHELL('',(#2166,#2199,#2208));
#2166 = ADVANCED_FACE('',(#2167),#2194,.T.);
#2167 = FACE_BOUND('',#2168,.T.);
#2168 = EDGE_LOOP('',(#2169,#2178,#2186,#2193));
#2169 = ORIENTED_EDGE('',*,*,#2170,.F.);
#2170 = EDGE_CURVE('',#2171,#2171,#2173,.T.);
#2171 = VERTEX_POINT('',#2172);
#2172 = CARTESIAN_POINT('',(185.,-4.531193156845E-14,910.));
#2173 = CIRCLE('',#2174,185.);
#2174 = AXIS2_PLACEMENT_3D('',#2175,#2176,#2177);
#2175 = CARTESIAN_POINT('',(0.,0.,910.));
#2176 = DIRECTION('',(0.,0.,1.));
#2177 = DIRECTION('',(1.,0.,-0.));
#2178 = ORIENTED_EDGE('',*,*,#2179,.F.);
#2179 = EDGE_CURVE('',#2180,#2171,#2182,.T.);
#2180 = VERTEX_POINT('',#2181);
#2181 = CARTESIAN_POINT('',(185.,-4.531193156845E-14,0.));
#2182 = LINE('',#2183,#2184);
#2183 = CARTESIAN_POINT('',(185.,-4.531193156845E-14,0.));
#2184 = VECTOR('',#2185,1.);
#2185 = DIRECTION('',(0.,0.,1.));
#2186 = ORIENTED_EDGE('',*,*,#2187,.T.);
#2187 = EDGE_CURVE('',#2180,#2180,#2188,.T.);
#2188 = CIRCLE('',#2189,185.);
#2189 = AXIS2_PLACEMENT_3D('',#2190,#2191,#2192);
#2190 = CARTESIAN_POINT('',(0.,0.,0.));
#2191 = DIRECTION('',(0.,0.,1.));
#2192 = DIRECTION('',(1.,0.,-0.));
#2193 = ORIENTED_EDGE('',*,*,#2179,.T.);
#2194 = CYLINDRICAL_SURFACE('',#2195,185.);
#2195 = AXIS2_PLACEMENT_3D('',#2196,#2197,#2198);
#2196 = CARTESIAN_POINT('',(0.,0.,0.));
#2197 = DIRECTION('',(0.,0.,1.));
#2198 = DIRECTION('',(1.,0.,-0.));
#2199 = ADVANCED_FACE('',(#2200),#2203,.T.);
#2200 = FACE_BOUND('',#2201,.T.);
#2201 = EDGE_LOOP('',(#2202));
#2202 = ORIENTED_EDGE('',*,*,#2170,.T.);
#2203 = PLANE('',#2204);
#2204 = AXIS2_PLACEMENT_3D('',#2205,#2206,#2207);
#2205 = CARTESIAN_POINT('',(0.,0.,910.));
#2206 = DIRECTION('',(0.,0.,1.));
#2207 = DIRECTION('',(1.,0.,-0.));
#2208 = ADVANCED_FACE('',(#2209),#2212,.F.);
#2209 = FACE_BOUND('',#2210,.T.);
#2210 = EDGE_LOOP('',(#2211));
#2211 = ORIENTED_EDGE('',*,*,#2187,.F.);
#2212 = PLANE('',#2213);
#2213 = AXIS2_PLACEMENT_3D('',#2214,#2215,#2216);
#2214 = CARTESIAN_POINT('',(0.,0.,0.));
#2215 = DIRECTION('',(0.,0.,1.));
#2216 = DIRECTION('',(1.,0.,-0.));
#2217 = ( GEOMETRIC_REPRESENTATION_CONTEXT(3) 
GLOBAL_UNCERTAINTY_ASSIGNED_CONTEXT((#2221)) 
GLOBAL_UNIT_ASSIGNED_CONTEXT((#2218,#2219,#2220)) REPRESENTATION_CONTEXT
('Context #1','3D Context with UNIT and UNCERTAINTY') );
#2218 = ( LENGTH_UNIT() NAMED_UNIT(*) SI_UNIT(.MILLI.,.METRE.) );
#2219 = ( NAMED_UNIT(*) PLANE_ANGLE_UNIT() SI_UNIT($,.RADIAN.) );
#2220 = ( NAMED_UNIT(*) SI_UNIT($,.STERADIAN.) SOLID_ANGLE_UNIT() );
#2221 = UNCERTAINTY_MEASURE_WITH_UNIT(LENGTH_MEASURE(1.E-07),#2218,
  'distance_accuracy_value','confusion accuracy');
#2222 = CONTEXT_DEPENDENT_SHAPE_REPRESENTATION(#2223,#2225);
#2223 = ( REPRESENTATION_RELATIONSHIP('','',#2163,#10) 
REPRESENTATION_RELATIONSHIP_WITH_TRANSFORMATION(#2224) 
SHAPE_REPRESENTATION_RELATIONSHIP() );
#2224 = ITEM_DEFINED_TRANSFORMATION('','',#11,#59);
#2225 = PRODUCT_DEFINITION_SHAPE('Placement','Placement of an item',
  #2226);
#2226 = NEXT_ASSEMBLY_USAGE_OCCURRENCE('12','AHU_FanHousing_01','',#5,
  #2158,$);
#2227 = PRODUCT_RELATED_PRODUCT_CATEGORY('part',$,(#2160));
#2228 = SHAPE_DEFINITION_REPRESENTATION(#2229,#2235);
#2229 = PRODUCT_DEFINITION_SHAPE('','',#2230);
#2230 = PRODUCT_DEFINITION('design','',#2231,#2234);
#2231 = PRODUCT_DEFINITION_FORMATION('','',#2232);
#2232 = PRODUCT('AHU_SupplyTransition_01','AHU_SupplyTransition_01','',(
    #2233));
#2233 = PRODUCT_CONTEXT('',#2,'mechanical');
#2234 = PRODUCT_DEFINITION_CONTEXT('part definition',#2,'design');
#2235 = ADVANCED_BREP_SHAPE_REPRESENTATION('',(#11,#2236),#2386);
#2236 = MANIFOLD_SOLID_BREP('',#2237);
#2237 = CLOSED_SHELL('',(#2238,#2278,#2318,#2340,#2362,#2374));
#2238 = ADVANCED_FACE('',(#2239),#2273,.F.);
#2239 = FACE_BOUND('',#2240,.F.);
#2240 = EDGE_LOOP('',(#2241,#2251,#2259,#2267));
#2241 = ORIENTED_EDGE('',*,*,#2242,.F.);
#2242 = EDGE_CURVE('',#2243,#2245,#2247,.T.);
#2243 = VERTEX_POINT('',#2244);
#2244 = CARTESIAN_POINT('',(2.28E+03,1.05E+03,1.16E+03));
#2245 = VERTEX_POINT('',#2246);
#2246 = CARTESIAN_POINT('',(2.28E+03,1.05E+03,1.49E+03));
#2247 = LINE('',#2248,#2249);
#2248 = CARTESIAN_POINT('',(2.28E+03,1.05E+03,1.16E+03));
#2249 = VECTOR('',#2250,1.);
#2250 = DIRECTION('',(0.,0.,1.));
#2251 = ORIENTED_EDGE('',*,*,#2252,.T.);
#2252 = EDGE_CURVE('',#2243,#2253,#2255,.T.);
#2253 = VERTEX_POINT('',#2254);
#2254 = CARTESIAN_POINT('',(2.28E+03,1.38E+03,1.16E+03));
#2255 = LINE('',#2256,#2257);
#2256 = CARTESIAN_POINT('',(2.28E+03,1.05E+03,1.16E+03));
#2257 = VECTOR('',#2258,1.);
#2258 = DIRECTION('',(-0.,1.,0.));
#2259 = ORIENTED_EDGE('',*,*,#2260,.T.);
#2260 = EDGE_CURVE('',#2253,#2261,#2263,.T.);
#2261 = VERTEX_POINT('',#2262);
#2262 = CARTESIAN_POINT('',(2.28E+03,1.38E+03,1.49E+03));
#2263 = LINE('',#2264,#2265);
#2264 = CARTESIAN_POINT('',(2.28E+03,1.38E+03,1.16E+03));
#2265 = VECTOR('',#2266,1.);
#2266 = DIRECTION('',(0.,0.,1.));
#2267 = ORIENTED_EDGE('',*,*,#2268,.F.);
#2268 = EDGE_CURVE('',#2245,#2261,#2269,.T.);
#2269 = LINE('',#2270,#2271);
#2270 = CARTESIAN_POINT('',(2.28E+03,1.05E+03,1.49E+03));
#2271 = VECTOR('',#2272,1.);
#2272 = DIRECTION('',(-0.,1.,0.));
#2273 = PLANE('',#2274);
#2274 = AXIS2_PLACEMENT_3D('',#2275,#2276,#2277);
#2275 = CARTESIAN_POINT('',(2.28E+03,1.05E+03,1.16E+03));
#2276 = DIRECTION('',(1.,0.,-0.));
#2277 = DIRECTION('',(0.,0.,1.));
#2278 = ADVANCED_FACE('',(#2279),#2313,.T.);
#2279 = FACE_BOUND('',#2280,.T.);
#2280 = EDGE_LOOP('',(#2281,#2291,#2299,#2307));
#2281 = ORIENTED_EDGE('',*,*,#2282,.F.);
#2282 = EDGE_CURVE('',#2283,#2285,#2287,.T.);
#2283 = VERTEX_POINT('',#2284);
#2284 = CARTESIAN_POINT('',(2.84E+03,1.05E+03,1.16E+03));
#2285 = VERTEX_POINT('',#2286);
#2286 = CARTESIAN_POINT('',(2.84E+03,1.05E+03,1.49E+03));
#2287 = LINE('',#2288,#2289);
#2288 = CARTESIAN_POINT('',(2.84E+03,1.05E+03,1.16E+03));
#2289 = VECTOR('',#2290,1.);
#2290 = DIRECTION('',(0.,0.,1.));
#2291 = ORIENTED_EDGE('',*,*,#2292,.T.);
#2292 = EDGE_CURVE('',#2283,#2293,#2295,.T.);
#2293 = VERTEX_POINT('',#2294);
#2294 = CARTESIAN_POINT('',(2.84E+03,1.38E+03,1.16E+03));
#2295 = LINE('',#2296,#2297);
#2296 = CARTESIAN_POINT('',(2.84E+03,1.05E+03,1.16E+03));
#2297 = VECTOR('',#2298,1.);
#2298 = DIRECTION('',(-0.,1.,0.));
#2299 = ORIENTED_EDGE('',*,*,#2300,.T.);
#2300 = EDGE_CURVE('',#2293,#2301,#2303,.T.);
#2301 = VERTEX_POINT('',#2302);
#2302 = CARTESIAN_POINT('',(2.84E+03,1.38E+03,1.49E+03));
#2303 = LINE('',#2304,#2305);
#2304 = CARTESIAN_POINT('',(2.84E+03,1.38E+03,1.16E+03));
#2305 = VECTOR('',#2306,1.);
#2306 = DIRECTION('',(0.,0.,1.));
#2307 = ORIENTED_EDGE('',*,*,#2308,.F.);
#2308 = EDGE_CURVE('',#2285,#2301,#2309,.T.);
#2309 = LINE('',#2310,#2311);
#2310 = CARTESIAN_POINT('',(2.84E+03,1.05E+03,1.49E+03));
#2311 = VECTOR('',#2312,1.);
#2312 = DIRECTION('',(-0.,1.,0.));
#2313 = PLANE('',#2314);
#2314 = AXIS2_PLACEMENT_3D('',#2315,#2316,#2317);
#2315 = CARTESIAN_POINT('',(2.84E+03,1.05E+03,1.16E+03));
#2316 = DIRECTION('',(1.,0.,-0.));
#2317 = DIRECTION('',(0.,0.,1.));
#2318 = ADVANCED_FACE('',(#2319),#2335,.F.);
#2319 = FACE_BOUND('',#2320,.F.);
#2320 = EDGE_LOOP('',(#2321,#2327,#2328,#2334));
#2321 = ORIENTED_EDGE('',*,*,#2322,.F.);
#2322 = EDGE_CURVE('',#2243,#2283,#2323,.T.);
#2323 = LINE('',#2324,#2325);
#2324 = CARTESIAN_POINT('',(2.28E+03,1.05E+03,1.16E+03));
#2325 = VECTOR('',#2326,1.);
#2326 = DIRECTION('',(1.,0.,-0.));
#2327 = ORIENTED_EDGE('',*,*,#2242,.T.);
#2328 = ORIENTED_EDGE('',*,*,#2329,.T.);
#2329 = EDGE_CURVE('',#2245,#2285,#2330,.T.);
#2330 = LINE('',#2331,#2332);
#2331 = CARTESIAN_POINT('',(2.28E+03,1.05E+03,1.49E+03));
#2332 = VECTOR('',#2333,1.);
#2333 = DIRECTION('',(1.,0.,-0.));
#2334 = ORIENTED_EDGE('',*,*,#2282,.F.);
#2335 = PLANE('',#2336);
#2336 = AXIS2_PLACEMENT_3D('',#2337,#2338,#2339);
#2337 = CARTESIAN_POINT('',(2.28E+03,1.05E+03,1.16E+03));
#2338 = DIRECTION('',(-0.,1.,0.));
#2339 = DIRECTION('',(0.,0.,1.));
#2340 = ADVANCED_FACE('',(#2341),#2357,.T.);
#2341 = FACE_BOUND('',#2342,.T.);
#2342 = EDGE_LOOP('',(#2343,#2349,#2350,#2356));
#2343 = ORIENTED_EDGE('',*,*,#2344,.F.);
#2344 = EDGE_CURVE('',#2253,#2293,#2345,.T.);
#2345 = LINE('',#2346,#2347);
#2346 = CARTESIAN_POINT('',(2.28E+03,1.38E+03,1.16E+03));
#2347 = VECTOR('',#2348,1.);
#2348 = DIRECTION('',(1.,0.,-0.));
#2349 = ORIENTED_EDGE('',*,*,#2260,.T.);
#2350 = ORIENTED_EDGE('',*,*,#2351,.T.);
#2351 = EDGE_CURVE('',#2261,#2301,#2352,.T.);
#2352 = LINE('',#2353,#2354);
#2353 = CARTESIAN_POINT('',(2.28E+03,1.38E+03,1.49E+03));
#2354 = VECTOR('',#2355,1.);
#2355 = DIRECTION('',(1.,0.,-0.));
#2356 = ORIENTED_EDGE('',*,*,#2300,.F.);
#2357 = PLANE('',#2358);
#2358 = AXIS2_PLACEMENT_3D('',#2359,#2360,#2361);
#2359 = CARTESIAN_POINT('',(2.28E+03,1.38E+03,1.16E+03));
#2360 = DIRECTION('',(-0.,1.,0.));
#2361 = DIRECTION('',(0.,0.,1.));
#2362 = ADVANCED_FACE('',(#2363),#2369,.F.);
#2363 = FACE_BOUND('',#2364,.F.);
#2364 = EDGE_LOOP('',(#2365,#2366,#2367,#2368));
#2365 = ORIENTED_EDGE('',*,*,#2252,.F.);
#2366 = ORIENTED_EDGE('',*,*,#2322,.T.);
#2367 = ORIENTED_EDGE('',*,*,#2292,.T.);
#2368 = ORIENTED_EDGE('',*,*,#2344,.F.);
#2369 = PLANE('',#2370);
#2370 = AXIS2_PLACEMENT_3D('',#2371,#2372,#2373);
#2371 = CARTESIAN_POINT('',(2.28E+03,1.05E+03,1.16E+03));
#2372 = DIRECTION('',(0.,0.,1.));
#2373 = DIRECTION('',(1.,0.,-0.));
#2374 = ADVANCED_FACE('',(#2375),#2381,.T.);
#2375 = FACE_BOUND('',#2376,.T.);
#2376 = EDGE_LOOP('',(#2377,#2378,#2379,#2380));
#2377 = ORIENTED_EDGE('',*,*,#2268,.F.);
#2378 = ORIENTED_EDGE('',*,*,#2329,.T.);
#2379 = ORIENTED_EDGE('',*,*,#2308,.T.);
#2380 = ORIENTED_EDGE('',*,*,#2351,.F.);
#2381 = PLANE('',#2382);
#2382 = AXIS2_PLACEMENT_3D('',#2383,#2384,#2385);
#2383 = CARTESIAN_POINT('',(2.28E+03,1.05E+03,1.49E+03));
#2384 = DIRECTION('',(0.,0.,1.));
#2385 = DIRECTION('',(1.,0.,-0.));
#2386 = ( GEOMETRIC_REPRESENTATION_CONTEXT(3) 
GLOBAL_UNCERTAINTY_ASSIGNED_CONTEXT((#2390)) 
GLOBAL_UNIT_ASSIGNED_CONTEXT((#2387,#2388,#2389)) REPRESENTATION_CONTEXT
('Context #1','3D Context with UNIT and UNCERTAINTY') );
#2387 = ( LENGTH_UNIT() NAMED_UNIT(*) SI_UNIT(.MILLI.,.METRE.) );
#2388 = ( NAMED_UNIT(*) PLANE_ANGLE_UNIT() SI_UNIT($,.RADIAN.) );
#2389 = ( NAMED_UNIT(*) SI_UNIT($,.STERADIAN.) SOLID_ANGLE_UNIT() );
#2390 = UNCERTAINTY_MEASURE_WITH_UNIT(LENGTH_MEASURE(1.E-07),#2387,
  'distance_accuracy_value','confusion accuracy');
#2391 = CONTEXT_DEPENDENT_SHAPE_REPRESENTATION(#2392,#2394);
#2392 = ( REPRESENTATION_RELATIONSHIP('','',#2235,#10) 
REPRESENTATION_RELATIONSHIP_WITH_TRANSFORMATION(#2393) 
SHAPE_REPRESENTATION_RELATIONSHIP() );
#2393 = ITEM_DEFINED_TRANSFORMATION('','',#11,#63);
#2394 = PRODUCT_DEFINITION_SHAPE('Placement','Placement of an item',
  #2395);
#2395 = NEXT_ASSEMBLY_USAGE_OCCURRENCE('13','AHU_SupplyTransition_01',''
  ,#5,#2230,$);
#2396 = PRODUCT_RELATED_PRODUCT_CATEGORY('part',$,(#2232));
#2397 = SHAPE_DEFINITION_REPRESENTATION(#2398,#2404);
#2398 = PRODUCT_DEFINITION_SHAPE('','',#2399);
#2399 = PRODUCT_DEFINITION('design','',#2400,#2403);
#2400 = PRODUCT_DEFINITION_FORMATION('','',#2401);
#2401 = PRODUCT('AHU_ReturnPlenum_01','AHU_ReturnPlenum_01','',(#2402));
#2402 = PRODUCT_CONTEXT('',#2,'mechanical');
#2403 = PRODUCT_DEFINITION_CONTEXT('part definition',#2,'design');
#2404 = ADVANCED_BREP_SHAPE_REPRESENTATION('',(#11,#2405),#2555);
#2405 = MANIFOLD_SOLID_BREP('',#2406);
#2406 = CLOSED_SHELL('',(#2407,#2447,#2487,#2509,#2531,#2543));
#2407 = ADVANCED_FACE('',(#2408),#2442,.F.);
#2408 = FACE_BOUND('',#2409,.F.);
#2409 = EDGE_LOOP('',(#2410,#2420,#2428,#2436));
#2410 = ORIENTED_EDGE('',*,*,#2411,.F.);
#2411 = EDGE_CURVE('',#2412,#2414,#2416,.T.);
#2412 = VERTEX_POINT('',#2413);
#2413 = CARTESIAN_POINT('',(625.,1.03E+03,720.));
#2414 = VERTEX_POINT('',#2415);
#2415 = CARTESIAN_POINT('',(625.,1.03E+03,1.18E+03));
#2416 = LINE('',#2417,#2418);
#2417 = CARTESIAN_POINT('',(625.,1.03E+03,720.));
#2418 = VECTOR('',#2419,1.);
#2419 = DIRECTION('',(0.,0.,1.));
#2420 = ORIENTED_EDGE('',*,*,#2421,.T.);
#2421 = EDGE_CURVE('',#2412,#2422,#2424,.T.);
#2422 = VERTEX_POINT('',#2423);
#2423 = CARTESIAN_POINT('',(625.,1.39E+03,720.));
#2424 = LINE('',#2425,#2426);
#2425 = CARTESIAN_POINT('',(625.,1.03E+03,720.));
#2426 = VECTOR('',#2427,1.);
#2427 = DIRECTION('',(-0.,1.,0.));
#2428 = ORIENTED_EDGE('',*,*,#2429,.T.);
#2429 = EDGE_CURVE('',#2422,#2430,#2432,.T.);
#2430 = VERTEX_POINT('',#2431);
#2431 = CARTESIAN_POINT('',(625.,1.39E+03,1.18E+03));
#2432 = LINE('',#2433,#2434);
#2433 = CARTESIAN_POINT('',(625.,1.39E+03,720.));
#2434 = VECTOR('',#2435,1.);
#2435 = DIRECTION('',(0.,0.,1.));
#2436 = ORIENTED_EDGE('',*,*,#2437,.F.);
#2437 = EDGE_CURVE('',#2414,#2430,#2438,.T.);
#2438 = LINE('',#2439,#2440);
#2439 = CARTESIAN_POINT('',(625.,1.03E+03,1.18E+03));
#2440 = VECTOR('',#2441,1.);
#2441 = DIRECTION('',(-0.,1.,0.));
#2442 = PLANE('',#2443);
#2443 = AXIS2_PLACEMENT_3D('',#2444,#2445,#2446);
#2444 = CARTESIAN_POINT('',(625.,1.03E+03,720.));
#2445 = DIRECTION('',(1.,0.,-0.));
#2446 = DIRECTION('',(0.,0.,1.));
#2447 = ADVANCED_FACE('',(#2448),#2482,.T.);
#2448 = FACE_BOUND('',#2449,.T.);
#2449 = EDGE_LOOP('',(#2450,#2460,#2468,#2476));
#2450 = ORIENTED_EDGE('',*,*,#2451,.F.);
#2451 = EDGE_CURVE('',#2452,#2454,#2456,.T.);
#2452 = VERTEX_POINT('',#2453);
#2453 = CARTESIAN_POINT('',(885.,1.03E+03,720.));
#2454 = VERTEX_POINT('',#2455);
#2455 = CARTESIAN_POINT('',(885.,1.03E+03,1.18E+03));
#2456 = LINE('',#2457,#2458);
#2457 = CARTESIAN_POINT('',(885.,1.03E+03,720.));
#2458 = VECTOR('',#2459,1.);
#2459 = DIRECTION('',(0.,0.,1.));
#2460 = ORIENTED_EDGE('',*,*,#2461,.T.);
#2461 = EDGE_CURVE('',#2452,#2462,#2464,.T.);
#2462 = VERTEX_POINT('',#2463);
#2463 = CARTESIAN_POINT('',(885.,1.39E+03,720.));
#2464 = LINE('',#2465,#2466);
#2465 = CARTESIAN_POINT('',(885.,1.03E+03,720.));
#2466 = VECTOR('',#2467,1.);
#2467 = DIRECTION('',(-0.,1.,0.));
#2468 = ORIENTED_EDGE('',*,*,#2469,.T.);
#2469 = EDGE_CURVE('',#2462,#2470,#2472,.T.);
#2470 = VERTEX_POINT('',#2471);
#2471 = CARTESIAN_POINT('',(885.,1.39E+03,1.18E+03));
#2472 = LINE('',#2473,#2474);
#2473 = CARTESIAN_POINT('',(885.,1.39E+03,720.));
#2474 = VECTOR('',#2475,1.);
#2475 = DIRECTION('',(0.,0.,1.));
#2476 = ORIENTED_EDGE('',*,*,#2477,.F.);
#2477 = EDGE_CURVE('',#2454,#2470,#2478,.T.);
#2478 = LINE('',#2479,#2480);
#2479 = CARTESIAN_POINT('',(885.,1.03E+03,1.18E+03));
#2480 = VECTOR('',#2481,1.);
#2481 = DIRECTION('',(-0.,1.,0.));
#2482 = PLANE('',#2483);
#2483 = AXIS2_PLACEMENT_3D('',#2484,#2485,#2486);
#2484 = CARTESIAN_POINT('',(885.,1.03E+03,720.));
#2485 = DIRECTION('',(1.,0.,-0.));
#2486 = DIRECTION('',(0.,0.,1.));
#2487 = ADVANCED_FACE('',(#2488),#2504,.F.);
#2488 = FACE_BOUND('',#2489,.F.);
#2489 = EDGE_LOOP('',(#2490,#2496,#2497,#2503));
#2490 = ORIENTED_EDGE('',*,*,#2491,.F.);
#2491 = EDGE_CURVE('',#2412,#2452,#2492,.T.);
#2492 = LINE('',#2493,#2494);
#2493 = CARTESIAN_POINT('',(625.,1.03E+03,720.));
#2494 = VECTOR('',#2495,1.);
#2495 = DIRECTION('',(1.,0.,-0.));
#2496 = ORIENTED_EDGE('',*,*,#2411,.T.);
#2497 = ORIENTED_EDGE('',*,*,#2498,.T.);
#2498 = EDGE_CURVE('',#2414,#2454,#2499,.T.);
#2499 = LINE('',#2500,#2501);
#2500 = CARTESIAN_POINT('',(625.,1.03E+03,1.18E+03));
#2501 = VECTOR('',#2502,1.);
#2502 = DIRECTION('',(1.,0.,-0.));
#2503 = ORIENTED_EDGE('',*,*,#2451,.F.);
#2504 = PLANE('',#2505);
#2505 = AXIS2_PLACEMENT_3D('',#2506,#2507,#2508);
#2506 = CARTESIAN_POINT('',(625.,1.03E+03,720.));
#2507 = DIRECTION('',(-0.,1.,0.));
#2508 = DIRECTION('',(0.,0.,1.));
#2509 = ADVANCED_FACE('',(#2510),#2526,.T.);
#2510 = FACE_BOUND('',#2511,.T.);
#2511 = EDGE_LOOP('',(#2512,#2518,#2519,#2525));
#2512 = ORIENTED_EDGE('',*,*,#2513,.F.);
#2513 = EDGE_CURVE('',#2422,#2462,#2514,.T.);
#2514 = LINE('',#2515,#2516);
#2515 = CARTESIAN_POINT('',(625.,1.39E+03,720.));
#2516 = VECTOR('',#2517,1.);
#2517 = DIRECTION('',(1.,0.,-0.));
#2518 = ORIENTED_EDGE('',*,*,#2429,.T.);
#2519 = ORIENTED_EDGE('',*,*,#2520,.T.);
#2520 = EDGE_CURVE('',#2430,#2470,#2521,.T.);
#2521 = LINE('',#2522,#2523);
#2522 = CARTESIAN_POINT('',(625.,1.39E+03,1.18E+03));
#2523 = VECTOR('',#2524,1.);
#2524 = DIRECTION('',(1.,0.,-0.));
#2525 = ORIENTED_EDGE('',*,*,#2469,.F.);
#2526 = PLANE('',#2527);
#2527 = AXIS2_PLACEMENT_3D('',#2528,#2529,#2530);
#2528 = CARTESIAN_POINT('',(625.,1.39E+03,720.));
#2529 = DIRECTION('',(-0.,1.,0.));
#2530 = DIRECTION('',(0.,0.,1.));
#2531 = ADVANCED_FACE('',(#2532),#2538,.F.);
#2532 = FACE_BOUND('',#2533,.F.);
#2533 = EDGE_LOOP('',(#2534,#2535,#2536,#2537));
#2534 = ORIENTED_EDGE('',*,*,#2421,.F.);
#2535 = ORIENTED_EDGE('',*,*,#2491,.T.);
#2536 = ORIENTED_EDGE('',*,*,#2461,.T.);
#2537 = ORIENTED_EDGE('',*,*,#2513,.F.);
#2538 = PLANE('',#2539);
#2539 = AXIS2_PLACEMENT_3D('',#2540,#2541,#2542);
#2540 = CARTESIAN_POINT('',(625.,1.03E+03,720.));
#2541 = DIRECTION('',(0.,0.,1.));
#2542 = DIRECTION('',(1.,0.,-0.));
#2543 = ADVANCED_FACE('',(#2544),#2550,.T.);
#2544 = FACE_BOUND('',#2545,.T.);
#2545 = EDGE_LOOP('',(#2546,#2547,#2548,#2549));
#2546 = ORIENTED_EDGE('',*,*,#2437,.F.);
#2547 = ORIENTED_EDGE('',*,*,#2498,.T.);
#2548 = ORIENTED_EDGE('',*,*,#2477,.T.);
#2549 = ORIENTED_EDGE('',*,*,#2520,.F.);
#2550 = PLANE('',#2551);
#2551 = AXIS2_PLACEMENT_3D('',#2552,#2553,#2554);
#2552 = CARTESIAN_POINT('',(625.,1.03E+03,1.18E+03));
#2553 = DIRECTION('',(0.,0.,1.));
#2554 = DIRECTION('',(1.,0.,-0.));
#2555 = ( GEOMETRIC_REPRESENTATION_CONTEXT(3) 
GLOBAL_UNCERTAINTY_ASSIGNED_CONTEXT((#2559)) 
GLOBAL_UNIT_ASSIGNED_CONTEXT((#2556,#2557,#2558)) REPRESENTATION_CONTEXT
('Context #1','3D Context with UNIT and UNCERTAINTY') );
#2556 = ( LENGTH_UNIT() NAMED_UNIT(*) SI_UNIT(.MILLI.,.METRE.) );
#2557 = ( NAMED_UNIT(*) PLANE_ANGLE_UNIT() SI_UNIT($,.RADIAN.) );
#2558 = ( NAMED_UNIT(*) SI_UNIT($,.STERADIAN.) SOLID_ANGLE_UNIT() );
#2559 = UNCERTAINTY_MEASURE_WITH_UNIT(LENGTH_MEASURE(1.E-07),#2556,
  'distance_accuracy_value','confusion accuracy');
#2560 = CONTEXT_DEPENDENT_SHAPE_REPRESENTATION(#2561,#2563);
#2561 = ( REPRESENTATION_RELATIONSHIP('','',#2404,#10) 
REPRESENTATION_RELATIONSHIP_WITH_TRANSFORMATION(#2562) 
SHAPE_REPRESENTATION_RELATIONSHIP() );
#2562 = ITEM_DEFINED_TRANSFORMATION('','',#11,#67);
#2563 = PRODUCT_DEFINITION_SHAPE('Placement','Placement of an item',
  #2564);
#2564 = NEXT_ASSEMBLY_USAGE_OCCURRENCE('14','AHU_ReturnPlenum_01','',#5,
  #2399,$);
#2565 = PRODUCT_RELATED_PRODUCT_CATEGORY('part',$,(#2401));
#2566 = SHAPE_DEFINITION_REPRESENTATION(#2567,#2573);
#2567 = PRODUCT_DEFINITION_SHAPE('','',#2568);
#2568 = PRODUCT_DEFINITION('design','',#2569,#2572);
#2569 = PRODUCT_DEFINITION_FORMATION('','',#2570);
#2570 = PRODUCT('EquipmentPad_PumpSkid_01','EquipmentPad_PumpSkid_01',''
  ,(#2571));
#2571 = PRODUCT_CONTEXT('',#2,'mechanical');
#2572 = PRODUCT_DEFINITION_CONTEXT('part definition',#2,'design');
#2573 = ADVANCED_BREP_SHAPE_REPRESENTATION('',(#11,#2574),#2724);
#2574 = MANIFOLD_SOLID_BREP('',#2575);
#2575 = CLOSED_SHELL('',(#2576,#2616,#2656,#2678,#2700,#2712));
#2576 = ADVANCED_FACE('',(#2577),#2611,.F.);
#2577 = FACE_BOUND('',#2578,.F.);
#2578 = EDGE_LOOP('',(#2579,#2589,#2597,#2605));
#2579 = ORIENTED_EDGE('',*,*,#2580,.F.);
#2580 = EDGE_CURVE('',#2581,#2583,#2585,.T.);
#2581 = VERTEX_POINT('',#2582);
#2582 = CARTESIAN_POINT('',(3.6E+03,650.,200.));
#2583 = VERTEX_POINT('',#2584);
#2584 = CARTESIAN_POINT('',(3.6E+03,650.,340.));
#2585 = LINE('',#2586,#2587);
#2586 = CARTESIAN_POINT('',(3.6E+03,650.,200.));
#2587 = VECTOR('',#2588,1.);
#2588 = DIRECTION('',(0.,0.,1.));
#2589 = ORIENTED_EDGE('',*,*,#2590,.T.);
#2590 = EDGE_CURVE('',#2581,#2591,#2593,.T.);
#2591 = VERTEX_POINT('',#2592);
#2592 = CARTESIAN_POINT('',(3.6E+03,1.45E+03,200.));
#2593 = LINE('',#2594,#2595);
#2594 = CARTESIAN_POINT('',(3.6E+03,650.,200.));
#2595 = VECTOR('',#2596,1.);
#2596 = DIRECTION('',(-0.,1.,0.));
#2597 = ORIENTED_EDGE('',*,*,#2598,.T.);
#2598 = EDGE_CURVE('',#2591,#2599,#2601,.T.);
#2599 = VERTEX_POINT('',#2600);
#2600 = CARTESIAN_POINT('',(3.6E+03,1.45E+03,340.));
#2601 = LINE('',#2602,#2603);
#2602 = CARTESIAN_POINT('',(3.6E+03,1.45E+03,200.));
#2603 = VECTOR('',#2604,1.);
#2604 = DIRECTION('',(0.,0.,1.));
#2605 = ORIENTED_EDGE('',*,*,#2606,.F.);
#2606 = EDGE_CURVE('',#2583,#2599,#2607,.T.);
#2607 = LINE('',#2608,#2609);
#2608 = CARTESIAN_POINT('',(3.6E+03,650.,340.));
#2609 = VECTOR('',#2610,1.);
#2610 = DIRECTION('',(-0.,1.,0.));
#2611 = PLANE('',#2612);
#2612 = AXIS2_PLACEMENT_3D('',#2613,#2614,#2615);
#2613 = CARTESIAN_POINT('',(3.6E+03,650.,200.));
#2614 = DIRECTION('',(1.,0.,-0.));
#2615 = DIRECTION('',(0.,0.,1.));
#2616 = ADVANCED_FACE('',(#2617),#2651,.T.);
#2617 = FACE_BOUND('',#2618,.T.);
#2618 = EDGE_LOOP('',(#2619,#2629,#2637,#2645));
#2619 = ORIENTED_EDGE('',*,*,#2620,.F.);
#2620 = EDGE_CURVE('',#2621,#2623,#2625,.T.);
#2621 = VERTEX_POINT('',#2622);
#2622 = CARTESIAN_POINT('',(5.E+03,650.,200.));
#2623 = VERTEX_POINT('',#2624);
#2624 = CARTESIAN_POINT('',(5.E+03,650.,340.));
#2625 = LINE('',#2626,#2627);
#2626 = CARTESIAN_POINT('',(5.E+03,650.,200.));
#2627 = VECTOR('',#2628,1.);
#2628 = DIRECTION('',(0.,0.,1.));
#2629 = ORIENTED_EDGE('',*,*,#2630,.T.);
#2630 = EDGE_CURVE('',#2621,#2631,#2633,.T.);
#2631 = VERTEX_POINT('',#2632);
#2632 = CARTESIAN_POINT('',(5.E+03,1.45E+03,200.));
#2633 = LINE('',#2634,#2635);
#2634 = CARTESIAN_POINT('',(5.E+03,650.,200.));
#2635 = VECTOR('',#2636,1.);
#2636 = DIRECTION('',(-0.,1.,0.));
#2637 = ORIENTED_EDGE('',*,*,#2638,.T.);
#2638 = EDGE_CURVE('',#2631,#2639,#2641,.T.);
#2639 = VERTEX_POINT('',#2640);
#2640 = CARTESIAN_POINT('',(5.E+03,1.45E+03,340.));
#2641 = LINE('',#2642,#2643);
#2642 = CARTESIAN_POINT('',(5.E+03,1.45E+03,200.));
#2643 = VECTOR('',#2644,1.);
#2644 = DIRECTION('',(0.,0.,1.));
#2645 = ORIENTED_EDGE('',*,*,#2646,.F.);
#2646 = EDGE_CURVE('',#2623,#2639,#2647,.T.);
#2647 = LINE('',#2648,#2649);
#2648 = CARTESIAN_POINT('',(5.E+03,650.,340.));
#2649 = VECTOR('',#2650,1.);
#2650 = DIRECTION('',(-0.,1.,0.));
#2651 = PLANE('',#2652);
#2652 = AXIS2_PLACEMENT_3D('',#2653,#2654,#2655);
#2653 = CARTESIAN_POINT('',(5.E+03,650.,200.));
#2654 = DIRECTION('',(1.,0.,-0.));
#2655 = DIRECTION('',(0.,0.,1.));
#2656 = ADVANCED_FACE('',(#2657),#2673,.F.);
#2657 = FACE_BOUND('',#2658,.F.);
#2658 = EDGE_LOOP('',(#2659,#2665,#2666,#2672));
#2659 = ORIENTED_EDGE('',*,*,#2660,.F.);
#2660 = EDGE_CURVE('',#2581,#2621,#2661,.T.);
#2661 = LINE('',#2662,#2663);
#2662 = CARTESIAN_POINT('',(3.6E+03,650.,200.));
#2663 = VECTOR('',#2664,1.);
#2664 = DIRECTION('',(1.,0.,-0.));
#2665 = ORIENTED_EDGE('',*,*,#2580,.T.);
#2666 = ORIENTED_EDGE('',*,*,#2667,.T.);
#2667 = EDGE_CURVE('',#2583,#2623,#2668,.T.);
#2668 = LINE('',#2669,#2670);
#2669 = CARTESIAN_POINT('',(3.6E+03,650.,340.));
#2670 = VECTOR('',#2671,1.);
#2671 = DIRECTION('',(1.,0.,-0.));
#2672 = ORIENTED_EDGE('',*,*,#2620,.F.);
#2673 = PLANE('',#2674);
#2674 = AXIS2_PLACEMENT_3D('',#2675,#2676,#2677);
#2675 = CARTESIAN_POINT('',(3.6E+03,650.,200.));
#2676 = DIRECTION('',(-0.,1.,0.));
#2677 = DIRECTION('',(0.,0.,1.));
#2678 = ADVANCED_FACE('',(#2679),#2695,.T.);
#2679 = FACE_BOUND('',#2680,.T.);
#2680 = EDGE_LOOP('',(#2681,#2687,#2688,#2694));
#2681 = ORIENTED_EDGE('',*,*,#2682,.F.);
#2682 = EDGE_CURVE('',#2591,#2631,#2683,.T.);
#2683 = LINE('',#2684,#2685);
#2684 = CARTESIAN_POINT('',(3.6E+03,1.45E+03,200.));
#2685 = VECTOR('',#2686,1.);
#2686 = DIRECTION('',(1.,0.,-0.));
#2687 = ORIENTED_EDGE('',*,*,#2598,.T.);
#2688 = ORIENTED_EDGE('',*,*,#2689,.T.);
#2689 = EDGE_CURVE('',#2599,#2639,#2690,.T.);
#2690 = LINE('',#2691,#2692);
#2691 = CARTESIAN_POINT('',(3.6E+03,1.45E+03,340.));
#2692 = VECTOR('',#2693,1.);
#2693 = DIRECTION('',(1.,0.,-0.));
#2694 = ORIENTED_EDGE('',*,*,#2638,.F.);
#2695 = PLANE('',#2696);
#2696 = AXIS2_PLACEMENT_3D('',#2697,#2698,#2699);
#2697 = CARTESIAN_POINT('',(3.6E+03,1.45E+03,200.));
#2698 = DIRECTION('',(-0.,1.,0.));
#2699 = DIRECTION('',(0.,0.,1.));
#2700 = ADVANCED_FACE('',(#2701),#2707,.F.);
#2701 = FACE_BOUND('',#2702,.F.);
#2702 = EDGE_LOOP('',(#2703,#2704,#2705,#2706));
#2703 = ORIENTED_EDGE('',*,*,#2590,.F.);
#2704 = ORIENTED_EDGE('',*,*,#2660,.T.);
#2705 = ORIENTED_EDGE('',*,*,#2630,.T.);
#2706 = ORIENTED_EDGE('',*,*,#2682,.F.);
#2707 = PLANE('',#2708);
#2708 = AXIS2_PLACEMENT_3D('',#2709,#2710,#2711);
#2709 = CARTESIAN_POINT('',(3.6E+03,650.,200.));
#2710 = DIRECTION('',(0.,0.,1.));
#2711 = DIRECTION('',(1.,0.,-0.));
#2712 = ADVANCED_FACE('',(#2713),#2719,.T.);
#2713 = FACE_BOUND('',#2714,.T.);
#2714 = EDGE_LOOP('',(#2715,#2716,#2717,#2718));
#2715 = ORIENTED_EDGE('',*,*,#2606,.F.);
#2716 = ORIENTED_EDGE('',*,*,#2667,.T.);
#2717 = ORIENTED_EDGE('',*,*,#2646,.T.);
#2718 = ORIENTED_EDGE('',*,*,#2689,.F.);
#2719 = PLANE('',#2720);
#2720 = AXIS2_PLACEMENT_3D('',#2721,#2722,#2723);
#2721 = CARTESIAN_POINT('',(3.6E+03,650.,340.));
#2722 = DIRECTION('',(0.,0.,1.));
#2723 = DIRECTION('',(1.,0.,-0.));
#2724 = ( GEOMETRIC_REPRESENTATION_CONTEXT(3) 
GLOBAL_UNCERTAINTY_ASSIGNED_CONTEXT((#2728)) 
GLOBAL_UNIT_ASSIGNED_CONTEXT((#2725,#2726,#2727)) REPRESENTATION_CONTEXT
('Context #1','3D Context with UNIT and UNCERTAINTY') );
#2725 = ( LENGTH_UNIT() NAMED_UNIT(*) SI_UNIT(.MILLI.,.METRE.) );
#2726 = ( NAMED_UNIT(*) PLANE_ANGLE_UNIT() SI_UNIT($,.RADIAN.) );
#2727 = ( NAMED_UNIT(*) SI_UNIT($,.STERADIAN.) SOLID_ANGLE_UNIT() );
#2728 = UNCERTAINTY_MEASURE_WITH_UNIT(LENGTH_MEASURE(1.E-07),#2725,
  'distance_accuracy_value','confusion accuracy');
#2729 = CONTEXT_DEPENDENT_SHAPE_REPRESENTATION(#2730,#2732);
#2730 = ( REPRESENTATION_RELATIONSHIP('','',#2573,#10) 
REPRESENTATION_RELATIONSHIP_WITH_TRANSFORMATION(#2731) 
SHAPE_REPRESENTATION_RELATIONSHIP() );
#2731 = ITEM_DEFINED_TRANSFORMATION('','',#11,#71);
#2732 = PRODUCT_DEFINITION_SHAPE('Placement','Placement of an item',
  #2733);
#2733 = NEXT_ASSEMBLY_USAGE_OCCURRENCE('15','EquipmentPad_PumpSkid_01',
  '',#5,#2568,$);
#2734 = PRODUCT_RELATED_PRODUCT_CATEGORY('part',$,(#2570));
#2735 = SHAPE_DEFINITION_REPRESENTATION(#2736,#2742);
#2736 = PRODUCT_DEFINITION_SHAPE('','',#2737);
#2737 = PRODUCT_DEFINITION('design','',#2738,#2741);
#2738 = PRODUCT_DEFINITION_FORMATION('','',#2739);
#2739 = PRODUCT('Equipment_PumpSkid_01','Equipment_PumpSkid_01','',(
    #2740));
#2740 = PRODUCT_CONTEXT('',#2,'mechanical');
#2741 = PRODUCT_DEFINITION_CONTEXT('part definition',#2,'design');
#2742 = ADVANCED_BREP_SHAPE_REPRESENTATION('',(#11,#2743),#2893);
#2743 = MANIFOLD_SOLID_BREP('',#2744);
#2744 = CLOSED_SHELL('',(#2745,#2785,#2825,#2847,#2869,#2881));
#2745 = ADVANCED_FACE('',(#2746),#2780,.F.);
#2746 = FACE_BOUND('',#2747,.F.);
#2747 = EDGE_LOOP('',(#2748,#2758,#2766,#2774));
#2748 = ORIENTED_EDGE('',*,*,#2749,.F.);
#2749 = EDGE_CURVE('',#2750,#2752,#2754,.T.);
#2750 = VERTEX_POINT('',#2751);
#2751 = CARTESIAN_POINT('',(3.75E+03,820.,340.));
#2752 = VERTEX_POINT('',#2753);
#2753 = CARTESIAN_POINT('',(3.75E+03,820.,520.));
#2754 = LINE('',#2755,#2756);
#2755 = CARTESIAN_POINT('',(3.75E+03,820.,340.));
#2756 = VECTOR('',#2757,1.);
#2757 = DIRECTION('',(0.,0.,1.));
#2758 = ORIENTED_EDGE('',*,*,#2759,.T.);
#2759 = EDGE_CURVE('',#2750,#2760,#2762,.T.);
#2760 = VERTEX_POINT('',#2761);
#2761 = CARTESIAN_POINT('',(3.75E+03,1.34E+03,340.));
#2762 = LINE('',#2763,#2764);
#2763 = CARTESIAN_POINT('',(3.75E+03,820.,340.));
#2764 = VECTOR('',#2765,1.);
#2765 = DIRECTION('',(-0.,1.,0.));
#2766 = ORIENTED_EDGE('',*,*,#2767,.T.);
#2767 = EDGE_CURVE('',#2760,#2768,#2770,.T.);
#2768 = VERTEX_POINT('',#2769);
#2769 = CARTESIAN_POINT('',(3.75E+03,1.34E+03,520.));
#2770 = LINE('',#2771,#2772);
#2771 = CARTESIAN_POINT('',(3.75E+03,1.34E+03,340.));
#2772 = VECTOR('',#2773,1.);
#2773 = DIRECTION('',(0.,0.,1.));
#2774 = ORIENTED_EDGE('',*,*,#2775,.F.);
#2775 = EDGE_CURVE('',#2752,#2768,#2776,.T.);
#2776 = LINE('',#2777,#2778);
#2777 = CARTESIAN_POINT('',(3.75E+03,820.,520.));
#2778 = VECTOR('',#2779,1.);
#2779 = DIRECTION('',(-0.,1.,0.));
#2780 = PLANE('',#2781);
#2781 = AXIS2_PLACEMENT_3D('',#2782,#2783,#2784);
#2782 = CARTESIAN_POINT('',(3.75E+03,820.,340.));
#2783 = DIRECTION('',(1.,0.,-0.));
#2784 = DIRECTION('',(0.,0.,1.));
#2785 = ADVANCED_FACE('',(#2786),#2820,.T.);
#2786 = FACE_BOUND('',#2787,.T.);
#2787 = EDGE_LOOP('',(#2788,#2798,#2806,#2814));
#2788 = ORIENTED_EDGE('',*,*,#2789,.F.);
#2789 = EDGE_CURVE('',#2790,#2792,#2794,.T.);
#2790 = VERTEX_POINT('',#2791);
#2791 = CARTESIAN_POINT('',(4.85E+03,820.,340.));
#2792 = VERTEX_POINT('',#2793);
#2793 = CARTESIAN_POINT('',(4.85E+03,820.,520.));
#2794 = LINE('',#2795,#2796);
#2795 = CARTESIAN_POINT('',(4.85E+03,820.,340.));
#2796 = VECTOR('',#2797,1.);
#2797 = DIRECTION('',(0.,0.,1.));
#2798 = ORIENTED_EDGE('',*,*,#2799,.T.);
#2799 = EDGE_CURVE('',#2790,#2800,#2802,.T.);
#2800 = VERTEX_POINT('',#2801);
#2801 = CARTESIAN_POINT('',(4.85E+03,1.34E+03,340.));
#2802 = LINE('',#2803,#2804);
#2803 = CARTESIAN_POINT('',(4.85E+03,820.,340.));
#2804 = VECTOR('',#2805,1.);
#2805 = DIRECTION('',(-0.,1.,0.));
#2806 = ORIENTED_EDGE('',*,*,#2807,.T.);
#2807 = EDGE_CURVE('',#2800,#2808,#2810,.T.);
#2808 = VERTEX_POINT('',#2809);
#2809 = CARTESIAN_POINT('',(4.85E+03,1.34E+03,520.));
#2810 = LINE('',#2811,#2812);
#2811 = CARTESIAN_POINT('',(4.85E+03,1.34E+03,340.));
#2812 = VECTOR('',#2813,1.);
#2813 = DIRECTION('',(0.,0.,1.));
#2814 = ORIENTED_EDGE('',*,*,#2815,.F.);
#2815 = EDGE_CURVE('',#2792,#2808,#2816,.T.);
#2816 = LINE('',#2817,#2818);
#2817 = CARTESIAN_POINT('',(4.85E+03,820.,520.));
#2818 = VECTOR('',#2819,1.);
#2819 = DIRECTION('',(-0.,1.,0.));
#2820 = PLANE('',#2821);
#2821 = AXIS2_PLACEMENT_3D('',#2822,#2823,#2824);
#2822 = CARTESIAN_POINT('',(4.85E+03,820.,340.));
#2823 = DIRECTION('',(1.,0.,-0.));
#2824 = DIRECTION('',(0.,0.,1.));
#2825 = ADVANCED_FACE('',(#2826),#2842,.F.);
#2826 = FACE_BOUND('',#2827,.F.);
#2827 = EDGE_LOOP('',(#2828,#2834,#2835,#2841));
#2828 = ORIENTED_EDGE('',*,*,#2829,.F.);
#2829 = EDGE_CURVE('',#2750,#2790,#2830,.T.);
#2830 = LINE('',#2831,#2832);
#2831 = CARTESIAN_POINT('',(3.75E+03,820.,340.));
#2832 = VECTOR('',#2833,1.);
#2833 = DIRECTION('',(1.,0.,-0.));
#2834 = ORIENTED_EDGE('',*,*,#2749,.T.);
#2835 = ORIENTED_EDGE('',*,*,#2836,.T.);
#2836 = EDGE_CURVE('',#2752,#2792,#2837,.T.);
#2837 = LINE('',#2838,#2839);
#2838 = CARTESIAN_POINT('',(3.75E+03,820.,520.));
#2839 = VECTOR('',#2840,1.);
#2840 = DIRECTION('',(1.,0.,-0.));
#2841 = ORIENTED_EDGE('',*,*,#2789,.F.);
#2842 = PLANE('',#2843);
#2843 = AXIS2_PLACEMENT_3D('',#2844,#2845,#2846);
#2844 = CARTESIAN_POINT('',(3.75E+03,820.,340.));
#2845 = DIRECTION('',(-0.,1.,0.));
#2846 = DIRECTION('',(0.,0.,1.));
#2847 = ADVANCED_FACE('',(#2848),#2864,.T.);
#2848 = FACE_BOUND('',#2849,.T.);
#2849 = EDGE_LOOP('',(#2850,#2856,#2857,#2863));
#2850 = ORIENTED_EDGE('',*,*,#2851,.F.);
#2851 = EDGE_CURVE('',#2760,#2800,#2852,.T.);
#2852 = LINE('',#2853,#2854);
#2853 = CARTESIAN_POINT('',(3.75E+03,1.34E+03,340.));
#2854 = VECTOR('',#2855,1.);
#2855 = DIRECTION('',(1.,0.,-0.));
#2856 = ORIENTED_EDGE('',*,*,#2767,.T.);
#2857 = ORIENTED_EDGE('',*,*,#2858,.T.);
#2858 = EDGE_CURVE('',#2768,#2808,#2859,.T.);
#2859 = LINE('',#2860,#2861);
#2860 = CARTESIAN_POINT('',(3.75E+03,1.34E+03,520.));
#2861 = VECTOR('',#2862,1.);
#2862 = DIRECTION('',(1.,0.,-0.));
#2863 = ORIENTED_EDGE('',*,*,#2807,.F.);
#2864 = PLANE('',#2865);
#2865 = AXIS2_PLACEMENT_3D('',#2866,#2867,#2868);
#2866 = CARTESIAN_POINT('',(3.75E+03,1.34E+03,340.));
#2867 = DIRECTION('',(-0.,1.,0.));
#2868 = DIRECTION('',(0.,0.,1.));
#2869 = ADVANCED_FACE('',(#2870),#2876,.F.);
#2870 = FACE_BOUND('',#2871,.F.);
#2871 = EDGE_LOOP('',(#2872,#2873,#2874,#2875));
#2872 = ORIENTED_EDGE('',*,*,#2759,.F.);
#2873 = ORIENTED_EDGE('',*,*,#2829,.T.);
#2874 = ORIENTED_EDGE('',*,*,#2799,.T.);
#2875 = ORIENTED_EDGE('',*,*,#2851,.F.);
#2876 = PLANE('',#2877);
#2877 = AXIS2_PLACEMENT_3D('',#2878,#2879,#2880);
#2878 = CARTESIAN_POINT('',(3.75E+03,820.,340.));
#2879 = DIRECTION('',(0.,0.,1.));
#2880 = DIRECTION('',(1.,0.,-0.));
#2881 = ADVANCED_FACE('',(#2882),#2888,.T.);
#2882 = FACE_BOUND('',#2883,.T.);
#2883 = EDGE_LOOP('',(#2884,#2885,#2886,#2887));
#2884 = ORIENTED_EDGE('',*,*,#2775,.F.);
#2885 = ORIENTED_EDGE('',*,*,#2836,.T.);
#2886 = ORIENTED_EDGE('',*,*,#2815,.T.);
#2887 = ORIENTED_EDGE('',*,*,#2858,.F.);
#2888 = PLANE('',#2889);
#2889 = AXIS2_PLACEMENT_3D('',#2890,#2891,#2892);
#2890 = CARTESIAN_POINT('',(3.75E+03,820.,520.));
#2891 = DIRECTION('',(0.,0.,1.));
#2892 = DIRECTION('',(1.,0.,-0.));
#2893 = ( GEOMETRIC_REPRESENTATION_CONTEXT(3) 
GLOBAL_UNCERTAINTY_ASSIGNED_CONTEXT((#2897)) 
GLOBAL_UNIT_ASSIGNED_CONTEXT((#2894,#2895,#2896)) REPRESENTATION_CONTEXT
('Context #1','3D Context with UNIT and UNCERTAINTY') );
#2894 = ( LENGTH_UNIT() NAMED_UNIT(*) SI_UNIT(.MILLI.,.METRE.) );
#2895 = ( NAMED_UNIT(*) PLANE_ANGLE_UNIT() SI_UNIT($,.RADIAN.) );
#2896 = ( NAMED_UNIT(*) SI_UNIT($,.STERADIAN.) SOLID_ANGLE_UNIT() );
#2897 = UNCERTAINTY_MEASURE_WITH_UNIT(LENGTH_MEASURE(1.E-07),#2894,
  'distance_accuracy_value','confusion accuracy');
#2898 = CONTEXT_DEPENDENT_SHAPE_REPRESENTATION(#2899,#2901);
#2899 = ( REPRESENTATION_RELATIONSHIP('','',#2742,#10) 
REPRESENTATION_RELATIONSHIP_WITH_TRANSFORMATION(#2900) 
SHAPE_REPRESENTATION_RELATIONSHIP() );
#2900 = ITEM_DEFINED_TRANSFORMATION('','',#11,#75);
#2901 = PRODUCT_DEFINITION_SHAPE('Placement','Placement of an item',
  #2902);
#2902 = NEXT_ASSEMBLY_USAGE_OCCURRENCE('16','Equipment_PumpSkid_01','',
  #5,#2737,$);
#2903 = PRODUCT_RELATED_PRODUCT_CATEGORY('part',$,(#2739));
#2904 = SHAPE_DEFINITION_REPRESENTATION(#2905,#2911);
#2905 = PRODUCT_DEFINITION_SHAPE('','',#2906);
#2906 = PRODUCT_DEFINITION('design','',#2907,#2910);
#2907 = PRODUCT_DEFINITION_FORMATION('','',#2908);
#2908 = PRODUCT('PumpSkid_Rail_North_01','PumpSkid_Rail_North_01','',(
    #2909));
#2909 = PRODUCT_CONTEXT('',#2,'mechanical');
#2910 = PRODUCT_DEFINITION_CONTEXT('part definition',#2,'design');
#2911 = ADVANCED_BREP_SHAPE_REPRESENTATION('',(#11,#2912),#3062);
#2912 = MANIFOLD_SOLID_BREP('',#2913);
#2913 = CLOSED_SHELL('',(#2914,#2954,#2994,#3016,#3038,#3050));
#2914 = ADVANCED_FACE('',(#2915),#2949,.F.);
#2915 = FACE_BOUND('',#2916,.F.);
#2916 = EDGE_LOOP('',(#2917,#2927,#2935,#2943));
#2917 = ORIENTED_EDGE('',*,*,#2918,.F.);
#2918 = EDGE_CURVE('',#2919,#2921,#2923,.T.);
#2919 = VERTEX_POINT('',#2920);
#2920 = CARTESIAN_POINT('',(3.7E+03,810.,360.));
#2921 = VERTEX_POINT('',#2922);
#2922 = CARTESIAN_POINT('',(3.7E+03,810.,480.));
#2923 = LINE('',#2924,#2925);
#2924 = CARTESIAN_POINT('',(3.7E+03,810.,360.));
#2925 = VECTOR('',#2926,1.);
#2926 = DIRECTION('',(0.,0.,1.));
#2927 = ORIENTED_EDGE('',*,*,#2928,.T.);
#2928 = EDGE_CURVE('',#2919,#2929,#2931,.T.);
#2929 = VERTEX_POINT('',#2930);
#2930 = CARTESIAN_POINT('',(3.7E+03,880.,360.));
#2931 = LINE('',#2932,#2933);
#2932 = CARTESIAN_POINT('',(3.7E+03,810.,360.));
#2933 = VECTOR('',#2934,1.);
#2934 = DIRECTION('',(-0.,1.,0.));
#2935 = ORIENTED_EDGE('',*,*,#2936,.T.);
#2936 = EDGE_CURVE('',#2929,#2937,#2939,.T.);
#2937 = VERTEX_POINT('',#2938);
#2938 = CARTESIAN_POINT('',(3.7E+03,880.,480.));
#2939 = LINE('',#2940,#2941);
#2940 = CARTESIAN_POINT('',(3.7E+03,880.,360.));
#2941 = VECTOR('',#2942,1.);
#2942 = DIRECTION('',(0.,0.,1.));
#2943 = ORIENTED_EDGE('',*,*,#2944,.F.);
#2944 = EDGE_CURVE('',#2921,#2937,#2945,.T.);
#2945 = LINE('',#2946,#2947);
#2946 = CARTESIAN_POINT('',(3.7E+03,810.,480.));
#2947 = VECTOR('',#2948,1.);
#2948 = DIRECTION('',(-0.,1.,0.));
#2949 = PLANE('',#2950);
#2950 = AXIS2_PLACEMENT_3D('',#2951,#2952,#2953);
#2951 = CARTESIAN_POINT('',(3.7E+03,810.,360.));
#2952 = DIRECTION('',(1.,0.,-0.));
#2953 = DIRECTION('',(0.,0.,1.));
#2954 = ADVANCED_FACE('',(#2955),#2989,.T.);
#2955 = FACE_BOUND('',#2956,.T.);
#2956 = EDGE_LOOP('',(#2957,#2967,#2975,#2983));
#2957 = ORIENTED_EDGE('',*,*,#2958,.F.);
#2958 = EDGE_CURVE('',#2959,#2961,#2963,.T.);
#2959 = VERTEX_POINT('',#2960);
#2960 = CARTESIAN_POINT('',(4.9E+03,810.,360.));
#2961 = VERTEX_POINT('',#2962);
#2962 = CARTESIAN_POINT('',(4.9E+03,810.,480.));
#2963 = LINE('',#2964,#2965);
#2964 = CARTESIAN_POINT('',(4.9E+03,810.,360.));
#2965 = VECTOR('',#2966,1.);
#2966 = DIRECTION('',(0.,0.,1.));
#2967 = ORIENTED_EDGE('',*,*,#2968,.T.);
#2968 = EDGE_CURVE('',#2959,#2969,#2971,.T.);
#2969 = VERTEX_POINT('',#2970);
#2970 = CARTESIAN_POINT('',(4.9E+03,880.,360.));
#2971 = LINE('',#2972,#2973);
#2972 = CARTESIAN_POINT('',(4.9E+03,810.,360.));
#2973 = VECTOR('',#2974,1.);
#2974 = DIRECTION('',(-0.,1.,0.));
#2975 = ORIENTED_EDGE('',*,*,#2976,.T.);
#2976 = EDGE_CURVE('',#2969,#2977,#2979,.T.);
#2977 = VERTEX_POINT('',#2978);
#2978 = CARTESIAN_POINT('',(4.9E+03,880.,480.));
#2979 = LINE('',#2980,#2981);
#2980 = CARTESIAN_POINT('',(4.9E+03,880.,360.));
#2981 = VECTOR('',#2982,1.);
#2982 = DIRECTION('',(0.,0.,1.));
#2983 = ORIENTED_EDGE('',*,*,#2984,.F.);
#2984 = EDGE_CURVE('',#2961,#2977,#2985,.T.);
#2985 = LINE('',#2986,#2987);
#2986 = CARTESIAN_POINT('',(4.9E+03,810.,480.));
#2987 = VECTOR('',#2988,1.);
#2988 = DIRECTION('',(-0.,1.,0.));
#2989 = PLANE('',#2990);
#2990 = AXIS2_PLACEMENT_3D('',#2991,#2992,#2993);
#2991 = CARTESIAN_POINT('',(4.9E+03,810.,360.));
#2992 = DIRECTION('',(1.,0.,-0.));
#2993 = DIRECTION('',(0.,0.,1.));
#2994 = ADVANCED_FACE('',(#2995),#3011,.F.);
#2995 = FACE_BOUND('',#2996,.F.);
#2996 = EDGE_LOOP('',(#2997,#3003,#3004,#3010));
#2997 = ORIENTED_EDGE('',*,*,#2998,.F.);
#2998 = EDGE_CURVE('',#2919,#2959,#2999,.T.);
#2999 = LINE('',#3000,#3001);
#3000 = CARTESIAN_POINT('',(3.7E+03,810.,360.));
#3001 = VECTOR('',#3002,1.);
#3002 = DIRECTION('',(1.,0.,-0.));
#3003 = ORIENTED_EDGE('',*,*,#2918,.T.);
#3004 = ORIENTED_EDGE('',*,*,#3005,.T.);
#3005 = EDGE_CURVE('',#2921,#2961,#3006,.T.);
#3006 = LINE('',#3007,#3008);
#3007 = CARTESIAN_POINT('',(3.7E+03,810.,480.));
#3008 = VECTOR('',#3009,1.);
#3009 = DIRECTION('',(1.,0.,-0.));
#3010 = ORIENTED_EDGE('',*,*,#2958,.F.);
#3011 = PLANE('',#3012);
#3012 = AXIS2_PLACEMENT_3D('',#3013,#3014,#3015);
#3013 = CARTESIAN_POINT('',(3.7E+03,810.,360.));
#3014 = DIRECTION('',(-0.,1.,0.));
#3015 = DIRECTION('',(0.,0.,1.));
#3016 = ADVANCED_FACE('',(#3017),#3033,.T.);
#3017 = FACE_BOUND('',#3018,.T.);
#3018 = EDGE_LOOP('',(#3019,#3025,#3026,#3032));
#3019 = ORIENTED_EDGE('',*,*,#3020,.F.);
#3020 = EDGE_CURVE('',#2929,#2969,#3021,.T.);
#3021 = LINE('',#3022,#3023);
#3022 = CARTESIAN_POINT('',(3.7E+03,880.,360.));
#3023 = VECTOR('',#3024,1.);
#3024 = DIRECTION('',(1.,0.,-0.));
#3025 = ORIENTED_EDGE('',*,*,#2936,.T.);
#3026 = ORIENTED_EDGE('',*,*,#3027,.T.);
#3027 = EDGE_CURVE('',#2937,#2977,#3028,.T.);
#3028 = LINE('',#3029,#3030);
#3029 = CARTESIAN_POINT('',(3.7E+03,880.,480.));
#3030 = VECTOR('',#3031,1.);
#3031 = DIRECTION('',(1.,0.,-0.));
#3032 = ORIENTED_EDGE('',*,*,#2976,.F.);
#3033 = PLANE('',#3034);
#3034 = AXIS2_PLACEMENT_3D('',#3035,#3036,#3037);
#3035 = CARTESIAN_POINT('',(3.7E+03,880.,360.));
#3036 = DIRECTION('',(-0.,1.,0.));
#3037 = DIRECTION('',(0.,0.,1.));
#3038 = ADVANCED_FACE('',(#3039),#3045,.F.);
#3039 = FACE_BOUND('',#3040,.F.);
#3040 = EDGE_LOOP('',(#3041,#3042,#3043,#3044));
#3041 = ORIENTED_EDGE('',*,*,#2928,.F.);
#3042 = ORIENTED_EDGE('',*,*,#2998,.T.);
#3043 = ORIENTED_EDGE('',*,*,#2968,.T.);
#3044 = ORIENTED_EDGE('',*,*,#3020,.F.);
#3045 = PLANE('',#3046);
#3046 = AXIS2_PLACEMENT_3D('',#3047,#3048,#3049);
#3047 = CARTESIAN_POINT('',(3.7E+03,810.,360.));
#3048 = DIRECTION('',(0.,0.,1.));
#3049 = DIRECTION('',(1.,0.,-0.));
#3050 = ADVANCED_FACE('',(#3051),#3057,.T.);
#3051 = FACE_BOUND('',#3052,.T.);
#3052 = EDGE_LOOP('',(#3053,#3054,#3055,#3056));
#3053 = ORIENTED_EDGE('',*,*,#2944,.F.);
#3054 = ORIENTED_EDGE('',*,*,#3005,.T.);
#3055 = ORIENTED_EDGE('',*,*,#2984,.T.);
#3056 = ORIENTED_EDGE('',*,*,#3027,.F.);
#3057 = PLANE('',#3058);
#3058 = AXIS2_PLACEMENT_3D('',#3059,#3060,#3061);
#3059 = CARTESIAN_POINT('',(3.7E+03,810.,480.));
#3060 = DIRECTION('',(0.,0.,1.));
#3061 = DIRECTION('',(1.,0.,-0.));
#3062 = ( GEOMETRIC_REPRESENTATION_CONTEXT(3) 
GLOBAL_UNCERTAINTY_ASSIGNED_CONTEXT((#3066)) 
GLOBAL_UNIT_ASSIGNED_CONTEXT((#3063,#3064,#3065)) REPRESENTATION_CONTEXT
('Context #1','3D Context with UNIT and UNCERTAINTY') );
#3063 = ( LENGTH_UNIT() NAMED_UNIT(*) SI_UNIT(.MILLI.,.METRE.) );
#3064 = ( NAMED_UNIT(*) PLANE_ANGLE_UNIT() SI_UNIT($,.RADIAN.) );
#3065 = ( NAMED_UNIT(*) SI_UNIT($,.STERADIAN.) SOLID_ANGLE_UNIT() );
#3066 = UNCERTAINTY_MEASURE_WITH_UNIT(LENGTH_MEASURE(1.E-07),#3063,
  'distance_accuracy_value','confusion accuracy');
#3067 = CONTEXT_DEPENDENT_SHAPE_REPRESENTATION(#3068,#3070);
#3068 = ( REPRESENTATION_RELATIONSHIP('','',#2911,#10) 
REPRESENTATION_RELATIONSHIP_WITH_TRANSFORMATION(#3069) 
SHAPE_REPRESENTATION_RELATIONSHIP() );
#3069 = ITEM_DEFINED_TRANSFORMATION('','',#11,#79);
#3070 = PRODUCT_DEFINITION_SHAPE('Placement','Placement of an item',
  #3071);
#3071 = NEXT_ASSEMBLY_USAGE_OCCURRENCE('17','PumpSkid_Rail_North_01','',
  #5,#2906,$);
#3072 = PRODUCT_RELATED_PRODUCT_CATEGORY('part',$,(#2908));
#3073 = SHAPE_DEFINITION_REPRESENTATION(#3074,#3080);
#3074 = PRODUCT_DEFINITION_SHAPE('','',#3075);
#3075 = PRODUCT_DEFINITION('design','',#3076,#3079);
#3076 = PRODUCT_DEFINITION_FORMATION('','',#3077);
#3077 = PRODUCT('PumpSkid_Rail_South_01','PumpSkid_Rail_South_01','',(
    #3078));
#3078 = PRODUCT_CONTEXT('',#2,'mechanical');
#3079 = PRODUCT_DEFINITION_CONTEXT('part definition',#2,'design');
#3080 = ADVANCED_BREP_SHAPE_REPRESENTATION('',(#11,#3081),#3231);
#3081 = MANIFOLD_SOLID_BREP('',#3082);
#3082 = CLOSED_SHELL('',(#3083,#3123,#3163,#3185,#3207,#3219));
#3083 = ADVANCED_FACE('',(#3084),#3118,.F.);
#3084 = FACE_BOUND('',#3085,.F.);
#3085 = EDGE_LOOP('',(#3086,#3096,#3104,#3112));
#3086 = ORIENTED_EDGE('',*,*,#3087,.F.);
#3087 = EDGE_CURVE('',#3088,#3090,#3092,.T.);
#3088 = VERTEX_POINT('',#3089);
#3089 = CARTESIAN_POINT('',(3.7E+03,1.29E+03,360.));
#3090 = VERTEX_POINT('',#3091);
#3091 = CARTESIAN_POINT('',(3.7E+03,1.29E+03,480.));
#3092 = LINE('',#3093,#3094);
#3093 = CARTESIAN_POINT('',(3.7E+03,1.29E+03,360.));
#3094 = VECTOR('',#3095,1.);
#3095 = DIRECTION('',(0.,0.,1.));
#3096 = ORIENTED_EDGE('',*,*,#3097,.T.);
#3097 = EDGE_CURVE('',#3088,#3098,#3100,.T.);
#3098 = VERTEX_POINT('',#3099);
#3099 = CARTESIAN_POINT('',(3.7E+03,1.36E+03,360.));
#3100 = LINE('',#3101,#3102);
#3101 = CARTESIAN_POINT('',(3.7E+03,1.29E+03,360.));
#3102 = VECTOR('',#3103,1.);
#3103 = DIRECTION('',(-0.,1.,0.));
#3104 = ORIENTED_EDGE('',*,*,#3105,.T.);
#3105 = EDGE_CURVE('',#3098,#3106,#3108,.T.);
#3106 = VERTEX_POINT('',#3107);
#3107 = CARTESIAN_POINT('',(3.7E+03,1.36E+03,480.));
#3108 = LINE('',#3109,#3110);
#3109 = CARTESIAN_POINT('',(3.7E+03,1.36E+03,360.));
#3110 = VECTOR('',#3111,1.);
#3111 = DIRECTION('',(0.,0.,1.));
#3112 = ORIENTED_EDGE('',*,*,#3113,.F.);
#3113 = EDGE_CURVE('',#3090,#3106,#3114,.T.);
#3114 = LINE('',#3115,#3116);
#3115 = CARTESIAN_POINT('',(3.7E+03,1.29E+03,480.));
#3116 = VECTOR('',#3117,1.);
#3117 = DIRECTION('',(-0.,1.,0.));
#3118 = PLANE('',#3119);
#3119 = AXIS2_PLACEMENT_3D('',#3120,#3121,#3122);
#3120 = CARTESIAN_POINT('',(3.7E+03,1.29E+03,360.));
#3121 = DIRECTION('',(1.,0.,-0.));
#3122 = DIRECTION('',(0.,0.,1.));
#3123 = ADVANCED_FACE('',(#3124),#3158,.T.);
#3124 = FACE_BOUND('',#3125,.T.);
#3125 = EDGE_LOOP('',(#3126,#3136,#3144,#3152));
#3126 = ORIENTED_EDGE('',*,*,#3127,.F.);
#3127 = EDGE_CURVE('',#3128,#3130,#3132,.T.);
#3128 = VERTEX_POINT('',#3129);
#3129 = CARTESIAN_POINT('',(4.9E+03,1.29E+03,360.));
#3130 = VERTEX_POINT('',#3131);
#3131 = CARTESIAN_POINT('',(4.9E+03,1.29E+03,480.));
#3132 = LINE('',#3133,#3134);
#3133 = CARTESIAN_POINT('',(4.9E+03,1.29E+03,360.));
#3134 = VECTOR('',#3135,1.);
#3135 = DIRECTION('',(0.,0.,1.));
#3136 = ORIENTED_EDGE('',*,*,#3137,.T.);
#3137 = EDGE_CURVE('',#3128,#3138,#3140,.T.);
#3138 = VERTEX_POINT('',#3139);
#3139 = CARTESIAN_POINT('',(4.9E+03,1.36E+03,360.));
#3140 = LINE('',#3141,#3142);
#3141 = CARTESIAN_POINT('',(4.9E+03,1.29E+03,360.));
#3142 = VECTOR('',#3143,1.);
#3143 = DIRECTION('',(-0.,1.,0.));
#3144 = ORIENTED_EDGE('',*,*,#3145,.T.);
#3145 = EDGE_CURVE('',#3138,#3146,#3148,.T.);
#3146 = VERTEX_POINT('',#3147);
#3147 = CARTESIAN_POINT('',(4.9E+03,1.36E+03,480.));
#3148 = LINE('',#3149,#3150);
#3149 = CARTESIAN_POINT('',(4.9E+03,1.36E+03,360.));
#3150 = VECTOR('',#3151,1.);
#3151 = DIRECTION('',(0.,0.,1.));
#3152 = ORIENTED_EDGE('',*,*,#3153,.F.);
#3153 = EDGE_CURVE('',#3130,#3146,#3154,.T.);
#3154 = LINE('',#3155,#3156);
#3155 = CARTESIAN_POINT('',(4.9E+03,1.29E+03,480.));
#3156 = VECTOR('',#3157,1.);
#3157 = DIRECTION('',(-0.,1.,0.));
#3158 = PLANE('',#3159);
#3159 = AXIS2_PLACEMENT_3D('',#3160,#3161,#3162);
#3160 = CARTESIAN_POINT('',(4.9E+03,1.29E+03,360.));
#3161 = DIRECTION('',(1.,0.,-0.));
#3162 = DIRECTION('',(0.,0.,1.));
#3163 = ADVANCED_FACE('',(#3164),#3180,.F.);
#3164 = FACE_BOUND('',#3165,.F.);
#3165 = EDGE_LOOP('',(#3166,#3172,#3173,#3179));
#3166 = ORIENTED_EDGE('',*,*,#3167,.F.);
#3167 = EDGE_CURVE('',#3088,#3128,#3168,.T.);
#3168 = LINE('',#3169,#3170);
#3169 = CARTESIAN_POINT('',(3.7E+03,1.29E+03,360.));
#3170 = VECTOR('',#3171,1.);
#3171 = DIRECTION('',(1.,0.,-0.));
#3172 = ORIENTED_EDGE('',*,*,#3087,.T.);
#3173 = ORIENTED_EDGE('',*,*,#3174,.T.);
#3174 = EDGE_CURVE('',#3090,#3130,#3175,.T.);
#3175 = LINE('',#3176,#3177);
#3176 = CARTESIAN_POINT('',(3.7E+03,1.29E+03,480.));
#3177 = VECTOR('',#3178,1.);
#3178 = DIRECTION('',(1.,0.,-0.));
#3179 = ORIENTED_EDGE('',*,*,#3127,.F.);
#3180 = PLANE('',#3181);
#3181 = AXIS2_PLACEMENT_3D('',#3182,#3183,#3184);
#3182 = CARTESIAN_POINT('',(3.7E+03,1.29E+03,360.));
#3183 = DIRECTION('',(-0.,1.,0.));
#3184 = DIRECTION('',(0.,0.,1.));
#3185 = ADVANCED_FACE('',(#3186),#3202,.T.);
#3186 = FACE_BOUND('',#3187,.T.);
#3187 = EDGE_LOOP('',(#3188,#3194,#3195,#3201));
#3188 = ORIENTED_EDGE('',*,*,#3189,.F.);
#3189 = EDGE_CURVE('',#3098,#3138,#3190,.T.);
#3190 = LINE('',#3191,#3192);
#3191 = CARTESIAN_POINT('',(3.7E+03,1.36E+03,360.));
#3192 = VECTOR('',#3193,1.);
#3193 = DIRECTION('',(1.,0.,-0.));
#3194 = ORIENTED_EDGE('',*,*,#3105,.T.);
#3195 = ORIENTED_EDGE('',*,*,#3196,.T.);
#3196 = EDGE_CURVE('',#3106,#3146,#3197,.T.);
#3197 = LINE('',#3198,#3199);
#3198 = CARTESIAN_POINT('',(3.7E+03,1.36E+03,480.));
#3199 = VECTOR('',#3200,1.);
#3200 = DIRECTION('',(1.,0.,-0.));
#3201 = ORIENTED_EDGE('',*,*,#3145,.F.);
#3202 = PLANE('',#3203);
#3203 = AXIS2_PLACEMENT_3D('',#3204,#3205,#3206);
#3204 = CARTESIAN_POINT('',(3.7E+03,1.36E+03,360.));
#3205 = DIRECTION('',(-0.,1.,0.));
#3206 = DIRECTION('',(0.,0.,1.));
#3207 = ADVANCED_FACE('',(#3208),#3214,.F.);
#3208 = FACE_BOUND('',#3209,.F.);
#3209 = EDGE_LOOP('',(#3210,#3211,#3212,#3213));
#3210 = ORIENTED_EDGE('',*,*,#3097,.F.);
#3211 = ORIENTED_EDGE('',*,*,#3167,.T.);
#3212 = ORIENTED_EDGE('',*,*,#3137,.T.);
#3213 = ORIENTED_EDGE('',*,*,#3189,.F.);
#3214 = PLANE('',#3215);
#3215 = AXIS2_PLACEMENT_3D('',#3216,#3217,#3218);
#3216 = CARTESIAN_POINT('',(3.7E+03,1.29E+03,360.));
#3217 = DIRECTION('',(0.,0.,1.));
#3218 = DIRECTION('',(1.,0.,-0.));
#3219 = ADVANCED_FACE('',(#3220),#3226,.T.);
#3220 = FACE_BOUND('',#3221,.T.);
#3221 = EDGE_LOOP('',(#3222,#3223,#3224,#3225));
#3222 = ORIENTED_EDGE('',*,*,#3113,.F.);
#3223 = ORIENTED_EDGE('',*,*,#3174,.T.);
#3224 = ORIENTED_EDGE('',*,*,#3153,.T.);
#3225 = ORIENTED_EDGE('',*,*,#3196,.F.);
#3226 = PLANE('',#3227);
#3227 = AXIS2_PLACEMENT_3D('',#3228,#3229,#3230);
#3228 = CARTESIAN_POINT('',(3.7E+03,1.29E+03,480.));
#3229 = DIRECTION('',(0.,0.,1.));
#3230 = DIRECTION('',(1.,0.,-0.));
#3231 = ( GEOMETRIC_REPRESENTATION_CONTEXT(3) 
GLOBAL_UNCERTAINTY_ASSIGNED_CONTEXT((#3235)) 
GLOBAL_UNIT_ASSIGNED_CONTEXT((#3232,#3233,#3234)) REPRESENTATION_CONTEXT
('Context #1','3D Context with UNIT and UNCERTAINTY') );
#3232 = ( LENGTH_UNIT() NAMED_UNIT(*) SI_UNIT(.MILLI.,.METRE.) );
#3233 = ( NAMED_UNIT(*) PLANE_ANGLE_UNIT() SI_UNIT($,.RADIAN.) );
#3234 = ( NAMED_UNIT(*) SI_UNIT($,.STERADIAN.) SOLID_ANGLE_UNIT() );
#3235 = UNCERTAINTY_MEASURE_WITH_UNIT(LENGTH_MEASURE(1.E-07),#3232,
  'distance_accuracy_value','confusion accuracy');
#3236 = CONTEXT_DEPENDENT_SHAPE_REPRESENTATION(#3237,#3239);
#3237 = ( REPRESENTATION_RELATIONSHIP('','',#3080,#10) 
REPRESENTATION_RELATIONSHIP_WITH_TRANSFORMATION(#3238) 
SHAPE_REPRESENTATION_RELATIONSHIP() );
#3238 = ITEM_DEFINED_TRANSFORMATION('','',#11,#83);
#3239 = PRODUCT_DEFINITION_SHAPE('Placement','Placement of an item',
  #3240);
#3240 = NEXT_ASSEMBLY_USAGE_OCCURRENCE('18','PumpSkid_Rail_South_01','',
  #5,#3075,$);
#3241 = PRODUCT_RELATED_PRODUCT_CATEGORY('part',$,(#3077));
#3242 = SHAPE_DEFINITION_REPRESENTATION(#3243,#3249);
#3243 = PRODUCT_DEFINITION_SHAPE('','',#3244);
#3244 = PRODUCT_DEFINITION('design','',#3245,#3248);
#3245 = PRODUCT_DEFINITION_FORMATION('','',#3246);
#3246 = PRODUCT('PumpSkid_Crossmember_01','PumpSkid_Crossmember_01','',(
    #3247));
#3247 = PRODUCT_CONTEXT('',#2,'mechanical');
#3248 = PRODUCT_DEFINITION_CONTEXT('part definition',#2,'design');
#3249 = ADVANCED_BREP_SHAPE_REPRESENTATION('',(#11,#3250),#3400);
#3250 = MANIFOLD_SOLID_BREP('',#3251);
#3251 = CLOSED_SHELL('',(#3252,#3292,#3332,#3354,#3376,#3388));
#3252 = ADVANCED_FACE('',(#3253),#3287,.F.);
#3253 = FACE_BOUND('',#3254,.F.);
#3254 = EDGE_LOOP('',(#3255,#3265,#3273,#3281));
#3255 = ORIENTED_EDGE('',*,*,#3256,.F.);
#3256 = EDGE_CURVE('',#3257,#3259,#3261,.T.);
#3257 = VERTEX_POINT('',#3258);
#3258 = CARTESIAN_POINT('',(3.82E+03,840.,430.));
#3259 = VERTEX_POINT('',#3260);
#3260 = CARTESIAN_POINT('',(3.82E+03,840.,510.));
#3261 = LINE('',#3262,#3263);
#3262 = CARTESIAN_POINT('',(3.82E+03,840.,430.));
#3263 = VECTOR('',#3264,1.);
#3264 = DIRECTION('',(0.,0.,1.));
#3265 = ORIENTED_EDGE('',*,*,#3266,.T.);
#3266 = EDGE_CURVE('',#3257,#3267,#3269,.T.);
#3267 = VERTEX_POINT('',#3268);
#3268 = CARTESIAN_POINT('',(3.82E+03,1.32E+03,430.));
#3269 = LINE('',#3270,#3271);
#3270 = CARTESIAN_POINT('',(3.82E+03,840.,430.));
#3271 = VECTOR('',#3272,1.);
#3272 = DIRECTION('',(-0.,1.,0.));
#3273 = ORIENTED_EDGE('',*,*,#3274,.T.);
#3274 = EDGE_CURVE('',#3267,#3275,#3277,.T.);
#3275 = VERTEX_POINT('',#3276);
#3276 = CARTESIAN_POINT('',(3.82E+03,1.32E+03,510.));
#3277 = LINE('',#3278,#3279);
#3278 = CARTESIAN_POINT('',(3.82E+03,1.32E+03,430.));
#3279 = VECTOR('',#3280,1.);
#3280 = DIRECTION('',(0.,0.,1.));
#3281 = ORIENTED_EDGE('',*,*,#3282,.F.);
#3282 = EDGE_CURVE('',#3259,#3275,#3283,.T.);
#3283 = LINE('',#3284,#3285);
#3284 = CARTESIAN_POINT('',(3.82E+03,840.,510.));
#3285 = VECTOR('',#3286,1.);
#3286 = DIRECTION('',(-0.,1.,0.));
#3287 = PLANE('',#3288);
#3288 = AXIS2_PLACEMENT_3D('',#3289,#3290,#3291);
#3289 = CARTESIAN_POINT('',(3.82E+03,840.,430.));
#3290 = DIRECTION('',(1.,0.,-0.));
#3291 = DIRECTION('',(0.,0.,1.));
#3292 = ADVANCED_FACE('',(#3293),#3327,.T.);
#3293 = FACE_BOUND('',#3294,.T.);
#3294 = EDGE_LOOP('',(#3295,#3305,#3313,#3321));
#3295 = ORIENTED_EDGE('',*,*,#3296,.F.);
#3296 = EDGE_CURVE('',#3297,#3299,#3301,.T.);
#3297 = VERTEX_POINT('',#3298);
#3298 = CARTESIAN_POINT('',(3.89E+03,840.,430.));
#3299 = VERTEX_POINT('',#3300);
#3300 = CARTESIAN_POINT('',(3.89E+03,840.,510.));
#3301 = LINE('',#3302,#3303);
#3302 = CARTESIAN_POINT('',(3.89E+03,840.,430.));
#3303 = VECTOR('',#3304,1.);
#3304 = DIRECTION('',(0.,0.,1.));
#3305 = ORIENTED_EDGE('',*,*,#3306,.T.);
#3306 = EDGE_CURVE('',#3297,#3307,#3309,.T.);
#3307 = VERTEX_POINT('',#3308);
#3308 = CARTESIAN_POINT('',(3.89E+03,1.32E+03,430.));
#3309 = LINE('',#3310,#3311);
#3310 = CARTESIAN_POINT('',(3.89E+03,840.,430.));
#3311 = VECTOR('',#3312,1.);
#3312 = DIRECTION('',(-0.,1.,0.));
#3313 = ORIENTED_EDGE('',*,*,#3314,.T.);
#3314 = EDGE_CURVE('',#3307,#3315,#3317,.T.);
#3315 = VERTEX_POINT('',#3316);
#3316 = CARTESIAN_POINT('',(3.89E+03,1.32E+03,510.));
#3317 = LINE('',#3318,#3319);
#3318 = CARTESIAN_POINT('',(3.89E+03,1.32E+03,430.));
#3319 = VECTOR('',#3320,1.);
#3320 = DIRECTION('',(0.,0.,1.));
#3321 = ORIENTED_EDGE('',*,*,#3322,.F.);
#3322 = EDGE_CURVE('',#3299,#3315,#3323,.T.);
#3323 = LINE('',#3324,#3325);
#3324 = CARTESIAN_POINT('',(3.89E+03,840.,510.));
#3325 = VECTOR('',#3326,1.);
#3326 = DIRECTION('',(-0.,1.,0.));
#3327 = PLANE('',#3328);
#3328 = AXIS2_PLACEMENT_3D('',#3329,#3330,#3331);
#3329 = CARTESIAN_POINT('',(3.89E+03,840.,430.));
#3330 = DIRECTION('',(1.,0.,-0.));
#3331 = DIRECTION('',(0.,0.,1.));
#3332 = ADVANCED_FACE('',(#3333),#3349,.F.);
#3333 = FACE_BOUND('',#3334,.F.);
#3334 = EDGE_LOOP('',(#3335,#3341,#3342,#3348));
#3335 = ORIENTED_EDGE('',*,*,#3336,.F.);
#3336 = EDGE_CURVE('',#3257,#3297,#3337,.T.);
#3337 = LINE('',#3338,#3339);
#3338 = CARTESIAN_POINT('',(3.82E+03,840.,430.));
#3339 = VECTOR('',#3340,1.);
#3340 = DIRECTION('',(1.,0.,-0.));
#3341 = ORIENTED_EDGE('',*,*,#3256,.T.);
#3342 = ORIENTED_EDGE('',*,*,#3343,.T.);
#3343 = EDGE_CURVE('',#3259,#3299,#3344,.T.);
#3344 = LINE('',#3345,#3346);
#3345 = CARTESIAN_POINT('',(3.82E+03,840.,510.));
#3346 = VECTOR('',#3347,1.);
#3347 = DIRECTION('',(1.,0.,-0.));
#3348 = ORIENTED_EDGE('',*,*,#3296,.F.);
#3349 = PLANE('',#3350);
#3350 = AXIS2_PLACEMENT_3D('',#3351,#3352,#3353);
#3351 = CARTESIAN_POINT('',(3.82E+03,840.,430.));
#3352 = DIRECTION('',(-0.,1.,0.));
#3353 = DIRECTION('',(0.,0.,1.));
#3354 = ADVANCED_FACE('',(#3355),#3371,.T.);
#3355 = FACE_BOUND('',#3356,.T.);
#3356 = EDGE_LOOP('',(#3357,#3363,#3364,#3370));
#3357 = ORIENTED_EDGE('',*,*,#3358,.F.);
#3358 = EDGE_CURVE('',#3267,#3307,#3359,.T.);
#3359 = LINE('',#3360,#3361);
#3360 = CARTESIAN_POINT('',(3.82E+03,1.32E+03,430.));
#3361 = VECTOR('',#3362,1.);
#3362 = DIRECTION('',(1.,0.,-0.));
#3363 = ORIENTED_EDGE('',*,*,#3274,.T.);
#3364 = ORIENTED_EDGE('',*,*,#3365,.T.);
#3365 = EDGE_CURVE('',#3275,#3315,#3366,.T.);
#3366 = LINE('',#3367,#3368);
#3367 = CARTESIAN_POINT('',(3.82E+03,1.32E+03,510.));
#3368 = VECTOR('',#3369,1.);
#3369 = DIRECTION('',(1.,0.,-0.));
#3370 = ORIENTED_EDGE('',*,*,#3314,.F.);
#3371 = PLANE('',#3372);
#3372 = AXIS2_PLACEMENT_3D('',#3373,#3374,#3375);
#3373 = CARTESIAN_POINT('',(3.82E+03,1.32E+03,430.));
#3374 = DIRECTION('',(-0.,1.,0.));
#3375 = DIRECTION('',(0.,0.,1.));
#3376 = ADVANCED_FACE('',(#3377),#3383,.F.);
#3377 = FACE_BOUND('',#3378,.F.);
#3378 = EDGE_LOOP('',(#3379,#3380,#3381,#3382));
#3379 = ORIENTED_EDGE('',*,*,#3266,.F.);
#3380 = ORIENTED_EDGE('',*,*,#3336,.T.);
#3381 = ORIENTED_EDGE('',*,*,#3306,.T.);
#3382 = ORIENTED_EDGE('',*,*,#3358,.F.);
#3383 = PLANE('',#3384);
#3384 = AXIS2_PLACEMENT_3D('',#3385,#3386,#3387);
#3385 = CARTESIAN_POINT('',(3.82E+03,840.,430.));
#3386 = DIRECTION('',(0.,0.,1.));
#3387 = DIRECTION('',(1.,0.,-0.));
#3388 = ADVANCED_FACE('',(#3389),#3395,.T.);
#3389 = FACE_BOUND('',#3390,.T.);
#3390 = EDGE_LOOP('',(#3391,#3392,#3393,#3394));
#3391 = ORIENTED_EDGE('',*,*,#3282,.F.);
#3392 = ORIENTED_EDGE('',*,*,#3343,.T.);
#3393 = ORIENTED_EDGE('',*,*,#3322,.T.);
#3394 = ORIENTED_EDGE('',*,*,#3365,.F.);
#3395 = PLANE('',#3396);
#3396 = AXIS2_PLACEMENT_3D('',#3397,#3398,#3399);
#3397 = CARTESIAN_POINT('',(3.82E+03,840.,510.));
#3398 = DIRECTION('',(0.,0.,1.));
#3399 = DIRECTION('',(1.,0.,-0.));
#3400 = ( GEOMETRIC_REPRESENTATION_CONTEXT(3) 
GLOBAL_UNCERTAINTY_ASSIGNED_CONTEXT((#3404)) 
GLOBAL_UNIT_ASSIGNED_CONTEXT((#3401,#3402,#3403)) REPRESENTATION_CONTEXT
('Context #1','3D Context with UNIT and UNCERTAINTY') );
#3401 = ( LENGTH_UNIT() NAMED_UNIT(*) SI_UNIT(.MILLI.,.METRE.) );
#3402 = ( NAMED_UNIT(*) PLANE_ANGLE_UNIT() SI_UNIT($,.RADIAN.) );
#3403 = ( NAMED_UNIT(*) SI_UNIT($,.STERADIAN.) SOLID_ANGLE_UNIT() );
#3404 = UNCERTAINTY_MEASURE_WITH_UNIT(LENGTH_MEASURE(1.E-07),#3401,
  'distance_accuracy_value','confusion accuracy');
#3405 = CONTEXT_DEPENDENT_SHAPE_REPRESENTATION(#3406,#3408);
#3406 = ( REPRESENTATION_RELATIONSHIP('','',#3249,#10) 
REPRESENTATION_RELATIONSHIP_WITH_TRANSFORMATION(#3407) 
SHAPE_REPRESENTATION_RELATIONSHIP() );
#3407 = ITEM_DEFINED_TRANSFORMATION('','',#11,#87);
#3408 = PRODUCT_DEFINITION_SHAPE('Placement','Placement of an item',
  #3409);
#3409 = NEXT_ASSEMBLY_USAGE_OCCURRENCE('19','PumpSkid_Crossmember_01',''
  ,#5,#3244,$);
#3410 = PRODUCT_RELATED_PRODUCT_CATEGORY('part',$,(#3246));
#3411 = SHAPE_DEFINITION_REPRESENTATION(#3412,#3418);
#3412 = PRODUCT_DEFINITION_SHAPE('','',#3413);
#3413 = PRODUCT_DEFINITION('design','',#3414,#3417);
#3414 = PRODUCT_DEFINITION_FORMATION('','',#3415);
#3415 = PRODUCT('PumpSkid_Crossmember_02','PumpSkid_Crossmember_02','',(
    #3416));
#3416 = PRODUCT_CONTEXT('',#2,'mechanical');
#3417 = PRODUCT_DEFINITION_CONTEXT('part definition',#2,'design');
#3418 = ADVANCED_BREP_SHAPE_REPRESENTATION('',(#11,#3419),#3569);
#3419 = MANIFOLD_SOLID_BREP('',#3420);
#3420 = CLOSED_SHELL('',(#3421,#3461,#3501,#3523,#3545,#3557));
#3421 = ADVANCED_FACE('',(#3422),#3456,.F.);
#3422 = FACE_BOUND('',#3423,.F.);
#3423 = EDGE_LOOP('',(#3424,#3434,#3442,#3450));
#3424 = ORIENTED_EDGE('',*,*,#3425,.F.);
#3425 = EDGE_CURVE('',#3426,#3428,#3430,.T.);
#3426 = VERTEX_POINT('',#3427);
#3427 = CARTESIAN_POINT('',(4.7E+03,840.,430.));
#3428 = VERTEX_POINT('',#3429);
#3429 = CARTESIAN_POINT('',(4.7E+03,840.,510.));
#3430 = LINE('',#3431,#3432);
#3431 = CARTESIAN_POINT('',(4.7E+03,840.,430.));
#3432 = VECTOR('',#3433,1.);
#3433 = DIRECTION('',(0.,0.,1.));
#3434 = ORIENTED_EDGE('',*,*,#3435,.T.);
#3435 = EDGE_CURVE('',#3426,#3436,#3438,.T.);
#3436 = VERTEX_POINT('',#3437);
#3437 = CARTESIAN_POINT('',(4.7E+03,1.32E+03,430.));
#3438 = LINE('',#3439,#3440);
#3439 = CARTESIAN_POINT('',(4.7E+03,840.,430.));
#3440 = VECTOR('',#3441,1.);
#3441 = DIRECTION('',(-0.,1.,0.));
#3442 = ORIENTED_EDGE('',*,*,#3443,.T.);
#3443 = EDGE_CURVE('',#3436,#3444,#3446,.T.);
#3444 = VERTEX_POINT('',#3445);
#3445 = CARTESIAN_POINT('',(4.7E+03,1.32E+03,510.));
#3446 = LINE('',#3447,#3448);
#3447 = CARTESIAN_POINT('',(4.7E+03,1.32E+03,430.));
#3448 = VECTOR('',#3449,1.);
#3449 = DIRECTION('',(0.,0.,1.));
#3450 = ORIENTED_EDGE('',*,*,#3451,.F.);
#3451 = EDGE_CURVE('',#3428,#3444,#3452,.T.);
#3452 = LINE('',#3453,#3454);
#3453 = CARTESIAN_POINT('',(4.7E+03,840.,510.));
#3454 = VECTOR('',#3455,1.);
#3455 = DIRECTION('',(-0.,1.,0.));
#3456 = PLANE('',#3457);
#3457 = AXIS2_PLACEMENT_3D('',#3458,#3459,#3460);
#3458 = CARTESIAN_POINT('',(4.7E+03,840.,430.));
#3459 = DIRECTION('',(1.,0.,-0.));
#3460 = DIRECTION('',(0.,0.,1.));
#3461 = ADVANCED_FACE('',(#3462),#3496,.T.);
#3462 = FACE_BOUND('',#3463,.T.);
#3463 = EDGE_LOOP('',(#3464,#3474,#3482,#3490));
#3464 = ORIENTED_EDGE('',*,*,#3465,.F.);
#3465 = EDGE_CURVE('',#3466,#3468,#3470,.T.);
#3466 = VERTEX_POINT('',#3467);
#3467 = CARTESIAN_POINT('',(4.77E+03,840.,430.));
#3468 = VERTEX_POINT('',#3469);
#3469 = CARTESIAN_POINT('',(4.77E+03,840.,510.));
#3470 = LINE('',#3471,#3472);
#3471 = CARTESIAN_POINT('',(4.77E+03,840.,430.));
#3472 = VECTOR('',#3473,1.);
#3473 = DIRECTION('',(0.,0.,1.));
#3474 = ORIENTED_EDGE('',*,*,#3475,.T.);
#3475 = EDGE_CURVE('',#3466,#3476,#3478,.T.);
#3476 = VERTEX_POINT('',#3477);
#3477 = CARTESIAN_POINT('',(4.77E+03,1.32E+03,430.));
#3478 = LINE('',#3479,#3480);
#3479 = CARTESIAN_POINT('',(4.77E+03,840.,430.));
#3480 = VECTOR('',#3481,1.);
#3481 = DIRECTION('',(-0.,1.,0.));
#3482 = ORIENTED_EDGE('',*,*,#3483,.T.);
#3483 = EDGE_CURVE('',#3476,#3484,#3486,.T.);
#3484 = VERTEX_POINT('',#3485);
#3485 = CARTESIAN_POINT('',(4.77E+03,1.32E+03,510.));
#3486 = LINE('',#3487,#3488);
#3487 = CARTESIAN_POINT('',(4.77E+03,1.32E+03,430.));
#3488 = VECTOR('',#3489,1.);
#3489 = DIRECTION('',(0.,0.,1.));
#3490 = ORIENTED_EDGE('',*,*,#3491,.F.);
#3491 = EDGE_CURVE('',#3468,#3484,#3492,.T.);
#3492 = LINE('',#3493,#3494);
#3493 = CARTESIAN_POINT('',(4.77E+03,840.,510.));
#3494 = VECTOR('',#3495,1.);
#3495 = DIRECTION('',(-0.,1.,0.));
#3496 = PLANE('',#3497);
#3497 = AXIS2_PLACEMENT_3D('',#3498,#3499,#3500);
#3498 = CARTESIAN_POINT('',(4.77E+03,840.,430.));
#3499 = DIRECTION('',(1.,0.,-0.));
#3500 = DIRECTION('',(0.,0.,1.));
#3501 = ADVANCED_FACE('',(#3502),#3518,.F.);
#3502 = FACE_BOUND('',#3503,.F.);
#3503 = EDGE_LOOP('',(#3504,#3510,#3511,#3517));
#3504 = ORIENTED_EDGE('',*,*,#3505,.F.);
#3505 = EDGE_CURVE('',#3426,#3466,#3506,.T.);
#3506 = LINE('',#3507,#3508);
#3507 = CARTESIAN_POINT('',(4.7E+03,840.,430.));
#3508 = VECTOR('',#3509,1.);
#3509 = DIRECTION('',(1.,0.,-0.));
#3510 = ORIENTED_EDGE('',*,*,#3425,.T.);
#3511 = ORIENTED_EDGE('',*,*,#3512,.T.);
#3512 = EDGE_CURVE('',#3428,#3468,#3513,.T.);
#3513 = LINE('',#3514,#3515);
#3514 = CARTESIAN_POINT('',(4.7E+03,840.,510.));
#3515 = VECTOR('',#3516,1.);
#3516 = DIRECTION('',(1.,0.,-0.));
#3517 = ORIENTED_EDGE('',*,*,#3465,.F.);
#3518 = PLANE('',#3519);
#3519 = AXIS2_PLACEMENT_3D('',#3520,#3521,#3522);
#3520 = CARTESIAN_POINT('',(4.7E+03,840.,430.));
#3521 = DIRECTION('',(-0.,1.,0.));
#3522 = DIRECTION('',(0.,0.,1.));
#3523 = ADVANCED_FACE('',(#3524),#3540,.T.);
#3524 = FACE_BOUND('',#3525,.T.);
#3525 = EDGE_LOOP('',(#3526,#3532,#3533,#3539));
#3526 = ORIENTED_EDGE('',*,*,#3527,.F.);
#3527 = EDGE_CURVE('',#3436,#3476,#3528,.T.);
#3528 = LINE('',#3529,#3530);
#3529 = CARTESIAN_POINT('',(4.7E+03,1.32E+03,430.));
#3530 = VECTOR('',#3531,1.);
#3531 = DIRECTION('',(1.,0.,-0.));
#3532 = ORIENTED_EDGE('',*,*,#3443,.T.);
#3533 = ORIENTED_EDGE('',*,*,#3534,.T.);
#3534 = EDGE_CURVE('',#3444,#3484,#3535,.T.);
#3535 = LINE('',#3536,#3537);
#3536 = CARTESIAN_POINT('',(4.7E+03,1.32E+03,510.));
#3537 = VECTOR('',#3538,1.);
#3538 = DIRECTION('',(1.,0.,-0.));
#3539 = ORIENTED_EDGE('',*,*,#3483,.F.);
#3540 = PLANE('',#3541);
#3541 = AXIS2_PLACEMENT_3D('',#3542,#3543,#3544);
#3542 = CARTESIAN_POINT('',(4.7E+03,1.32E+03,430.));
#3543 = DIRECTION('',(-0.,1.,0.));
#3544 = DIRECTION('',(0.,0.,1.));
#3545 = ADVANCED_FACE('',(#3546),#3552,.F.);
#3546 = FACE_BOUND('',#3547,.F.);
#3547 = EDGE_LOOP('',(#3548,#3549,#3550,#3551));
#3548 = ORIENTED_EDGE('',*,*,#3435,.F.);
#3549 = ORIENTED_EDGE('',*,*,#3505,.T.);
#3550 = ORIENTED_EDGE('',*,*,#3475,.T.);
#3551 = ORIENTED_EDGE('',*,*,#3527,.F.);
#3552 = PLANE('',#3553);
#3553 = AXIS2_PLACEMENT_3D('',#3554,#3555,#3556);
#3554 = CARTESIAN_POINT('',(4.7E+03,840.,430.));
#3555 = DIRECTION('',(0.,0.,1.));
#3556 = DIRECTION('',(1.,0.,-0.));
#3557 = ADVANCED_FACE('',(#3558),#3564,.T.);
#3558 = FACE_BOUND('',#3559,.T.);
#3559 = EDGE_LOOP('',(#3560,#3561,#3562,#3563));
#3560 = ORIENTED_EDGE('',*,*,#3451,.F.);
#3561 = ORIENTED_EDGE('',*,*,#3512,.T.);
#3562 = ORIENTED_EDGE('',*,*,#3491,.T.);
#3563 = ORIENTED_EDGE('',*,*,#3534,.F.);
#3564 = PLANE('',#3565);
#3565 = AXIS2_PLACEMENT_3D('',#3566,#3567,#3568);
#3566 = CARTESIAN_POINT('',(4.7E+03,840.,510.));
#3567 = DIRECTION('',(0.,0.,1.));
#3568 = DIRECTION('',(1.,0.,-0.));
#3569 = ( GEOMETRIC_REPRESENTATION_CONTEXT(3) 
GLOBAL_UNCERTAINTY_ASSIGNED_CONTEXT((#3573)) 
GLOBAL_UNIT_ASSIGNED_CONTEXT((#3570,#3571,#3572)) REPRESENTATION_CONTEXT
('Context #1','3D Context with UNIT and UNCERTAINTY') );
#3570 = ( LENGTH_UNIT() NAMED_UNIT(*) SI_UNIT(.MILLI.,.METRE.) );
#3571 = ( NAMED_UNIT(*) PLANE_ANGLE_UNIT() SI_UNIT($,.RADIAN.) );
#3572 = ( NAMED_UNIT(*) SI_UNIT($,.STERADIAN.) SOLID_ANGLE_UNIT() );
#3573 = UNCERTAINTY_MEASURE_WITH_UNIT(LENGTH_MEASURE(1.E-07),#3570,
  'distance_accuracy_value','confusion accuracy');
#3574 = CONTEXT_DEPENDENT_SHAPE_REPRESENTATION(#3575,#3577);
#3575 = ( REPRESENTATION_RELATIONSHIP('','',#3418,#10) 
REPRESENTATION_RELATIONSHIP_WITH_TRANSFORMATION(#3576) 
SHAPE_REPRESENTATION_RELATIONSHIP() );
#3576 = ITEM_DEFINED_TRANSFORMATION('','',#11,#91);
#3577 = PRODUCT_DEFINITION_SHAPE('Placement','Placement of an item',
  #3578);
#3578 = NEXT_ASSEMBLY_USAGE_OCCURRENCE('20','PumpSkid_Crossmember_02',''
  ,#5,#3413,$);
#3579 = PRODUCT_RELATED_PRODUCT_CATEGORY('part',$,(#3415));
#3580 = SHAPE_DEFINITION_REPRESENTATION(#3581,#3587);
#3581 = PRODUCT_DEFINITION_SHAPE('','',#3582);
#3582 = PRODUCT_DEFINITION('design','',#3583,#3586);
#3583 = PRODUCT_DEFINITION_FORMATION('','',#3584);
#3584 = PRODUCT('Pump_Motor_01','Pump_Motor_01','',(#3585));
#3585 = PRODUCT_CONTEXT('',#2,'mechanical');
#3586 = PRODUCT_DEFINITION_CONTEXT('part definition',#2,'design');
#3587 = ADVANCED_BREP_SHAPE_REPRESENTATION('',(#11,#3588),#3641);
#3588 = MANIFOLD_SOLID_BREP('',#3589);
#3589 = CLOSED_SHELL('',(#3590,#3623,#3632));
#3590 = ADVANCED_FACE('',(#3591),#3618,.T.);
#3591 = FACE_BOUND('',#3592,.T.);
#3592 = EDGE_LOOP('',(#3593,#3602,#3610,#3617));
#3593 = ORIENTED_EDGE('',*,*,#3594,.F.);
#3594 = EDGE_CURVE('',#3595,#3595,#3597,.T.);
#3595 = VERTEX_POINT('',#3596);
#3596 = CARTESIAN_POINT('',(120.,-2.939152317954E-14,460.));
#3597 = CIRCLE('',#3598,120.);
#3598 = AXIS2_PLACEMENT_3D('',#3599,#3600,#3601);
#3599 = CARTESIAN_POINT('',(0.,0.,460.));
#3600 = DIRECTION('',(0.,0.,1.));
#3601 = DIRECTION('',(1.,0.,-0.));
#3602 = ORIENTED_EDGE('',*,*,#3603,.F.);
#3603 = EDGE_CURVE('',#3604,#3595,#3606,.T.);
#3604 = VERTEX_POINT('',#3605);
#3605 = CARTESIAN_POINT('',(120.,-2.939152317954E-14,0.));
#3606 = LINE('',#3607,#3608);
#3607 = CARTESIAN_POINT('',(120.,-2.939152317954E-14,0.));
#3608 = VECTOR('',#3609,1.);
#3609 = DIRECTION('',(0.,0.,1.));
#3610 = ORIENTED_EDGE('',*,*,#3611,.T.);
#3611 = EDGE_CURVE('',#3604,#3604,#3612,.T.);
#3612 = CIRCLE('',#3613,120.);
#3613 = AXIS2_PLACEMENT_3D('',#3614,#3615,#3616);
#3614 = CARTESIAN_POINT('',(0.,0.,0.));
#3615 = DIRECTION('',(0.,0.,1.));
#3616 = DIRECTION('',(1.,0.,-0.));
#3617 = ORIENTED_EDGE('',*,*,#3603,.T.);
#3618 = CYLINDRICAL_SURFACE('',#3619,120.);
#3619 = AXIS2_PLACEMENT_3D('',#3620,#3621,#3622);
#3620 = CARTESIAN_POINT('',(0.,0.,0.));
#3621 = DIRECTION('',(0.,0.,1.));
#3622 = DIRECTION('',(1.,0.,-0.));
#3623 = ADVANCED_FACE('',(#3624),#3627,.T.);
#3624 = FACE_BOUND('',#3625,.T.);
#3625 = EDGE_LOOP('',(#3626));
#3626 = ORIENTED_EDGE('',*,*,#3594,.T.);
#3627 = PLANE('',#3628);
#3628 = AXIS2_PLACEMENT_3D('',#3629,#3630,#3631);
#3629 = CARTESIAN_POINT('',(0.,0.,460.));
#3630 = DIRECTION('',(0.,0.,1.));
#3631 = DIRECTION('',(1.,0.,-0.));
#3632 = ADVANCED_FACE('',(#3633),#3636,.F.);
#3633 = FACE_BOUND('',#3634,.T.);
#3634 = EDGE_LOOP('',(#3635));
#3635 = ORIENTED_EDGE('',*,*,#3611,.F.);
#3636 = PLANE('',#3637);
#3637 = AXIS2_PLACEMENT_3D('',#3638,#3639,#3640);
#3638 = CARTESIAN_POINT('',(0.,0.,0.));
#3639 = DIRECTION('',(0.,0.,1.));
#3640 = DIRECTION('',(1.,0.,-0.));
#3641 = ( GEOMETRIC_REPRESENTATION_CONTEXT(3) 
GLOBAL_UNCERTAINTY_ASSIGNED_CONTEXT((#3645)) 
GLOBAL_UNIT_ASSIGNED_CONTEXT((#3642,#3643,#3644)) REPRESENTATION_CONTEXT
('Context #1','3D Context with UNIT and UNCERTAINTY') );
#3642 = ( LENGTH_UNIT() NAMED_UNIT(*) SI_UNIT(.MILLI.,.METRE.) );
#3643 = ( NAMED_UNIT(*) PLANE_ANGLE_UNIT() SI_UNIT($,.RADIAN.) );
#3644 = ( NAMED_UNIT(*) SI_UNIT($,.STERADIAN.) SOLID_ANGLE_UNIT() );
#3645 = UNCERTAINTY_MEASURE_WITH_UNIT(LENGTH_MEASURE(1.E-07),#3642,
  'distance_accuracy_value','confusion accuracy');
#3646 = CONTEXT_DEPENDENT_SHAPE_REPRESENTATION(#3647,#3649);
#3647 = ( REPRESENTATION_RELATIONSHIP('','',#3587,#10) 
REPRESENTATION_RELATIONSHIP_WITH_TRANSFORMATION(#3648) 
SHAPE_REPRESENTATION_RELATIONSHIP() );
#3648 = ITEM_DEFINED_TRANSFORMATION('','',#11,#95);
#3649 = PRODUCT_DEFINITION_SHAPE('Placement','Placement of an item',
  #3650);
#3650 = NEXT_ASSEMBLY_USAGE_OCCURRENCE('21','Pump_Motor_01','',#5,#3582,
  $);
#3651 = PRODUCT_RELATED_PRODUCT_CATEGORY('part',$,(#3584));
#3652 = SHAPE_DEFINITION_REPRESENTATION(#3653,#3659);
#3653 = PRODUCT_DEFINITION_SHAPE('','',#3654);
#3654 = PRODUCT_DEFINITION('design','',#3655,#3658);
#3655 = PRODUCT_DEFINITION_FORMATION('','',#3656);
#3656 = PRODUCT('Pump_Motor_02','Pump_Motor_02','',(#3657));
#3657 = PRODUCT_CONTEXT('',#2,'mechanical');
#3658 = PRODUCT_DEFINITION_CONTEXT('part definition',#2,'design');
#3659 = ADVANCED_BREP_SHAPE_REPRESENTATION('',(#11,#3660),#3713);
#3660 = MANIFOLD_SOLID_BREP('',#3661);
#3661 = CLOSED_SHELL('',(#3662,#3695,#3704));
#3662 = ADVANCED_FACE('',(#3663),#3690,.T.);
#3663 = FACE_BOUND('',#3664,.T.);
#3664 = EDGE_LOOP('',(#3665,#3674,#3682,#3689));
#3665 = ORIENTED_EDGE('',*,*,#3666,.F.);
#3666 = EDGE_CURVE('',#3667,#3667,#3669,.T.);
#3667 = VERTEX_POINT('',#3668);
#3668 = CARTESIAN_POINT('',(120.,-2.939152317954E-14,460.));
#3669 = CIRCLE('',#3670,120.);
#3670 = AXIS2_PLACEMENT_3D('',#3671,#3672,#3673);
#3671 = CARTESIAN_POINT('',(0.,0.,460.));
#3672 = DIRECTION('',(0.,0.,1.));
#3673 = DIRECTION('',(1.,0.,-0.));
#3674 = ORIENTED_EDGE('',*,*,#3675,.F.);
#3675 = EDGE_CURVE('',#3676,#3667,#3678,.T.);
#3676 = VERTEX_POINT('',#3677);
#3677 = CARTESIAN_POINT('',(120.,-2.939152317954E-14,0.));
#3678 = LINE('',#3679,#3680);
#3679 = CARTESIAN_POINT('',(120.,-2.939152317954E-14,0.));
#3680 = VECTOR('',#3681,1.);
#3681 = DIRECTION('',(0.,0.,1.));
#3682 = ORIENTED_EDGE('',*,*,#3683,.T.);
#3683 = EDGE_CURVE('',#3676,#3676,#3684,.T.);
#3684 = CIRCLE('',#3685,120.);
#3685 = AXIS2_PLACEMENT_3D('',#3686,#3687,#3688);
#3686 = CARTESIAN_POINT('',(0.,0.,0.));
#3687 = DIRECTION('',(0.,0.,1.));
#3688 = DIRECTION('',(1.,0.,-0.));
#3689 = ORIENTED_EDGE('',*,*,#3675,.T.);
#3690 = CYLINDRICAL_SURFACE('',#3691,120.);
#3691 = AXIS2_PLACEMENT_3D('',#3692,#3693,#3694);
#3692 = CARTESIAN_POINT('',(0.,0.,0.));
#3693 = DIRECTION('',(0.,0.,1.));
#3694 = DIRECTION('',(1.,0.,-0.));
#3695 = ADVANCED_FACE('',(#3696),#3699,.T.);
#3696 = FACE_BOUND('',#3697,.T.);
#3697 = EDGE_LOOP('',(#3698));
#3698 = ORIENTED_EDGE('',*,*,#3666,.T.);
#3699 = PLANE('',#3700);
#3700 = AXIS2_PLACEMENT_3D('',#3701,#3702,#3703);
#3701 = CARTESIAN_POINT('',(0.,0.,460.));
#3702 = DIRECTION('',(0.,0.,1.));
#3703 = DIRECTION('',(1.,0.,-0.));
#3704 = ADVANCED_FACE('',(#3705),#3708,.F.);
#3705 = FACE_BOUND('',#3706,.T.);
#3706 = EDGE_LOOP('',(#3707));
#3707 = ORIENTED_EDGE('',*,*,#3683,.F.);
#3708 = PLANE('',#3709);
#3709 = AXIS2_PLACEMENT_3D('',#3710,#3711,#3712);
#3710 = CARTESIAN_POINT('',(0.,0.,0.));
#3711 = DIRECTION('',(0.,0.,1.));
#3712 = DIRECTION('',(1.,0.,-0.));
#3713 = ( GEOMETRIC_REPRESENTATION_CONTEXT(3) 
GLOBAL_UNCERTAINTY_ASSIGNED_CONTEXT((#3717)) 
GLOBAL_UNIT_ASSIGNED_CONTEXT((#3714,#3715,#3716)) REPRESENTATION_CONTEXT
('Context #1','3D Context with UNIT and UNCERTAINTY') );
#3714 = ( LENGTH_UNIT() NAMED_UNIT(*) SI_UNIT(.MILLI.,.METRE.) );
#3715 = ( NAMED_UNIT(*) PLANE_ANGLE_UNIT() SI_UNIT($,.RADIAN.) );
#3716 = ( NAMED_UNIT(*) SI_UNIT($,.STERADIAN.) SOLID_ANGLE_UNIT() );
#3717 = UNCERTAINTY_MEASURE_WITH_UNIT(LENGTH_MEASURE(1.E-07),#3714,
  'distance_accuracy_value','confusion accuracy');
#3718 = CONTEXT_DEPENDENT_SHAPE_REPRESENTATION(#3719,#3721);
#3719 = ( REPRESENTATION_RELATIONSHIP('','',#3659,#10) 
REPRESENTATION_RELATIONSHIP_WITH_TRANSFORMATION(#3720) 
SHAPE_REPRESENTATION_RELATIONSHIP() );
#3720 = ITEM_DEFINED_TRANSFORMATION('','',#11,#99);
#3721 = PRODUCT_DEFINITION_SHAPE('Placement','Placement of an item',
  #3722);
#3722 = NEXT_ASSEMBLY_USAGE_OCCURRENCE('22','Pump_Motor_02','',#5,#3654,
  $);
#3723 = PRODUCT_RELATED_PRODUCT_CATEGORY('part',$,(#3656));
#3724 = SHAPE_DEFINITION_REPRESENTATION(#3725,#3731);
#3725 = PRODUCT_DEFINITION_SHAPE('','',#3726);
#3726 = PRODUCT_DEFINITION('design','',#3727,#3730);
#3727 = PRODUCT_DEFINITION_FORMATION('','',#3728);
#3728 = PRODUCT('Pump_Volute_01','Pump_Volute_01','',(#3729));
#3729 = PRODUCT_CONTEXT('',#2,'mechanical');
#3730 = PRODUCT_DEFINITION_CONTEXT('part definition',#2,'design');
#3731 = ADVANCED_BREP_SHAPE_REPRESENTATION('',(#11,#3732),#3785);
#3732 = MANIFOLD_SOLID_BREP('',#3733);
#3733 = CLOSED_SHELL('',(#3734,#3767,#3776));
#3734 = ADVANCED_FACE('',(#3735),#3762,.T.);
#3735 = FACE_BOUND('',#3736,.T.);
#3736 = EDGE_LOOP('',(#3737,#3746,#3754,#3761));
#3737 = ORIENTED_EDGE('',*,*,#3738,.F.);
#3738 = EDGE_CURVE('',#3739,#3739,#3741,.T.);
#3739 = VERTEX_POINT('',#3740);
#3740 = CARTESIAN_POINT('',(145.,-3.551475717527E-14,230.));
#3741 = CIRCLE('',#3742,145.);
#3742 = AXIS2_PLACEMENT_3D('',#3743,#3744,#3745);
#3743 = CARTESIAN_POINT('',(0.,0.,230.));
#3744 = DIRECTION('',(0.,0.,1.));
#3745 = DIRECTION('',(1.,0.,-0.));
#3746 = ORIENTED_EDGE('',*,*,#3747,.F.);
#3747 = EDGE_CURVE('',#3748,#3739,#3750,.T.);
#3748 = VERTEX_POINT('',#3749);
#3749 = CARTESIAN_POINT('',(145.,-3.551475717527E-14,0.));
#3750 = LINE('',#3751,#3752);
#3751 = CARTESIAN_POINT('',(145.,-3.551475717527E-14,0.));
#3752 = VECTOR('',#3753,1.);
#3753 = DIRECTION('',(0.,0.,1.));
#3754 = ORIENTED_EDGE('',*,*,#3755,.T.);
#3755 = EDGE_CURVE('',#3748,#3748,#3756,.T.);
#3756 = CIRCLE('',#3757,145.);
#3757 = AXIS2_PLACEMENT_3D('',#3758,#3759,#3760);
#3758 = CARTESIAN_POINT('',(0.,0.,0.));
#3759 = DIRECTION('',(0.,0.,1.));
#3760 = DIRECTION('',(1.,0.,-0.));
#3761 = ORIENTED_EDGE('',*,*,#3747,.T.);
#3762 = CYLINDRICAL_SURFACE('',#3763,145.);
#3763 = AXIS2_PLACEMENT_3D('',#3764,#3765,#3766);
#3764 = CARTESIAN_POINT('',(0.,0.,0.));
#3765 = DIRECTION('',(0.,0.,1.));
#3766 = DIRECTION('',(1.,0.,-0.));
#3767 = ADVANCED_FACE('',(#3768),#3771,.T.);
#3768 = FACE_BOUND('',#3769,.T.);
#3769 = EDGE_LOOP('',(#3770));
#3770 = ORIENTED_EDGE('',*,*,#3738,.T.);
#3771 = PLANE('',#3772);
#3772 = AXIS2_PLACEMENT_3D('',#3773,#3774,#3775);
#3773 = CARTESIAN_POINT('',(0.,0.,230.));
#3774 = DIRECTION('',(0.,0.,1.));
#3775 = DIRECTION('',(1.,0.,-0.));
#3776 = ADVANCED_FACE('',(#3777),#3780,.F.);
#3777 = FACE_BOUND('',#3778,.T.);
#3778 = EDGE_LOOP('',(#3779));
#3779 = ORIENTED_EDGE('',*,*,#3755,.F.);
#3780 = PLANE('',#3781);
#3781 = AXIS2_PLACEMENT_3D('',#3782,#3783,#3784);
#3782 = CARTESIAN_POINT('',(0.,0.,0.));
#3783 = DIRECTION('',(0.,0.,1.));
#3784 = DIRECTION('',(1.,0.,-0.));
#3785 = ( GEOMETRIC_REPRESENTATION_CONTEXT(3) 
GLOBAL_UNCERTAINTY_ASSIGNED_CONTEXT((#3789)) 
GLOBAL_UNIT_ASSIGNED_CONTEXT((#3786,#3787,#3788)) REPRESENTATION_CONTEXT
('Context #1','3D Context with UNIT and UNCERTAINTY') );
#3786 = ( LENGTH_UNIT() NAMED_UNIT(*) SI_UNIT(.MILLI.,.METRE.) );
#3787 = ( NAMED_UNIT(*) PLANE_ANGLE_UNIT() SI_UNIT($,.RADIAN.) );
#3788 = ( NAMED_UNIT(*) SI_UNIT($,.STERADIAN.) SOLID_ANGLE_UNIT() );
#3789 = UNCERTAINTY_MEASURE_WITH_UNIT(LENGTH_MEASURE(1.E-07),#3786,
  'distance_accuracy_value','confusion accuracy');
#3790 = CONTEXT_DEPENDENT_SHAPE_REPRESENTATION(#3791,#3793);
#3791 = ( REPRESENTATION_RELATIONSHIP('','',#3731,#10) 
REPRESENTATION_RELATIONSHIP_WITH_TRANSFORMATION(#3792) 
SHAPE_REPRESENTATION_RELATIONSHIP() );
#3792 = ITEM_DEFINED_TRANSFORMATION('','',#11,#103);
#3793 = PRODUCT_DEFINITION_SHAPE('Placement','Placement of an item',
  #3794);
#3794 = NEXT_ASSEMBLY_USAGE_OCCURRENCE('23','Pump_Volute_01','',#5,#3726
  ,$);
#3795 = PRODUCT_RELATED_PRODUCT_CATEGORY('part',$,(#3728));
#3796 = SHAPE_DEFINITION_REPRESENTATION(#3797,#3803);
#3797 = PRODUCT_DEFINITION_SHAPE('','',#3798);
#3798 = PRODUCT_DEFINITION('design','',#3799,#3802);
#3799 = PRODUCT_DEFINITION_FORMATION('','',#3800);
#3800 = PRODUCT('Pump_Volute_02','Pump_Volute_02','',(#3801));
#3801 = PRODUCT_CONTEXT('',#2,'mechanical');
#3802 = PRODUCT_DEFINITION_CONTEXT('part definition',#2,'design');
#3803 = ADVANCED_BREP_SHAPE_REPRESENTATION('',(#11,#3804),#3857);
#3804 = MANIFOLD_SOLID_BREP('',#3805);
#3805 = CLOSED_SHELL('',(#3806,#3839,#3848));
#3806 = ADVANCED_FACE('',(#3807),#3834,.T.);
#3807 = FACE_BOUND('',#3808,.T.);
#3808 = EDGE_LOOP('',(#3809,#3818,#3826,#3833));
#3809 = ORIENTED_EDGE('',*,*,#3810,.F.);
#3810 = EDGE_CURVE('',#3811,#3811,#3813,.T.);
#3811 = VERTEX_POINT('',#3812);
#3812 = CARTESIAN_POINT('',(145.,-3.551475717527E-14,230.));
#3813 = CIRCLE('',#3814,145.);
#3814 = AXIS2_PLACEMENT_3D('',#3815,#3816,#3817);
#3815 = CARTESIAN_POINT('',(0.,0.,230.));
#3816 = DIRECTION('',(0.,0.,1.));
#3817 = DIRECTION('',(1.,0.,-0.));
#3818 = ORIENTED_EDGE('',*,*,#3819,.F.);
#3819 = EDGE_CURVE('',#3820,#3811,#3822,.T.);
#3820 = VERTEX_POINT('',#3821);
#3821 = CARTESIAN_POINT('',(145.,-3.551475717527E-14,0.));
#3822 = LINE('',#3823,#3824);
#3823 = CARTESIAN_POINT('',(145.,-3.551475717527E-14,0.));
#3824 = VECTOR('',#3825,1.);
#3825 = DIRECTION('',(0.,0.,1.));
#3826 = ORIENTED_EDGE('',*,*,#3827,.T.);
#3827 = EDGE_CURVE('',#3820,#3820,#3828,.T.);
#3828 = CIRCLE('',#3829,145.);
#3829 = AXIS2_PLACEMENT_3D('',#3830,#3831,#3832);
#3830 = CARTESIAN_POINT('',(0.,0.,0.));
#3831 = DIRECTION('',(0.,0.,1.));
#3832 = DIRECTION('',(1.,0.,-0.));
#3833 = ORIENTED_EDGE('',*,*,#3819,.T.);
#3834 = CYLINDRICAL_SURFACE('',#3835,145.);
#3835 = AXIS2_PLACEMENT_3D('',#3836,#3837,#3838);
#3836 = CARTESIAN_POINT('',(0.,0.,0.));
#3837 = DIRECTION('',(0.,0.,1.));
#3838 = DIRECTION('',(1.,0.,-0.));
#3839 = ADVANCED_FACE('',(#3840),#3843,.T.);
#3840 = FACE_BOUND('',#3841,.T.);
#3841 = EDGE_LOOP('',(#3842));
#3842 = ORIENTED_EDGE('',*,*,#3810,.T.);
#3843 = PLANE('',#3844);
#3844 = AXIS2_PLACEMENT_3D('',#3845,#3846,#3847);
#3845 = CARTESIAN_POINT('',(0.,0.,230.));
#3846 = DIRECTION('',(0.,0.,1.));
#3847 = DIRECTION('',(1.,0.,-0.));
#3848 = ADVANCED_FACE('',(#3849),#3852,.F.);
#3849 = FACE_BOUND('',#3850,.T.);
#3850 = EDGE_LOOP('',(#3851));
#3851 = ORIENTED_EDGE('',*,*,#3827,.F.);
#3852 = PLANE('',#3853);
#3853 = AXIS2_PLACEMENT_3D('',#3854,#3855,#3856);
#3854 = CARTESIAN_POINT('',(0.,0.,0.));
#3855 = DIRECTION('',(0.,0.,1.));
#3856 = DIRECTION('',(1.,0.,-0.));
#3857 = ( GEOMETRIC_REPRESENTATION_CONTEXT(3) 
GLOBAL_UNCERTAINTY_ASSIGNED_CONTEXT((#3861)) 
GLOBAL_UNIT_ASSIGNED_CONTEXT((#3858,#3859,#3860)) REPRESENTATION_CONTEXT
('Context #1','3D Context with UNIT and UNCERTAINTY') );
#3858 = ( LENGTH_UNIT() NAMED_UNIT(*) SI_UNIT(.MILLI.,.METRE.) );
#3859 = ( NAMED_UNIT(*) PLANE_ANGLE_UNIT() SI_UNIT($,.RADIAN.) );
#3860 = ( NAMED_UNIT(*) SI_UNIT($,.STERADIAN.) SOLID_ANGLE_UNIT() );
#3861 = UNCERTAINTY_MEASURE_WITH_UNIT(LENGTH_MEASURE(1.E-07),#3858,
  'distance_accuracy_value','confusion accuracy');
#3862 = CONTEXT_DEPENDENT_SHAPE_REPRESENTATION(#3863,#3865);
#3863 = ( REPRESENTATION_RELATIONSHIP('','',#3803,#10) 
REPRESENTATION_RELATIONSHIP_WITH_TRANSFORMATION(#3864) 
SHAPE_REPRESENTATION_RELATIONSHIP() );
#3864 = ITEM_DEFINED_TRANSFORMATION('','',#11,#107);
#3865 = PRODUCT_DEFINITION_SHAPE('Placement','Placement of an item',
  #3866);
#3866 = NEXT_ASSEMBLY_USAGE_OCCURRENCE('24','Pump_Volute_02','',#5,#3798
  ,$);
#3867 = PRODUCT_RELATED_PRODUCT_CATEGORY('part',$,(#3800));
#3868 = SHAPE_DEFINITION_REPRESENTATION(#3869,#3875);
#3869 = PRODUCT_DEFINITION_SHAPE('','',#3870);
#3870 = PRODUCT_DEFINITION('design','',#3871,#3874);
#3871 = PRODUCT_DEFINITION_FORMATION('','',#3872);
#3872 = PRODUCT('Pump_CouplingGuard_01','Pump_CouplingGuard_01','',(
    #3873));
#3873 = PRODUCT_CONTEXT('',#2,'mechanical');
#3874 = PRODUCT_DEFINITION_CONTEXT('part definition',#2,'design');
#3875 = ADVANCED_BREP_SHAPE_REPRESENTATION('',(#11,#3876),#4026);
#3876 = MANIFOLD_SOLID_BREP('',#3877);
#3877 = CLOSED_SHELL('',(#3878,#3918,#3958,#3980,#4002,#4014));
#3878 = ADVANCED_FACE('',(#3879),#3913,.F.);
#3879 = FACE_BOUND('',#3880,.F.);
#3880 = EDGE_LOOP('',(#3881,#3891,#3899,#3907));
#3881 = ORIENTED_EDGE('',*,*,#3882,.F.);
#3882 = EDGE_CURVE('',#3883,#3885,#3887,.T.);
#3883 = VERTEX_POINT('',#3884);
#3884 = CARTESIAN_POINT('',(4.375E+03,840.,585.));
#3885 = VERTEX_POINT('',#3886);
#3886 = CARTESIAN_POINT('',(4.375E+03,840.,715.));
#3887 = LINE('',#3888,#3889);
#3888 = CARTESIAN_POINT('',(4.375E+03,840.,585.));
#3889 = VECTOR('',#3890,1.);
#3890 = DIRECTION('',(0.,0.,1.));
#3891 = ORIENTED_EDGE('',*,*,#3892,.T.);
#3892 = EDGE_CURVE('',#3883,#3893,#3895,.T.);
#3893 = VERTEX_POINT('',#3894);
#3894 = CARTESIAN_POINT('',(4.375E+03,1.02E+03,585.));
#3895 = LINE('',#3896,#3897);
#3896 = CARTESIAN_POINT('',(4.375E+03,840.,585.));
#3897 = VECTOR('',#3898,1.);
#3898 = DIRECTION('',(-0.,1.,0.));
#3899 = ORIENTED_EDGE('',*,*,#3900,.T.);
#3900 = EDGE_CURVE('',#3893,#3901,#3903,.T.);
#3901 = VERTEX_POINT('',#3902);
#3902 = CARTESIAN_POINT('',(4.375E+03,1.02E+03,715.));
#3903 = LINE('',#3904,#3905);
#3904 = CARTESIAN_POINT('',(4.375E+03,1.02E+03,585.));
#3905 = VECTOR('',#3906,1.);
#3906 = DIRECTION('',(0.,0.,1.));
#3907 = ORIENTED_EDGE('',*,*,#3908,.F.);
#3908 = EDGE_CURVE('',#3885,#3901,#3909,.T.);
#3909 = LINE('',#3910,#3911);
#3910 = CARTESIAN_POINT('',(4.375E+03,840.,715.));
#3911 = VECTOR('',#3912,1.);
#3912 = DIRECTION('',(-0.,1.,0.));
#3913 = PLANE('',#3914);
#3914 = AXIS2_PLACEMENT_3D('',#3915,#3916,#3917);
#3915 = CARTESIAN_POINT('',(4.375E+03,840.,585.));
#3916 = DIRECTION('',(1.,0.,-0.));
#3917 = DIRECTION('',(0.,0.,1.));
#3918 = ADVANCED_FACE('',(#3919),#3953,.T.);
#3919 = FACE_BOUND('',#3920,.T.);
#3920 = EDGE_LOOP('',(#3921,#3931,#3939,#3947));
#3921 = ORIENTED_EDGE('',*,*,#3922,.F.);
#3922 = EDGE_CURVE('',#3923,#3925,#3927,.T.);
#3923 = VERTEX_POINT('',#3924);
#3924 = CARTESIAN_POINT('',(4.535E+03,840.,585.));
#3925 = VERTEX_POINT('',#3926);
#3926 = CARTESIAN_POINT('',(4.535E+03,840.,715.));
#3927 = LINE('',#3928,#3929);
#3928 = CARTESIAN_POINT('',(4.535E+03,840.,585.));
#3929 = VECTOR('',#3930,1.);
#3930 = DIRECTION('',(0.,0.,1.));
#3931 = ORIENTED_EDGE('',*,*,#3932,.T.);
#3932 = EDGE_CURVE('',#3923,#3933,#3935,.T.);
#3933 = VERTEX_POINT('',#3934);
#3934 = CARTESIAN_POINT('',(4.535E+03,1.02E+03,585.));
#3935 = LINE('',#3936,#3937);
#3936 = CARTESIAN_POINT('',(4.535E+03,840.,585.));
#3937 = VECTOR('',#3938,1.);
#3938 = DIRECTION('',(-0.,1.,0.));
#3939 = ORIENTED_EDGE('',*,*,#3940,.T.);
#3940 = EDGE_CURVE('',#3933,#3941,#3943,.T.);
#3941 = VERTEX_POINT('',#3942);
#3942 = CARTESIAN_POINT('',(4.535E+03,1.02E+03,715.));
#3943 = LINE('',#3944,#3945);
#3944 = CARTESIAN_POINT('',(4.535E+03,1.02E+03,585.));
#3945 = VECTOR('',#3946,1.);
#3946 = DIRECTION('',(0.,0.,1.));
#3947 = ORIENTED_EDGE('',*,*,#3948,.F.);
#3948 = EDGE_CURVE('',#3925,#3941,#3949,.T.);
#3949 = LINE('',#3950,#3951);
#3950 = CARTESIAN_POINT('',(4.535E+03,840.,715.));
#3951 = VECTOR('',#3952,1.);
#3952 = DIRECTION('',(-0.,1.,0.));
#3953 = PLANE('',#3954);
#3954 = AXIS2_PLACEMENT_3D('',#3955,#3956,#3957);
#3955 = CARTESIAN_POINT('',(4.535E+03,840.,585.));
#3956 = DIRECTION('',(1.,0.,-0.));
#3957 = DIRECTION('',(0.,0.,1.));
#3958 = ADVANCED_FACE('',(#3959),#3975,.F.);
#3959 = FACE_BOUND('',#3960,.F.);
#3960 = EDGE_LOOP('',(#3961,#3967,#3968,#3974));
#3961 = ORIENTED_EDGE('',*,*,#3962,.F.);
#3962 = EDGE_CURVE('',#3883,#3923,#3963,.T.);
#3963 = LINE('',#3964,#3965);
#3964 = CARTESIAN_POINT('',(4.375E+03,840.,585.));
#3965 = VECTOR('',#3966,1.);
#3966 = DIRECTION('',(1.,0.,-0.));
#3967 = ORIENTED_EDGE('',*,*,#3882,.T.);
#3968 = ORIENTED_EDGE('',*,*,#3969,.T.);
#3969 = EDGE_CURVE('',#3885,#3925,#3970,.T.);
#3970 = LINE('',#3971,#3972);
#3971 = CARTESIAN_POINT('',(4.375E+03,840.,715.));
#3972 = VECTOR('',#3973,1.);
#3973 = DIRECTION('',(1.,0.,-0.));
#3974 = ORIENTED_EDGE('',*,*,#3922,.F.);
#3975 = PLANE('',#3976);
#3976 = AXIS2_PLACEMENT_3D('',#3977,#3978,#3979);
#3977 = CARTESIAN_POINT('',(4.375E+03,840.,585.));
#3978 = DIRECTION('',(-0.,1.,0.));
#3979 = DIRECTION('',(0.,0.,1.));
#3980 = ADVANCED_FACE('',(#3981),#3997,.T.);
#3981 = FACE_BOUND('',#3982,.T.);
#3982 = EDGE_LOOP('',(#3983,#3989,#3990,#3996));
#3983 = ORIENTED_EDGE('',*,*,#3984,.F.);
#3984 = EDGE_CURVE('',#3893,#3933,#3985,.T.);
#3985 = LINE('',#3986,#3987);
#3986 = CARTESIAN_POINT('',(4.375E+03,1.02E+03,585.));
#3987 = VECTOR('',#3988,1.);
#3988 = DIRECTION('',(1.,0.,-0.));
#3989 = ORIENTED_EDGE('',*,*,#3900,.T.);
#3990 = ORIENTED_EDGE('',*,*,#3991,.T.);
#3991 = EDGE_CURVE('',#3901,#3941,#3992,.T.);
#3992 = LINE('',#3993,#3994);
#3993 = CARTESIAN_POINT('',(4.375E+03,1.02E+03,715.));
#3994 = VECTOR('',#3995,1.);
#3995 = DIRECTION('',(1.,0.,-0.));
#3996 = ORIENTED_EDGE('',*,*,#3940,.F.);
#3997 = PLANE('',#3998);
#3998 = AXIS2_PLACEMENT_3D('',#3999,#4000,#4001);
#3999 = CARTESIAN_POINT('',(4.375E+03,1.02E+03,585.));
#4000 = DIRECTION('',(-0.,1.,0.));
#4001 = DIRECTION('',(0.,0.,1.));
#4002 = ADVANCED_FACE('',(#4003),#4009,.F.);
#4003 = FACE_BOUND('',#4004,.F.);
#4004 = EDGE_LOOP('',(#4005,#4006,#4007,#4008));
#4005 = ORIENTED_EDGE('',*,*,#3892,.F.);
#4006 = ORIENTED_EDGE('',*,*,#3962,.T.);
#4007 = ORIENTED_EDGE('',*,*,#3932,.T.);
#4008 = ORIENTED_EDGE('',*,*,#3984,.F.);
#4009 = PLANE('',#4010);
#4010 = AXIS2_PLACEMENT_3D('',#4011,#4012,#4013);
#4011 = CARTESIAN_POINT('',(4.375E+03,840.,585.));
#4012 = DIRECTION('',(0.,0.,1.));
#4013 = DIRECTION('',(1.,0.,-0.));
#4014 = ADVANCED_FACE('',(#4015),#4021,.T.);
#4015 = FACE_BOUND('',#4016,.T.);
#4016 = EDGE_LOOP('',(#4017,#4018,#4019,#4020));
#4017 = ORIENTED_EDGE('',*,*,#3908,.F.);
#4018 = ORIENTED_EDGE('',*,*,#3969,.T.);
#4019 = ORIENTED_EDGE('',*,*,#3948,.T.);
#4020 = ORIENTED_EDGE('',*,*,#3991,.F.);
#4021 = PLANE('',#4022);
#4022 = AXIS2_PLACEMENT_3D('',#4023,#4024,#4025);
#4023 = CARTESIAN_POINT('',(4.375E+03,840.,715.));
#4024 = DIRECTION('',(0.,0.,1.));
#4025 = DIRECTION('',(1.,0.,-0.));
#4026 = ( GEOMETRIC_REPRESENTATION_CONTEXT(3) 
GLOBAL_UNCERTAINTY_ASSIGNED_CONTEXT((#4030)) 
GLOBAL_UNIT_ASSIGNED_CONTEXT((#4027,#4028,#4029)) REPRESENTATION_CONTEXT
('Context #1','3D Context with UNIT and UNCERTAINTY') );
#4027 = ( LENGTH_UNIT() NAMED_UNIT(*) SI_UNIT(.MILLI.,.METRE.) );
#4028 = ( NAMED_UNIT(*) PLANE_ANGLE_UNIT() SI_UNIT($,.RADIAN.) );
#4029 = ( NAMED_UNIT(*) SI_UNIT($,.STERADIAN.) SOLID_ANGLE_UNIT() );
#4030 = UNCERTAINTY_MEASURE_WITH_UNIT(LENGTH_MEASURE(1.E-07),#4027,
  'distance_accuracy_value','confusion accuracy');
#4031 = CONTEXT_DEPENDENT_SHAPE_REPRESENTATION(#4032,#4034);
#4032 = ( REPRESENTATION_RELATIONSHIP('','',#3875,#10) 
REPRESENTATION_RELATIONSHIP_WITH_TRANSFORMATION(#4033) 
SHAPE_REPRESENTATION_RELATIONSHIP() );
#4033 = ITEM_DEFINED_TRANSFORMATION('','',#11,#111);
#4034 = PRODUCT_DEFINITION_SHAPE('Placement','Placement of an item',
  #4035);
#4035 = NEXT_ASSEMBLY_USAGE_OCCURRENCE('25','Pump_CouplingGuard_01','',
  #5,#3870,$);
#4036 = PRODUCT_RELATED_PRODUCT_CATEGORY('part',$,(#3872));
#4037 = SHAPE_DEFINITION_REPRESENTATION(#4038,#4044);
#4038 = PRODUCT_DEFINITION_SHAPE('','',#4039);
#4039 = PRODUCT_DEFINITION('design','',#4040,#4043);
#4040 = PRODUCT_DEFINITION_FORMATION('','',#4041);
#4041 = PRODUCT('Pump_CouplingGuard_02','Pump_CouplingGuard_02','',(
    #4042));
#4042 = PRODUCT_CONTEXT('',#2,'mechanical');
#4043 = PRODUCT_DEFINITION_CONTEXT('part definition',#2,'design');
#4044 = ADVANCED_BREP_SHAPE_REPRESENTATION('',(#11,#4045),#4195);
#4045 = MANIFOLD_SOLID_BREP('',#4046);
#4046 = CLOSED_SHELL('',(#4047,#4087,#4127,#4149,#4171,#4183));
#4047 = ADVANCED_FACE('',(#4048),#4082,.F.);
#4048 = FACE_BOUND('',#4049,.F.);
#4049 = EDGE_LOOP('',(#4050,#4060,#4068,#4076));
#4050 = ORIENTED_EDGE('',*,*,#4051,.F.);
#4051 = EDGE_CURVE('',#4052,#4054,#4056,.T.);
#4052 = VERTEX_POINT('',#4053);
#4053 = CARTESIAN_POINT('',(4.375E+03,1.07E+03,585.));
#4054 = VERTEX_POINT('',#4055);
#4055 = CARTESIAN_POINT('',(4.375E+03,1.07E+03,715.));
#4056 = LINE('',#4057,#4058);
#4057 = CARTESIAN_POINT('',(4.375E+03,1.07E+03,585.));
#4058 = VECTOR('',#4059,1.);
#4059 = DIRECTION('',(0.,0.,1.));
#4060 = ORIENTED_EDGE('',*,*,#4061,.T.);
#4061 = EDGE_CURVE('',#4052,#4062,#4064,.T.);
#4062 = VERTEX_POINT('',#4063);
#4063 = CARTESIAN_POINT('',(4.375E+03,1.25E+03,585.));
#4064 = LINE('',#4065,#4066);
#4065 = CARTESIAN_POINT('',(4.375E+03,1.07E+03,585.));
#4066 = VECTOR('',#4067,1.);
#4067 = DIRECTION('',(-0.,1.,0.));
#4068 = ORIENTED_EDGE('',*,*,#4069,.T.);
#4069 = EDGE_CURVE('',#4062,#4070,#4072,.T.);
#4070 = VERTEX_POINT('',#4071);
#4071 = CARTESIAN_POINT('',(4.375E+03,1.25E+03,715.));
#4072 = LINE('',#4073,#4074);
#4073 = CARTESIAN_POINT('',(4.375E+03,1.25E+03,585.));
#4074 = VECTOR('',#4075,1.);
#4075 = DIRECTION('',(0.,0.,1.));
#4076 = ORIENTED_EDGE('',*,*,#4077,.F.);
#4077 = EDGE_CURVE('',#4054,#4070,#4078,.T.);
#4078 = LINE('',#4079,#4080);
#4079 = CARTESIAN_POINT('',(4.375E+03,1.07E+03,715.));
#4080 = VECTOR('',#4081,1.);
#4081 = DIRECTION('',(-0.,1.,0.));
#4082 = PLANE('',#4083);
#4083 = AXIS2_PLACEMENT_3D('',#4084,#4085,#4086);
#4084 = CARTESIAN_POINT('',(4.375E+03,1.07E+03,585.));
#4085 = DIRECTION('',(1.,0.,-0.));
#4086 = DIRECTION('',(0.,0.,1.));
#4087 = ADVANCED_FACE('',(#4088),#4122,.T.);
#4088 = FACE_BOUND('',#4089,.T.);
#4089 = EDGE_LOOP('',(#4090,#4100,#4108,#4116));
#4090 = ORIENTED_EDGE('',*,*,#4091,.F.);
#4091 = EDGE_CURVE('',#4092,#4094,#4096,.T.);
#4092 = VERTEX_POINT('',#4093);
#4093 = CARTESIAN_POINT('',(4.535E+03,1.07E+03,585.));
#4094 = VERTEX_POINT('',#4095);
#4095 = CARTESIAN_POINT('',(4.535E+03,1.07E+03,715.));
#4096 = LINE('',#4097,#4098);
#4097 = CARTESIAN_POINT('',(4.535E+03,1.07E+03,585.));
#4098 = VECTOR('',#4099,1.);
#4099 = DIRECTION('',(0.,0.,1.));
#4100 = ORIENTED_EDGE('',*,*,#4101,.T.);
#4101 = EDGE_CURVE('',#4092,#4102,#4104,.T.);
#4102 = VERTEX_POINT('',#4103);
#4103 = CARTESIAN_POINT('',(4.535E+03,1.25E+03,585.));
#4104 = LINE('',#4105,#4106);
#4105 = CARTESIAN_POINT('',(4.535E+03,1.07E+03,585.));
#4106 = VECTOR('',#4107,1.);
#4107 = DIRECTION('',(-0.,1.,0.));
#4108 = ORIENTED_EDGE('',*,*,#4109,.T.);
#4109 = EDGE_CURVE('',#4102,#4110,#4112,.T.);
#4110 = VERTEX_POINT('',#4111);
#4111 = CARTESIAN_POINT('',(4.535E+03,1.25E+03,715.));
#4112 = LINE('',#4113,#4114);
#4113 = CARTESIAN_POINT('',(4.535E+03,1.25E+03,585.));
#4114 = VECTOR('',#4115,1.);
#4115 = DIRECTION('',(0.,0.,1.));
#4116 = ORIENTED_EDGE('',*,*,#4117,.F.);
#4117 = EDGE_CURVE('',#4094,#4110,#4118,.T.);
#4118 = LINE('',#4119,#4120);
#4119 = CARTESIAN_POINT('',(4.535E+03,1.07E+03,715.));
#4120 = VECTOR('',#4121,1.);
#4121 = DIRECTION('',(-0.,1.,0.));
#4122 = PLANE('',#4123);
#4123 = AXIS2_PLACEMENT_3D('',#4124,#4125,#4126);
#4124 = CARTESIAN_POINT('',(4.535E+03,1.07E+03,585.));
#4125 = DIRECTION('',(1.,0.,-0.));
#4126 = DIRECTION('',(0.,0.,1.));
#4127 = ADVANCED_FACE('',(#4128),#4144,.F.);
#4128 = FACE_BOUND('',#4129,.F.);
#4129 = EDGE_LOOP('',(#4130,#4136,#4137,#4143));
#4130 = ORIENTED_EDGE('',*,*,#4131,.F.);
#4131 = EDGE_CURVE('',#4052,#4092,#4132,.T.);
#4132 = LINE('',#4133,#4134);
#4133 = CARTESIAN_POINT('',(4.375E+03,1.07E+03,585.));
#4134 = VECTOR('',#4135,1.);
#4135 = DIRECTION('',(1.,0.,-0.));
#4136 = ORIENTED_EDGE('',*,*,#4051,.T.);
#4137 = ORIENTED_EDGE('',*,*,#4138,.T.);
#4138 = EDGE_CURVE('',#4054,#4094,#4139,.T.);
#4139 = LINE('',#4140,#4141);
#4140 = CARTESIAN_POINT('',(4.375E+03,1.07E+03,715.));
#4141 = VECTOR('',#4142,1.);
#4142 = DIRECTION('',(1.,0.,-0.));
#4143 = ORIENTED_EDGE('',*,*,#4091,.F.);
#4144 = PLANE('',#4145);
#4145 = AXIS2_PLACEMENT_3D('',#4146,#4147,#4148);
#4146 = CARTESIAN_POINT('',(4.375E+03,1.07E+03,585.));
#4147 = DIRECTION('',(-0.,1.,0.));
#4148 = DIRECTION('',(0.,0.,1.));
#4149 = ADVANCED_FACE('',(#4150),#4166,.T.);
#4150 = FACE_BOUND('',#4151,.T.);
#4151 = EDGE_LOOP('',(#4152,#4158,#4159,#4165));
#4152 = ORIENTED_EDGE('',*,*,#4153,.F.);
#4153 = EDGE_CURVE('',#4062,#4102,#4154,.T.);
#4154 = LINE('',#4155,#4156);
#4155 = CARTESIAN_POINT('',(4.375E+03,1.25E+03,585.));
#4156 = VECTOR('',#4157,1.);
#4157 = DIRECTION('',(1.,0.,-0.));
#4158 = ORIENTED_EDGE('',*,*,#4069,.T.);
#4159 = ORIENTED_EDGE('',*,*,#4160,.T.);
#4160 = EDGE_CURVE('',#4070,#4110,#4161,.T.);
#4161 = LINE('',#4162,#4163);
#4162 = CARTESIAN_POINT('',(4.375E+03,1.25E+03,715.));
#4163 = VECTOR('',#4164,1.);
#4164 = DIRECTION('',(1.,0.,-0.));
#4165 = ORIENTED_EDGE('',*,*,#4109,.F.);
#4166 = PLANE('',#4167);
#4167 = AXIS2_PLACEMENT_3D('',#4168,#4169,#4170);
#4168 = CARTESIAN_POINT('',(4.375E+03,1.25E+03,585.));
#4169 = DIRECTION('',(-0.,1.,0.));
#4170 = DIRECTION('',(0.,0.,1.));
#4171 = ADVANCED_FACE('',(#4172),#4178,.F.);
#4172 = FACE_BOUND('',#4173,.F.);
#4173 = EDGE_LOOP('',(#4174,#4175,#4176,#4177));
#4174 = ORIENTED_EDGE('',*,*,#4061,.F.);
#4175 = ORIENTED_EDGE('',*,*,#4131,.T.);
#4176 = ORIENTED_EDGE('',*,*,#4101,.T.);
#4177 = ORIENTED_EDGE('',*,*,#4153,.F.);
#4178 = PLANE('',#4179);
#4179 = AXIS2_PLACEMENT_3D('',#4180,#4181,#4182);
#4180 = CARTESIAN_POINT('',(4.375E+03,1.07E+03,585.));
#4181 = DIRECTION('',(0.,0.,1.));
#4182 = DIRECTION('',(1.,0.,-0.));
#4183 = ADVANCED_FACE('',(#4184),#4190,.T.);
#4184 = FACE_BOUND('',#4185,.T.);
#4185 = EDGE_LOOP('',(#4186,#4187,#4188,#4189));
#4186 = ORIENTED_EDGE('',*,*,#4077,.F.);
#4187 = ORIENTED_EDGE('',*,*,#4138,.T.);
#4188 = ORIENTED_EDGE('',*,*,#4117,.T.);
#4189 = ORIENTED_EDGE('',*,*,#4160,.F.);
#4190 = PLANE('',#4191);
#4191 = AXIS2_PLACEMENT_3D('',#4192,#4193,#4194);
#4192 = CARTESIAN_POINT('',(4.375E+03,1.07E+03,715.));
#4193 = DIRECTION('',(0.,0.,1.));
#4194 = DIRECTION('',(1.,0.,-0.));
#4195 = ( GEOMETRIC_REPRESENTATION_CONTEXT(3) 
GLOBAL_UNCERTAINTY_ASSIGNED_CONTEXT((#4199)) 
GLOBAL_UNIT_ASSIGNED_CONTEXT((#4196,#4197,#4198)) REPRESENTATION_CONTEXT
('Context #1','3D Context with UNIT and UNCERTAINTY') );
#4196 = ( LENGTH_UNIT() NAMED_UNIT(*) SI_UNIT(.MILLI.,.METRE.) );
#4197 = ( NAMED_UNIT(*) PLANE_ANGLE_UNIT() SI_UNIT($,.RADIAN.) );
#4198 = ( NAMED_UNIT(*) SI_UNIT($,.STERADIAN.) SOLID_ANGLE_UNIT() );
#4199 = UNCERTAINTY_MEASURE_WITH_UNIT(LENGTH_MEASURE(1.E-07),#4196,
  'distance_accuracy_value','confusion accuracy');
#4200 = CONTEXT_DEPENDENT_SHAPE_REPRESENTATION(#4201,#4203);
#4201 = ( REPRESENTATION_RELATIONSHIP('','',#4044,#10) 
REPRESENTATION_RELATIONSHIP_WITH_TRANSFORMATION(#4202) 
SHAPE_REPRESENTATION_RELATIONSHIP() );
#4202 = ITEM_DEFINED_TRANSFORMATION('','',#11,#115);
#4203 = PRODUCT_DEFINITION_SHAPE('Placement','Placement of an item',
  #4204);
#4204 = NEXT_ASSEMBLY_USAGE_OCCURRENCE('26','Pump_CouplingGuard_02','',
  #5,#4039,$);
#4205 = PRODUCT_RELATED_PRODUCT_CATEGORY('part',$,(#4041));
#4206 = SHAPE_DEFINITION_REPRESENTATION(#4207,#4213);
#4207 = PRODUCT_DEFINITION_SHAPE('','',#4208);
#4208 = PRODUCT_DEFINITION('design','',#4209,#4212);
#4209 = PRODUCT_DEFINITION_FORMATION('','',#4210);
#4210 = PRODUCT('Pipe_Supply_01','Pipe_Supply_01','',(#4211));
#4211 = PRODUCT_CONTEXT('',#2,'mechanical');
#4212 = PRODUCT_DEFINITION_CONTEXT('part definition',#2,'design');
#4213 = ADVANCED_BREP_SHAPE_REPRESENTATION('',(#11,#4214),#4267);
#4214 = MANIFOLD_SOLID_BREP('',#4215);
#4215 = CLOSED_SHELL('',(#4216,#4249,#4258));
#4216 = ADVANCED_FACE('',(#4217),#4244,.T.);
#4217 = FACE_BOUND('',#4218,.T.);
#4218 = EDGE_LOOP('',(#4219,#4228,#4236,#4243));
#4219 = ORIENTED_EDGE('',*,*,#4220,.F.);
#4220 = EDGE_CURVE('',#4221,#4221,#4223,.T.);
#4221 = VERTEX_POINT('',#4222);
#4222 = CARTESIAN_POINT('',(40.,-9.797174393179E-15,3.6E+03));
#4223 = CIRCLE('',#4224,40.);
#4224 = AXIS2_PLACEMENT_3D('',#4225,#4226,#4227);
#4225 = CARTESIAN_POINT('',(0.,0.,3.6E+03));
#4226 = DIRECTION('',(0.,0.,1.));
#4227 = DIRECTION('',(1.,0.,-0.));
#4228 = ORIENTED_EDGE('',*,*,#4229,.F.);
#4229 = EDGE_CURVE('',#4230,#4221,#4232,.T.);
#4230 = VERTEX_POINT('',#4231);
#4231 = CARTESIAN_POINT('',(40.,-9.797174393179E-15,0.));
#4232 = LINE('',#4233,#4234);
#4233 = CARTESIAN_POINT('',(40.,-9.797174393179E-15,0.));
#4234 = VECTOR('',#4235,1.);
#4235 = DIRECTION('',(0.,0.,1.));
#4236 = ORIENTED_EDGE('',*,*,#4237,.T.);
#4237 = EDGE_CURVE('',#4230,#4230,#4238,.T.);
#4238 = CIRCLE('',#4239,40.);
#4239 = AXIS2_PLACEMENT_3D('',#4240,#4241,#4242);
#4240 = CARTESIAN_POINT('',(0.,0.,0.));
#4241 = DIRECTION('',(0.,0.,1.));
#4242 = DIRECTION('',(1.,0.,-0.));
#4243 = ORIENTED_EDGE('',*,*,#4229,.T.);
#4244 = CYLINDRICAL_SURFACE('',#4245,40.);
#4245 = AXIS2_PLACEMENT_3D('',#4246,#4247,#4248);
#4246 = CARTESIAN_POINT('',(0.,0.,0.));
#4247 = DIRECTION('',(0.,0.,1.));
#4248 = DIRECTION('',(1.,0.,-0.));
#4249 = ADVANCED_FACE('',(#4250),#4253,.T.);
#4250 = FACE_BOUND('',#4251,.T.);
#4251 = EDGE_LOOP('',(#4252));
#4252 = ORIENTED_EDGE('',*,*,#4220,.T.);
#4253 = PLANE('',#4254);
#4254 = AXIS2_PLACEMENT_3D('',#4255,#4256,#4257);
#4255 = CARTESIAN_POINT('',(0.,0.,3.6E+03));
#4256 = DIRECTION('',(0.,0.,1.));
#4257 = DIRECTION('',(1.,0.,-0.));
#4258 = ADVANCED_FACE('',(#4259),#4262,.F.);
#4259 = FACE_BOUND('',#4260,.T.);
#4260 = EDGE_LOOP('',(#4261));
#4261 = ORIENTED_EDGE('',*,*,#4237,.F.);
#4262 = PLANE('',#4263);
#4263 = AXIS2_PLACEMENT_3D('',#4264,#4265,#4266);
#4264 = CARTESIAN_POINT('',(0.,0.,0.));
#4265 = DIRECTION('',(0.,0.,1.));
#4266 = DIRECTION('',(1.,0.,-0.));
#4267 = ( GEOMETRIC_REPRESENTATION_CONTEXT(3) 
GLOBAL_UNCERTAINTY_ASSIGNED_CONTEXT((#4271)) 
GLOBAL_UNIT_ASSIGNED_CONTEXT((#4268,#4269,#4270)) REPRESENTATION_CONTEXT
('Context #1','3D Context with UNIT and UNCERTAINTY') );
#4268 = ( LENGTH_UNIT() NAMED_UNIT(*) SI_UNIT(.MILLI.,.METRE.) );
#4269 = ( NAMED_UNIT(*) PLANE_ANGLE_UNIT() SI_UNIT($,.RADIAN.) );
#4270 = ( NAMED_UNIT(*) SI_UNIT($,.STERADIAN.) SOLID_ANGLE_UNIT() );
#4271 = UNCERTAINTY_MEASURE_WITH_UNIT(LENGTH_MEASURE(1.E-07),#4268,
  'distance_accuracy_value','confusion accuracy');
#4272 = CONTEXT_DEPENDENT_SHAPE_REPRESENTATION(#4273,#4275);
#4273 = ( REPRESENTATION_RELATIONSHIP('','',#4213,#10) 
REPRESENTATION_RELATIONSHIP_WITH_TRANSFORMATION(#4274) 
SHAPE_REPRESENTATION_RELATIONSHIP() );
#4274 = ITEM_DEFINED_TRANSFORMATION('','',#11,#119);
#4275 = PRODUCT_DEFINITION_SHAPE('Placement','Placement of an item',
  #4276);
#4276 = NEXT_ASSEMBLY_USAGE_OCCURRENCE('27','Pipe_Supply_01','',#5,#4208
  ,$);
#4277 = PRODUCT_RELATED_PRODUCT_CATEGORY('part',$,(#4210));
#4278 = SHAPE_DEFINITION_REPRESENTATION(#4279,#4285);
#4279 = PRODUCT_DEFINITION_SHAPE('','',#4280);
#4280 = PRODUCT_DEFINITION('design','',#4281,#4284);
#4281 = PRODUCT_DEFINITION_FORMATION('','',#4282);
#4282 = PRODUCT('Pipe_Return_01','Pipe_Return_01','',(#4283));
#4283 = PRODUCT_CONTEXT('',#2,'mechanical');
#4284 = PRODUCT_DEFINITION_CONTEXT('part definition',#2,'design');
#4285 = ADVANCED_BREP_SHAPE_REPRESENTATION('',(#11,#4286),#4339);
#4286 = MANIFOLD_SOLID_BREP('',#4287);
#4287 = CLOSED_SHELL('',(#4288,#4321,#4330));
#4288 = ADVANCED_FACE('',(#4289),#4316,.T.);
#4289 = FACE_BOUND('',#4290,.T.);
#4290 = EDGE_LOOP('',(#4291,#4300,#4308,#4315));
#4291 = ORIENTED_EDGE('',*,*,#4292,.F.);
#4292 = EDGE_CURVE('',#4293,#4293,#4295,.T.);
#4293 = VERTEX_POINT('',#4294);
#4294 = CARTESIAN_POINT('',(40.,-9.797174393179E-15,3.6E+03));
#4295 = CIRCLE('',#4296,40.);
#4296 = AXIS2_PLACEMENT_3D('',#4297,#4298,#4299);
#4297 = CARTESIAN_POINT('',(0.,0.,3.6E+03));
#4298 = DIRECTION('',(0.,0.,1.));
#4299 = DIRECTION('',(1.,0.,-0.));
#4300 = ORIENTED_EDGE('',*,*,#4301,.F.);
#4301 = EDGE_CURVE('',#4302,#4293,#4304,.T.);
#4302 = VERTEX_POINT('',#4303);
#4303 = CARTESIAN_POINT('',(40.,-9.797174393179E-15,0.));
#4304 = LINE('',#4305,#4306);
#4305 = CARTESIAN_POINT('',(40.,-9.797174393179E-15,0.));
#4306 = VECTOR('',#4307,1.);
#4307 = DIRECTION('',(0.,0.,1.));
#4308 = ORIENTED_EDGE('',*,*,#4309,.T.);
#4309 = EDGE_CURVE('',#4302,#4302,#4310,.T.);
#4310 = CIRCLE('',#4311,40.);
#4311 = AXIS2_PLACEMENT_3D('',#4312,#4313,#4314);
#4312 = CARTESIAN_POINT('',(0.,0.,0.));
#4313 = DIRECTION('',(0.,0.,1.));
#4314 = DIRECTION('',(1.,0.,-0.));
#4315 = ORIENTED_EDGE('',*,*,#4301,.T.);
#4316 = CYLINDRICAL_SURFACE('',#4317,40.);
#4317 = AXIS2_PLACEMENT_3D('',#4318,#4319,#4320);
#4318 = CARTESIAN_POINT('',(0.,0.,0.));
#4319 = DIRECTION('',(0.,0.,1.));
#4320 = DIRECTION('',(1.,0.,-0.));
#4321 = ADVANCED_FACE('',(#4322),#4325,.T.);
#4322 = FACE_BOUND('',#4323,.T.);
#4323 = EDGE_LOOP('',(#4324));
#4324 = ORIENTED_EDGE('',*,*,#4292,.T.);
#4325 = PLANE('',#4326);
#4326 = AXIS2_PLACEMENT_3D('',#4327,#4328,#4329);
#4327 = CARTESIAN_POINT('',(0.,0.,3.6E+03));
#4328 = DIRECTION('',(0.,0.,1.));
#4329 = DIRECTION('',(1.,0.,-0.));
#4330 = ADVANCED_FACE('',(#4331),#4334,.F.);
#4331 = FACE_BOUND('',#4332,.T.);
#4332 = EDGE_LOOP('',(#4333));
#4333 = ORIENTED_EDGE('',*,*,#4309,.F.);
#4334 = PLANE('',#4335);
#4335 = AXIS2_PLACEMENT_3D('',#4336,#4337,#4338);
#4336 = CARTESIAN_POINT('',(0.,0.,0.));
#4337 = DIRECTION('',(0.,0.,1.));
#4338 = DIRECTION('',(1.,0.,-0.));
#4339 = ( GEOMETRIC_REPRESENTATION_CONTEXT(3) 
GLOBAL_UNCERTAINTY_ASSIGNED_CONTEXT((#4343)) 
GLOBAL_UNIT_ASSIGNED_CONTEXT((#4340,#4341,#4342)) REPRESENTATION_CONTEXT
('Context #1','3D Context with UNIT and UNCERTAINTY') );
#4340 = ( LENGTH_UNIT() NAMED_UNIT(*) SI_UNIT(.MILLI.,.METRE.) );
#4341 = ( NAMED_UNIT(*) PLANE_ANGLE_UNIT() SI_UNIT($,.RADIAN.) );
#4342 = ( NAMED_UNIT(*) SI_UNIT($,.STERADIAN.) SOLID_ANGLE_UNIT() );
#4343 = UNCERTAINTY_MEASURE_WITH_UNIT(LENGTH_MEASURE(1.E-07),#4340,
  'distance_accuracy_value','confusion accuracy');
#4344 = CONTEXT_DEPENDENT_SHAPE_REPRESENTATION(#4345,#4347);
#4345 = ( REPRESENTATION_RELATIONSHIP('','',#4285,#10) 
REPRESENTATION_RELATIONSHIP_WITH_TRANSFORMATION(#4346) 
SHAPE_REPRESENTATION_RELATIONSHIP() );
#4346 = ITEM_DEFINED_TRANSFORMATION('','',#11,#123);
#4347 = PRODUCT_DEFINITION_SHAPE('Placement','Placement of an item',
  #4348);
#4348 = NEXT_ASSEMBLY_USAGE_OCCURRENCE('28','Pipe_Return_01','',#5,#4280
  ,$);
#4349 = PRODUCT_RELATED_PRODUCT_CATEGORY('part',$,(#4282));
#4350 = SHAPE_DEFINITION_REPRESENTATION(#4351,#4357);
#4351 = PRODUCT_DEFINITION_SHAPE('','',#4352);
#4352 = PRODUCT_DEFINITION('design','',#4353,#4356);
#4353 = PRODUCT_DEFINITION_FORMATION('','',#4354);
#4354 = PRODUCT('Pipe_Elbow_Drop_01','Pipe_Elbow_Drop_01','',(#4355));
#4355 = PRODUCT_CONTEXT('',#2,'mechanical');
#4356 = PRODUCT_DEFINITION_CONTEXT('part definition',#2,'design');
#4357 = ADVANCED_BREP_SHAPE_REPRESENTATION('',(#11,#4358),#4411);
#4358 = MANIFOLD_SOLID_BREP('',#4359);
#4359 = CLOSED_SHELL('',(#4360,#4393,#4402));
#4360 = ADVANCED_FACE('',(#4361),#4388,.T.);
#4361 = FACE_BOUND('',#4362,.T.);
#4362 = EDGE_LOOP('',(#4363,#4372,#4380,#4387));
#4363 = ORIENTED_EDGE('',*,*,#4364,.F.);
#4364 = EDGE_CURVE('',#4365,#4365,#4367,.T.);
#4365 = VERTEX_POINT('',#4366);
#4366 = CARTESIAN_POINT('',(40.,-9.797174393179E-15,900.));
#4367 = CIRCLE('',#4368,40.);
#4368 = AXIS2_PLACEMENT_3D('',#4369,#4370,#4371);
#4369 = CARTESIAN_POINT('',(0.,0.,900.));
#4370 = DIRECTION('',(0.,0.,1.));
#4371 = DIRECTION('',(1.,0.,-0.));
#4372 = ORIENTED_EDGE('',*,*,#4373,.F.);
#4373 = EDGE_CURVE('',#4374,#4365,#4376,.T.);
#4374 = VERTEX_POINT('',#4375);
#4375 = CARTESIAN_POINT('',(40.,-9.797174393179E-15,0.));
#4376 = LINE('',#4377,#4378);
#4377 = CARTESIAN_POINT('',(40.,-9.797174393179E-15,0.));
#4378 = VECTOR('',#4379,1.);
#4379 = DIRECTION('',(0.,0.,1.));
#4380 = ORIENTED_EDGE('',*,*,#4381,.T.);
#4381 = EDGE_CURVE('',#4374,#4374,#4382,.T.);
#4382 = CIRCLE('',#4383,40.);
#4383 = AXIS2_PLACEMENT_3D('',#4384,#4385,#4386);
#4384 = CARTESIAN_POINT('',(0.,0.,0.));
#4385 = DIRECTION('',(0.,0.,1.));
#4386 = DIRECTION('',(1.,0.,-0.));
#4387 = ORIENTED_EDGE('',*,*,#4373,.T.);
#4388 = CYLINDRICAL_SURFACE('',#4389,40.);
#4389 = AXIS2_PLACEMENT_3D('',#4390,#4391,#4392);
#4390 = CARTESIAN_POINT('',(0.,0.,0.));
#4391 = DIRECTION('',(0.,0.,1.));
#4392 = DIRECTION('',(1.,0.,-0.));
#4393 = ADVANCED_FACE('',(#4394),#4397,.T.);
#4394 = FACE_BOUND('',#4395,.T.);
#4395 = EDGE_LOOP('',(#4396));
#4396 = ORIENTED_EDGE('',*,*,#4364,.T.);
#4397 = PLANE('',#4398);
#4398 = AXIS2_PLACEMENT_3D('',#4399,#4400,#4401);
#4399 = CARTESIAN_POINT('',(0.,0.,900.));
#4400 = DIRECTION('',(0.,0.,1.));
#4401 = DIRECTION('',(1.,0.,-0.));
#4402 = ADVANCED_FACE('',(#4403),#4406,.F.);
#4403 = FACE_BOUND('',#4404,.T.);
#4404 = EDGE_LOOP('',(#4405));
#4405 = ORIENTED_EDGE('',*,*,#4381,.F.);
#4406 = PLANE('',#4407);
#4407 = AXIS2_PLACEMENT_3D('',#4408,#4409,#4410);
#4408 = CARTESIAN_POINT('',(0.,0.,0.));
#4409 = DIRECTION('',(0.,0.,1.));
#4410 = DIRECTION('',(1.,0.,-0.));
#4411 = ( GEOMETRIC_REPRESENTATION_CONTEXT(3) 
GLOBAL_UNCERTAINTY_ASSIGNED_CONTEXT((#4415)) 
GLOBAL_UNIT_ASSIGNED_CONTEXT((#4412,#4413,#4414)) REPRESENTATION_CONTEXT
('Context #1','3D Context with UNIT and UNCERTAINTY') );
#4412 = ( LENGTH_UNIT() NAMED_UNIT(*) SI_UNIT(.MILLI.,.METRE.) );
#4413 = ( NAMED_UNIT(*) PLANE_ANGLE_UNIT() SI_UNIT($,.RADIAN.) );
#4414 = ( NAMED_UNIT(*) SI_UNIT($,.STERADIAN.) SOLID_ANGLE_UNIT() );
#4415 = UNCERTAINTY_MEASURE_WITH_UNIT(LENGTH_MEASURE(1.E-07),#4412,
  'distance_accuracy_value','confusion accuracy');
#4416 = CONTEXT_DEPENDENT_SHAPE_REPRESENTATION(#4417,#4419);
#4417 = ( REPRESENTATION_RELATIONSHIP('','',#4357,#10) 
REPRESENTATION_RELATIONSHIP_WITH_TRANSFORMATION(#4418) 
SHAPE_REPRESENTATION_RELATIONSHIP() );
#4418 = ITEM_DEFINED_TRANSFORMATION('','',#11,#127);
#4419 = PRODUCT_DEFINITION_SHAPE('Placement','Placement of an item',
  #4420);
#4420 = NEXT_ASSEMBLY_USAGE_OCCURRENCE('29','Pipe_Elbow_Drop_01','',#5,
  #4352,$);
#4421 = PRODUCT_RELATED_PRODUCT_CATEGORY('part',$,(#4354));
#4422 = SHAPE_DEFINITION_REPRESENTATION(#4423,#4429);
#4423 = PRODUCT_DEFINITION_SHAPE('','',#4424);
#4424 = PRODUCT_DEFINITION('design','',#4425,#4428);
#4425 = PRODUCT_DEFINITION_FORMATION('','',#4426);
#4426 = PRODUCT('Pipe_Supply_Drop_AHU_01','Pipe_Supply_Drop_AHU_01','',(
    #4427));
#4427 = PRODUCT_CONTEXT('',#2,'mechanical');
#4428 = PRODUCT_DEFINITION_CONTEXT('part definition',#2,'design');
#4429 = ADVANCED_BREP_SHAPE_REPRESENTATION('',(#11,#4430),#4483);
#4430 = MANIFOLD_SOLID_BREP('',#4431);
#4431 = CLOSED_SHELL('',(#4432,#4465,#4474));
#4432 = ADVANCED_FACE('',(#4433),#4460,.T.);
#4433 = FACE_BOUND('',#4434,.T.);
#4434 = EDGE_LOOP('',(#4435,#4444,#4452,#4459));
#4435 = ORIENTED_EDGE('',*,*,#4436,.F.);
#4436 = EDGE_CURVE('',#4437,#4437,#4439,.T.);
#4437 = VERTEX_POINT('',#4438);
#4438 = CARTESIAN_POINT('',(1.318E+03,2.86E+03,1.8E+03));
#4439 = CIRCLE('',#4440,38.);
#4440 = AXIS2_PLACEMENT_3D('',#4441,#4442,#4443);
#4441 = CARTESIAN_POINT('',(1.28E+03,2.86E+03,1.8E+03));
#4442 = DIRECTION('',(0.,0.,1.));
#4443 = DIRECTION('',(1.,0.,-0.));
#4444 = ORIENTED_EDGE('',*,*,#4445,.F.);
#4445 = EDGE_CURVE('',#4446,#4437,#4448,.T.);
#4446 = VERTEX_POINT('',#4447);
#4447 = CARTESIAN_POINT('',(1.318E+03,2.86E+03,880.));
#4448 = LINE('',#4449,#4450);
#4449 = CARTESIAN_POINT('',(1.318E+03,2.86E+03,880.));
#4450 = VECTOR('',#4451,1.);
#4451 = DIRECTION('',(0.,0.,1.));
#4452 = ORIENTED_EDGE('',*,*,#4453,.T.);
#4453 = EDGE_CURVE('',#4446,#4446,#4454,.T.);
#4454 = CIRCLE('',#4455,38.);
#4455 = AXIS2_PLACEMENT_3D('',#4456,#4457,#4458);
#4456 = CARTESIAN_POINT('',(1.28E+03,2.86E+03,880.));
#4457 = DIRECTION('',(0.,0.,1.));
#4458 = DIRECTION('',(1.,0.,-0.));
#4459 = ORIENTED_EDGE('',*,*,#4445,.T.);
#4460 = CYLINDRICAL_SURFACE('',#4461,38.);
#4461 = AXIS2_PLACEMENT_3D('',#4462,#4463,#4464);
#4462 = CARTESIAN_POINT('',(1.28E+03,2.86E+03,880.));
#4463 = DIRECTION('',(0.,0.,1.));
#4464 = DIRECTION('',(1.,0.,-0.));
#4465 = ADVANCED_FACE('',(#4466),#4469,.T.);
#4466 = FACE_BOUND('',#4467,.T.);
#4467 = EDGE_LOOP('',(#4468));
#4468 = ORIENTED_EDGE('',*,*,#4436,.T.);
#4469 = PLANE('',#4470);
#4470 = AXIS2_PLACEMENT_3D('',#4471,#4472,#4473);
#4471 = CARTESIAN_POINT('',(1.28E+03,2.86E+03,1.8E+03));
#4472 = DIRECTION('',(0.,0.,1.));
#4473 = DIRECTION('',(1.,0.,-0.));
#4474 = ADVANCED_FACE('',(#4475),#4478,.F.);
#4475 = FACE_BOUND('',#4476,.T.);
#4476 = EDGE_LOOP('',(#4477));
#4477 = ORIENTED_EDGE('',*,*,#4453,.F.);
#4478 = PLANE('',#4479);
#4479 = AXIS2_PLACEMENT_3D('',#4480,#4481,#4482);
#4480 = CARTESIAN_POINT('',(1.28E+03,2.86E+03,880.));
#4481 = DIRECTION('',(0.,0.,1.));
#4482 = DIRECTION('',(1.,0.,-0.));
#4483 = ( GEOMETRIC_REPRESENTATION_CONTEXT(3) 
GLOBAL_UNCERTAINTY_ASSIGNED_CONTEXT((#4487)) 
GLOBAL_UNIT_ASSIGNED_CONTEXT((#4484,#4485,#4486)) REPRESENTATION_CONTEXT
('Context #1','3D Context with UNIT and UNCERTAINTY') );
#4484 = ( LENGTH_UNIT() NAMED_UNIT(*) SI_UNIT(.MILLI.,.METRE.) );
#4485 = ( NAMED_UNIT(*) PLANE_ANGLE_UNIT() SI_UNIT($,.RADIAN.) );
#4486 = ( NAMED_UNIT(*) SI_UNIT($,.STERADIAN.) SOLID_ANGLE_UNIT() );
#4487 = UNCERTAINTY_MEASURE_WITH_UNIT(LENGTH_MEASURE(1.E-07),#4484,
  'distance_accuracy_value','confusion accuracy');
#4488 = CONTEXT_DEPENDENT_SHAPE_REPRESENTATION(#4489,#4491);
#4489 = ( REPRESENTATION_RELATIONSHIP('','',#4429,#10) 
REPRESENTATION_RELATIONSHIP_WITH_TRANSFORMATION(#4490) 
SHAPE_REPRESENTATION_RELATIONSHIP() );
#4490 = ITEM_DEFINED_TRANSFORMATION('','',#11,#131);
#4491 = PRODUCT_DEFINITION_SHAPE('Placement','Placement of an item',
  #4492);
#4492 = NEXT_ASSEMBLY_USAGE_OCCURRENCE('30','Pipe_Supply_Drop_AHU_01',''
  ,#5,#4424,$);
#4493 = PRODUCT_RELATED_PRODUCT_CATEGORY('part',$,(#4426));
#4494 = SHAPE_DEFINITION_REPRESENTATION(#4495,#4501);
#4495 = PRODUCT_DEFINITION_SHAPE('','',#4496);
#4496 = PRODUCT_DEFINITION('design','',#4497,#4500);
#4497 = PRODUCT_DEFINITION_FORMATION('','',#4498);
#4498 = PRODUCT('Pipe_Return_Drop_AHU_01','Pipe_Return_Drop_AHU_01','',(
    #4499));
#4499 = PRODUCT_CONTEXT('',#2,'mechanical');
#4500 = PRODUCT_DEFINITION_CONTEXT('part definition',#2,'design');
#4501 = ADVANCED_BREP_SHAPE_REPRESENTATION('',(#11,#4502),#4555);
#4502 = MANIFOLD_SOLID_BREP('',#4503);
#4503 = CLOSED_SHELL('',(#4504,#4537,#4546));
#4504 = ADVANCED_FACE('',(#4505),#4532,.T.);
#4505 = FACE_BOUND('',#4506,.T.);
#4506 = EDGE_LOOP('',(#4507,#4516,#4524,#4531));
#4507 = ORIENTED_EDGE('',*,*,#4508,.F.);
#4508 = EDGE_CURVE('',#4509,#4509,#4511,.T.);
#4509 = VERTEX_POINT('',#4510);
#4510 = CARTESIAN_POINT('',(1.578E+03,3.06E+03,1.62E+03));
#4511 = CIRCLE('',#4512,38.);
#4512 = AXIS2_PLACEMENT_3D('',#4513,#4514,#4515);
#4513 = CARTESIAN_POINT('',(1.54E+03,3.06E+03,1.62E+03));
#4514 = DIRECTION('',(0.,0.,1.));
#4515 = DIRECTION('',(1.,0.,-0.));
#4516 = ORIENTED_EDGE('',*,*,#4517,.F.);
#4517 = EDGE_CURVE('',#4518,#4509,#4520,.T.);
#4518 = VERTEX_POINT('',#4519);
#4519 = CARTESIAN_POINT('',(1.578E+03,3.06E+03,880.));
#4520 = LINE('',#4521,#4522);
#4521 = CARTESIAN_POINT('',(1.578E+03,3.06E+03,880.));
#4522 = VECTOR('',#4523,1.);
#4523 = DIRECTION('',(0.,0.,1.));
#4524 = ORIENTED_EDGE('',*,*,#4525,.T.);
#4525 = EDGE_CURVE('',#4518,#4518,#4526,.T.);
#4526 = CIRCLE('',#4527,38.);
#4527 = AXIS2_PLACEMENT_3D('',#4528,#4529,#4530);
#4528 = CARTESIAN_POINT('',(1.54E+03,3.06E+03,880.));
#4529 = DIRECTION('',(0.,0.,1.));
#4530 = DIRECTION('',(1.,0.,-0.));
#4531 = ORIENTED_EDGE('',*,*,#4517,.T.);
#4532 = CYLINDRICAL_SURFACE('',#4533,38.);
#4533 = AXIS2_PLACEMENT_3D('',#4534,#4535,#4536);
#4534 = CARTESIAN_POINT('',(1.54E+03,3.06E+03,880.));
#4535 = DIRECTION('',(0.,0.,1.));
#4536 = DIRECTION('',(1.,0.,-0.));
#4537 = ADVANCED_FACE('',(#4538),#4541,.T.);
#4538 = FACE_BOUND('',#4539,.T.);
#4539 = EDGE_LOOP('',(#4540));
#4540 = ORIENTED_EDGE('',*,*,#4508,.T.);
#4541 = PLANE('',#4542);
#4542 = AXIS2_PLACEMENT_3D('',#4543,#4544,#4545);
#4543 = CARTESIAN_POINT('',(1.54E+03,3.06E+03,1.62E+03));
#4544 = DIRECTION('',(0.,0.,1.));
#4545 = DIRECTION('',(1.,0.,-0.));
#4546 = ADVANCED_FACE('',(#4547),#4550,.F.);
#4547 = FACE_BOUND('',#4548,.T.);
#4548 = EDGE_LOOP('',(#4549));
#4549 = ORIENTED_EDGE('',*,*,#4525,.F.);
#4550 = PLANE('',#4551);
#4551 = AXIS2_PLACEMENT_3D('',#4552,#4553,#4554);
#4552 = CARTESIAN_POINT('',(1.54E+03,3.06E+03,880.));
#4553 = DIRECTION('',(0.,0.,1.));
#4554 = DIRECTION('',(1.,0.,-0.));
#4555 = ( GEOMETRIC_REPRESENTATION_CONTEXT(3) 
GLOBAL_UNCERTAINTY_ASSIGNED_CONTEXT((#4559)) 
GLOBAL_UNIT_ASSIGNED_CONTEXT((#4556,#4557,#4558)) REPRESENTATION_CONTEXT
('Context #1','3D Context with UNIT and UNCERTAINTY') );
#4556 = ( LENGTH_UNIT() NAMED_UNIT(*) SI_UNIT(.MILLI.,.METRE.) );
#4557 = ( NAMED_UNIT(*) PLANE_ANGLE_UNIT() SI_UNIT($,.RADIAN.) );
#4558 = ( NAMED_UNIT(*) SI_UNIT($,.STERADIAN.) SOLID_ANGLE_UNIT() );
#4559 = UNCERTAINTY_MEASURE_WITH_UNIT(LENGTH_MEASURE(1.E-07),#4556,
  'distance_accuracy_value','confusion accuracy');
#4560 = CONTEXT_DEPENDENT_SHAPE_REPRESENTATION(#4561,#4563);
#4561 = ( REPRESENTATION_RELATIONSHIP('','',#4501,#10) 
REPRESENTATION_RELATIONSHIP_WITH_TRANSFORMATION(#4562) 
SHAPE_REPRESENTATION_RELATIONSHIP() );
#4562 = ITEM_DEFINED_TRANSFORMATION('','',#11,#135);
#4563 = PRODUCT_DEFINITION_SHAPE('Placement','Placement of an item',
  #4564);
#4564 = NEXT_ASSEMBLY_USAGE_OCCURRENCE('31','Pipe_Return_Drop_AHU_01',''
  ,#5,#4496,$);
#4565 = PRODUCT_RELATED_PRODUCT_CATEGORY('part',$,(#4498));
#4566 = SHAPE_DEFINITION_REPRESENTATION(#4567,#4573);
#4567 = PRODUCT_DEFINITION_SHAPE('','',#4568);
#4568 = PRODUCT_DEFINITION('design','',#4569,#4572);
#4569 = PRODUCT_DEFINITION_FORMATION('','',#4570);
#4570 = PRODUCT('Pipe_Supply_ToPump_01','Pipe_Supply_ToPump_01','',(
    #4571));
#4571 = PRODUCT_CONTEXT('',#2,'mechanical');
#4572 = PRODUCT_DEFINITION_CONTEXT('part definition',#2,'design');
#4573 = ADVANCED_BREP_SHAPE_REPRESENTATION('',(#11,#4574),#4627);
#4574 = MANIFOLD_SOLID_BREP('',#4575);
#4575 = CLOSED_SHELL('',(#4576,#4609,#4618));
#4576 = ADVANCED_FACE('',(#4577),#4604,.T.);
#4577 = FACE_BOUND('',#4578,.T.);
#4578 = EDGE_LOOP('',(#4579,#4588,#4596,#4603));
#4579 = ORIENTED_EDGE('',*,*,#4580,.F.);
#4580 = EDGE_CURVE('',#4581,#4581,#4583,.T.);
#4581 = VERTEX_POINT('',#4582);
#4582 = CARTESIAN_POINT('',(36.,-8.817456953861E-15,1.38E+03));
#4583 = CIRCLE('',#4584,36.);
#4584 = AXIS2_PLACEMENT_3D('',#4585,#4586,#4587);
#4585 = CARTESIAN_POINT('',(0.,0.,1.38E+03));
#4586 = DIRECTION('',(0.,0.,1.));
#4587 = DIRECTION('',(1.,0.,-0.));
#4588 = ORIENTED_EDGE('',*,*,#4589,.F.);
#4589 = EDGE_CURVE('',#4590,#4581,#4592,.T.);
#4590 = VERTEX_POINT('',#4591);
#4591 = CARTESIAN_POINT('',(36.,-8.817456953861E-15,0.));
#4592 = LINE('',#4593,#4594);
#4593 = CARTESIAN_POINT('',(36.,-8.817456953861E-15,0.));
#4594 = VECTOR('',#4595,1.);
#4595 = DIRECTION('',(0.,0.,1.));
#4596 = ORIENTED_EDGE('',*,*,#4597,.T.);
#4597 = EDGE_CURVE('',#4590,#4590,#4598,.T.);
#4598 = CIRCLE('',#4599,36.);
#4599 = AXIS2_PLACEMENT_3D('',#4600,#4601,#4602);
#4600 = CARTESIAN_POINT('',(0.,0.,0.));
#4601 = DIRECTION('',(0.,0.,1.));
#4602 = DIRECTION('',(1.,0.,-0.));
#4603 = ORIENTED_EDGE('',*,*,#4589,.T.);
#4604 = CYLINDRICAL_SURFACE('',#4605,36.);
#4605 = AXIS2_PLACEMENT_3D('',#4606,#4607,#4608);
#4606 = CARTESIAN_POINT('',(0.,0.,0.));
#4607 = DIRECTION('',(0.,0.,1.));
#4608 = DIRECTION('',(1.,0.,-0.));
#4609 = ADVANCED_FACE('',(#4610),#4613,.T.);
#4610 = FACE_BOUND('',#4611,.T.);
#4611 = EDGE_LOOP('',(#4612));
#4612 = ORIENTED_EDGE('',*,*,#4580,.T.);
#4613 = PLANE('',#4614);
#4614 = AXIS2_PLACEMENT_3D('',#4615,#4616,#4617);
#4615 = CARTESIAN_POINT('',(0.,0.,1.38E+03));
#4616 = DIRECTION('',(0.,0.,1.));
#4617 = DIRECTION('',(1.,0.,-0.));
#4618 = ADVANCED_FACE('',(#4619),#4622,.F.);
#4619 = FACE_BOUND('',#4620,.T.);
#4620 = EDGE_LOOP('',(#4621));
#4621 = ORIENTED_EDGE('',*,*,#4597,.F.);
#4622 = PLANE('',#4623);
#4623 = AXIS2_PLACEMENT_3D('',#4624,#4625,#4626);
#4624 = CARTESIAN_POINT('',(0.,0.,0.));
#4625 = DIRECTION('',(0.,0.,1.));
#4626 = DIRECTION('',(1.,0.,-0.));
#4627 = ( GEOMETRIC_REPRESENTATION_CONTEXT(3) 
GLOBAL_UNCERTAINTY_ASSIGNED_CONTEXT((#4631)) 
GLOBAL_UNIT_ASSIGNED_CONTEXT((#4628,#4629,#4630)) REPRESENTATION_CONTEXT
('Context #1','3D Context with UNIT and UNCERTAINTY') );
#4628 = ( LENGTH_UNIT() NAMED_UNIT(*) SI_UNIT(.MILLI.,.METRE.) );
#4629 = ( NAMED_UNIT(*) PLANE_ANGLE_UNIT() SI_UNIT($,.RADIAN.) );
#4630 = ( NAMED_UNIT(*) SI_UNIT($,.STERADIAN.) SOLID_ANGLE_UNIT() );
#4631 = UNCERTAINTY_MEASURE_WITH_UNIT(LENGTH_MEASURE(1.E-07),#4628,
  'distance_accuracy_value','confusion accuracy');
#4632 = CONTEXT_DEPENDENT_SHAPE_REPRESENTATION(#4633,#4635);
#4633 = ( REPRESENTATION_RELATIONSHIP('','',#4573,#10) 
REPRESENTATION_RELATIONSHIP_WITH_TRANSFORMATION(#4634) 
SHAPE_REPRESENTATION_RELATIONSHIP() );
#4634 = ITEM_DEFINED_TRANSFORMATION('','',#11,#139);
#4635 = PRODUCT_DEFINITION_SHAPE('Placement','Placement of an item',
  #4636);
#4636 = NEXT_ASSEMBLY_USAGE_OCCURRENCE('32','Pipe_Supply_ToPump_01','',
  #5,#4568,$);
#4637 = PRODUCT_RELATED_PRODUCT_CATEGORY('part',$,(#4570));
#4638 = SHAPE_DEFINITION_REPRESENTATION(#4639,#4645);
#4639 = PRODUCT_DEFINITION_SHAPE('','',#4640);
#4640 = PRODUCT_DEFINITION('design','',#4641,#4644);
#4641 = PRODUCT_DEFINITION_FORMATION('','',#4642);
#4642 = PRODUCT('Pipe_Return_FromPump_01','Pipe_Return_FromPump_01','',(
    #4643));
#4643 = PRODUCT_CONTEXT('',#2,'mechanical');
#4644 = PRODUCT_DEFINITION_CONTEXT('part definition',#2,'design');
#4645 = ADVANCED_BREP_SHAPE_REPRESENTATION('',(#11,#4646),#4699);
#4646 = MANIFOLD_SOLID_BREP('',#4647);
#4647 = CLOSED_SHELL('',(#4648,#4681,#4690));
#4648 = ADVANCED_FACE('',(#4649),#4676,.T.);
#4649 = FACE_BOUND('',#4650,.T.);
#4650 = EDGE_LOOP('',(#4651,#4660,#4668,#4675));
#4651 = ORIENTED_EDGE('',*,*,#4652,.F.);
#4652 = EDGE_CURVE('',#4653,#4653,#4655,.T.);
#4653 = VERTEX_POINT('',#4654);
#4654 = CARTESIAN_POINT('',(36.,-8.817456953861E-15,1.6E+03));
#4655 = CIRCLE('',#4656,36.);
#4656 = AXIS2_PLACEMENT_3D('',#4657,#4658,#4659);
#4657 = CARTESIAN_POINT('',(0.,0.,1.6E+03));
#4658 = DIRECTION('',(0.,0.,1.));
#4659 = DIRECTION('',(1.,0.,-0.));
#4660 = ORIENTED_EDGE('',*,*,#4661,.F.);
#4661 = EDGE_CURVE('',#4662,#4653,#4664,.T.);
#4662 = VERTEX_POINT('',#4663);
#4663 = CARTESIAN_POINT('',(36.,-8.817456953861E-15,0.));
#4664 = LINE('',#4665,#4666);
#4665 = CARTESIAN_POINT('',(36.,-8.817456953861E-15,0.));
#4666 = VECTOR('',#4667,1.);
#4667 = DIRECTION('',(0.,0.,1.));
#4668 = ORIENTED_EDGE('',*,*,#4669,.T.);
#4669 = EDGE_CURVE('',#4662,#4662,#4670,.T.);
#4670 = CIRCLE('',#4671,36.);
#4671 = AXIS2_PLACEMENT_3D('',#4672,#4673,#4674);
#4672 = CARTESIAN_POINT('',(0.,0.,0.));
#4673 = DIRECTION('',(0.,0.,1.));
#4674 = DIRECTION('',(1.,0.,-0.));
#4675 = ORIENTED_EDGE('',*,*,#4661,.T.);
#4676 = CYLINDRICAL_SURFACE('',#4677,36.);
#4677 = AXIS2_PLACEMENT_3D('',#4678,#4679,#4680);
#4678 = CARTESIAN_POINT('',(0.,0.,0.));
#4679 = DIRECTION('',(0.,0.,1.));
#4680 = DIRECTION('',(1.,0.,-0.));
#4681 = ADVANCED_FACE('',(#4682),#4685,.T.);
#4682 = FACE_BOUND('',#4683,.T.);
#4683 = EDGE_LOOP('',(#4684));
#4684 = ORIENTED_EDGE('',*,*,#4652,.T.);
#4685 = PLANE('',#4686);
#4686 = AXIS2_PLACEMENT_3D('',#4687,#4688,#4689);
#4687 = CARTESIAN_POINT('',(0.,0.,1.6E+03));
#4688 = DIRECTION('',(0.,0.,1.));
#4689 = DIRECTION('',(1.,0.,-0.));
#4690 = ADVANCED_FACE('',(#4691),#4694,.F.);
#4691 = FACE_BOUND('',#4692,.T.);
#4692 = EDGE_LOOP('',(#4693));
#4693 = ORIENTED_EDGE('',*,*,#4669,.F.);
#4694 = PLANE('',#4695);
#4695 = AXIS2_PLACEMENT_3D('',#4696,#4697,#4698);
#4696 = CARTESIAN_POINT('',(0.,0.,0.));
#4697 = DIRECTION('',(0.,0.,1.));
#4698 = DIRECTION('',(1.,0.,-0.));
#4699 = ( GEOMETRIC_REPRESENTATION_CONTEXT(3) 
GLOBAL_UNCERTAINTY_ASSIGNED_CONTEXT((#4703)) 
GLOBAL_UNIT_ASSIGNED_CONTEXT((#4700,#4701,#4702)) REPRESENTATION_CONTEXT
('Context #1','3D Context with UNIT and UNCERTAINTY') );
#4700 = ( LENGTH_UNIT() NAMED_UNIT(*) SI_UNIT(.MILLI.,.METRE.) );
#4701 = ( NAMED_UNIT(*) PLANE_ANGLE_UNIT() SI_UNIT($,.RADIAN.) );
#4702 = ( NAMED_UNIT(*) SI_UNIT($,.STERADIAN.) SOLID_ANGLE_UNIT() );
#4703 = UNCERTAINTY_MEASURE_WITH_UNIT(LENGTH_MEASURE(1.E-07),#4700,
  'distance_accuracy_value','confusion accuracy');
#4704 = CONTEXT_DEPENDENT_SHAPE_REPRESENTATION(#4705,#4707);
#4705 = ( REPRESENTATION_RELATIONSHIP('','',#4645,#10) 
REPRESENTATION_RELATIONSHIP_WITH_TRANSFORMATION(#4706) 
SHAPE_REPRESENTATION_RELATIONSHIP() );
#4706 = ITEM_DEFINED_TRANSFORMATION('','',#11,#143);
#4707 = PRODUCT_DEFINITION_SHAPE('Placement','Placement of an item',
  #4708);
#4708 = NEXT_ASSEMBLY_USAGE_OCCURRENCE('33','Pipe_Return_FromPump_01',''
  ,#5,#4640,$);
#4709 = PRODUCT_RELATED_PRODUCT_CATEGORY('part',$,(#4642));
#4710 = SHAPE_DEFINITION_REPRESENTATION(#4711,#4717);
#4711 = PRODUCT_DEFINITION_SHAPE('','',#4712);
#4712 = PRODUCT_DEFINITION('design','',#4713,#4716);
#4713 = PRODUCT_DEFINITION_FORMATION('','',#4714);
#4714 = PRODUCT('Valve_Isolation_Supply_01','Valve_Isolation_Supply_01',
  '',(#4715));
#4715 = PRODUCT_CONTEXT('',#2,'mechanical');
#4716 = PRODUCT_DEFINITION_CONTEXT('part definition',#2,'design');
#4717 = ADVANCED_BREP_SHAPE_REPRESENTATION('',(#11,#4718),#4868);
#4718 = MANIFOLD_SOLID_BREP('',#4719);
#4719 = CLOSED_SHELL('',(#4720,#4760,#4800,#4822,#4844,#4856));
#4720 = ADVANCED_FACE('',(#4721),#4755,.F.);
#4721 = FACE_BOUND('',#4722,.F.);
#4722 = EDGE_LOOP('',(#4723,#4733,#4741,#4749));
#4723 = ORIENTED_EDGE('',*,*,#4724,.F.);
#4724 = EDGE_CURVE('',#4725,#4727,#4729,.T.);
#4725 = VERTEX_POINT('',#4726);
#4726 = CARTESIAN_POINT('',(2.55E+03,2.8E+03,1.725E+03));
#4727 = VERTEX_POINT('',#4728);
#4728 = CARTESIAN_POINT('',(2.55E+03,2.8E+03,1.875E+03));
#4729 = LINE('',#4730,#4731);
#4730 = CARTESIAN_POINT('',(2.55E+03,2.8E+03,1.725E+03));
#4731 = VECTOR('',#4732,1.);
#4732 = DIRECTION('',(0.,0.,1.));
#4733 = ORIENTED_EDGE('',*,*,#4734,.T.);
#4734 = EDGE_CURVE('',#4725,#4735,#4737,.T.);
#4735 = VERTEX_POINT('',#4736);
#4736 = CARTESIAN_POINT('',(2.55E+03,2.92E+03,1.725E+03));
#4737 = LINE('',#4738,#4739);
#4738 = CARTESIAN_POINT('',(2.55E+03,2.8E+03,1.725E+03));
#4739 = VECTOR('',#4740,1.);
#4740 = DIRECTION('',(-0.,1.,0.));
#4741 = ORIENTED_EDGE('',*,*,#4742,.T.);
#4742 = EDGE_CURVE('',#4735,#4743,#4745,.T.);
#4743 = VERTEX_POINT('',#4744);
#4744 = CARTESIAN_POINT('',(2.55E+03,2.92E+03,1.875E+03));
#4745 = LINE('',#4746,#4747);
#4746 = CARTESIAN_POINT('',(2.55E+03,2.92E+03,1.725E+03));
#4747 = VECTOR('',#4748,1.);
#4748 = DIRECTION('',(0.,0.,1.));
#4749 = ORIENTED_EDGE('',*,*,#4750,.F.);
#4750 = EDGE_CURVE('',#4727,#4743,#4751,.T.);
#4751 = LINE('',#4752,#4753);
#4752 = CARTESIAN_POINT('',(2.55E+03,2.8E+03,1.875E+03));
#4753 = VECTOR('',#4754,1.);
#4754 = DIRECTION('',(-0.,1.,0.));
#4755 = PLANE('',#4756);
#4756 = AXIS2_PLACEMENT_3D('',#4757,#4758,#4759);
#4757 = CARTESIAN_POINT('',(2.55E+03,2.8E+03,1.725E+03));
#4758 = DIRECTION('',(1.,0.,-0.));
#4759 = DIRECTION('',(0.,0.,1.));
#4760 = ADVANCED_FACE('',(#4761),#4795,.T.);
#4761 = FACE_BOUND('',#4762,.T.);
#4762 = EDGE_LOOP('',(#4763,#4773,#4781,#4789));
#4763 = ORIENTED_EDGE('',*,*,#4764,.F.);
#4764 = EDGE_CURVE('',#4765,#4767,#4769,.T.);
#4765 = VERTEX_POINT('',#4766);
#4766 = CARTESIAN_POINT('',(2.73E+03,2.8E+03,1.725E+03));
#4767 = VERTEX_POINT('',#4768);
#4768 = CARTESIAN_POINT('',(2.73E+03,2.8E+03,1.875E+03));
#4769 = LINE('',#4770,#4771);
#4770 = CARTESIAN_POINT('',(2.73E+03,2.8E+03,1.725E+03));
#4771 = VECTOR('',#4772,1.);
#4772 = DIRECTION('',(0.,0.,1.));
#4773 = ORIENTED_EDGE('',*,*,#4774,.T.);
#4774 = EDGE_CURVE('',#4765,#4775,#4777,.T.);
#4775 = VERTEX_POINT('',#4776);
#4776 = CARTESIAN_POINT('',(2.73E+03,2.92E+03,1.725E+03));
#4777 = LINE('',#4778,#4779);
#4778 = CARTESIAN_POINT('',(2.73E+03,2.8E+03,1.725E+03));
#4779 = VECTOR('',#4780,1.);
#4780 = DIRECTION('',(-0.,1.,0.));
#4781 = ORIENTED_EDGE('',*,*,#4782,.T.);
#4782 = EDGE_CURVE('',#4775,#4783,#4785,.T.);
#4783 = VERTEX_POINT('',#4784);
#4784 = CARTESIAN_POINT('',(2.73E+03,2.92E+03,1.875E+03));
#4785 = LINE('',#4786,#4787);
#4786 = CARTESIAN_POINT('',(2.73E+03,2.92E+03,1.725E+03));
#4787 = VECTOR('',#4788,1.);
#4788 = DIRECTION('',(0.,0.,1.));
#4789 = ORIENTED_EDGE('',*,*,#4790,.F.);
#4790 = EDGE_CURVE('',#4767,#4783,#4791,.T.);
#4791 = LINE('',#4792,#4793);
#4792 = CARTESIAN_POINT('',(2.73E+03,2.8E+03,1.875E+03));
#4793 = VECTOR('',#4794,1.);
#4794 = DIRECTION('',(-0.,1.,0.));
#4795 = PLANE('',#4796);
#4796 = AXIS2_PLACEMENT_3D('',#4797,#4798,#4799);
#4797 = CARTESIAN_POINT('',(2.73E+03,2.8E+03,1.725E+03));
#4798 = DIRECTION('',(1.,0.,-0.));
#4799 = DIRECTION('',(0.,0.,1.));
#4800 = ADVANCED_FACE('',(#4801),#4817,.F.);
#4801 = FACE_BOUND('',#4802,.F.);
#4802 = EDGE_LOOP('',(#4803,#4809,#4810,#4816));
#4803 = ORIENTED_EDGE('',*,*,#4804,.F.);
#4804 = EDGE_CURVE('',#4725,#4765,#4805,.T.);
#4805 = LINE('',#4806,#4807);
#4806 = CARTESIAN_POINT('',(2.55E+03,2.8E+03,1.725E+03));
#4807 = VECTOR('',#4808,1.);
#4808 = DIRECTION('',(1.,0.,-0.));
#4809 = ORIENTED_EDGE('',*,*,#4724,.T.);
#4810 = ORIENTED_EDGE('',*,*,#4811,.T.);
#4811 = EDGE_CURVE('',#4727,#4767,#4812,.T.);
#4812 = LINE('',#4813,#4814);
#4813 = CARTESIAN_POINT('',(2.55E+03,2.8E+03,1.875E+03));
#4814 = VECTOR('',#4815,1.);
#4815 = DIRECTION('',(1.,0.,-0.));
#4816 = ORIENTED_EDGE('',*,*,#4764,.F.);
#4817 = PLANE('',#4818);
#4818 = AXIS2_PLACEMENT_3D('',#4819,#4820,#4821);
#4819 = CARTESIAN_POINT('',(2.55E+03,2.8E+03,1.725E+03));
#4820 = DIRECTION('',(-0.,1.,0.));
#4821 = DIRECTION('',(0.,0.,1.));
#4822 = ADVANCED_FACE('',(#4823),#4839,.T.);
#4823 = FACE_BOUND('',#4824,.T.);
#4824 = EDGE_LOOP('',(#4825,#4831,#4832,#4838));
#4825 = ORIENTED_EDGE('',*,*,#4826,.F.);
#4826 = EDGE_CURVE('',#4735,#4775,#4827,.T.);
#4827 = LINE('',#4828,#4829);
#4828 = CARTESIAN_POINT('',(2.55E+03,2.92E+03,1.725E+03));
#4829 = VECTOR('',#4830,1.);
#4830 = DIRECTION('',(1.,0.,-0.));
#4831 = ORIENTED_EDGE('',*,*,#4742,.T.);
#4832 = ORIENTED_EDGE('',*,*,#4833,.T.);
#4833 = EDGE_CURVE('',#4743,#4783,#4834,.T.);
#4834 = LINE('',#4835,#4836);
#4835 = CARTESIAN_POINT('',(2.55E+03,2.92E+03,1.875E+03));
#4836 = VECTOR('',#4837,1.);
#4837 = DIRECTION('',(1.,0.,-0.));
#4838 = ORIENTED_EDGE('',*,*,#4782,.F.);
#4839 = PLANE('',#4840);
#4840 = AXIS2_PLACEMENT_3D('',#4841,#4842,#4843);
#4841 = CARTESIAN_POINT('',(2.55E+03,2.92E+03,1.725E+03));
#4842 = DIRECTION('',(-0.,1.,0.));
#4843 = DIRECTION('',(0.,0.,1.));
#4844 = ADVANCED_FACE('',(#4845),#4851,.F.);
#4845 = FACE_BOUND('',#4846,.F.);
#4846 = EDGE_LOOP('',(#4847,#4848,#4849,#4850));
#4847 = ORIENTED_EDGE('',*,*,#4734,.F.);
#4848 = ORIENTED_EDGE('',*,*,#4804,.T.);
#4849 = ORIENTED_EDGE('',*,*,#4774,.T.);
#4850 = ORIENTED_EDGE('',*,*,#4826,.F.);
#4851 = PLANE('',#4852);
#4852 = AXIS2_PLACEMENT_3D('',#4853,#4854,#4855);
#4853 = CARTESIAN_POINT('',(2.55E+03,2.8E+03,1.725E+03));
#4854 = DIRECTION('',(0.,0.,1.));
#4855 = DIRECTION('',(1.,0.,-0.));
#4856 = ADVANCED_FACE('',(#4857),#4863,.T.);
#4857 = FACE_BOUND('',#4858,.T.);
#4858 = EDGE_LOOP('',(#4859,#4860,#4861,#4862));
#4859 = ORIENTED_EDGE('',*,*,#4750,.F.);
#4860 = ORIENTED_EDGE('',*,*,#4811,.T.);
#4861 = ORIENTED_EDGE('',*,*,#4790,.T.);
#4862 = ORIENTED_EDGE('',*,*,#4833,.F.);
#4863 = PLANE('',#4864);
#4864 = AXIS2_PLACEMENT_3D('',#4865,#4866,#4867);
#4865 = CARTESIAN_POINT('',(2.55E+03,2.8E+03,1.875E+03));
#4866 = DIRECTION('',(0.,0.,1.));
#4867 = DIRECTION('',(1.,0.,-0.));
#4868 = ( GEOMETRIC_REPRESENTATION_CONTEXT(3) 
GLOBAL_UNCERTAINTY_ASSIGNED_CONTEXT((#4872)) 
GLOBAL_UNIT_ASSIGNED_CONTEXT((#4869,#4870,#4871)) REPRESENTATION_CONTEXT
('Context #1','3D Context with UNIT and UNCERTAINTY') );
#4869 = ( LENGTH_UNIT() NAMED_UNIT(*) SI_UNIT(.MILLI.,.METRE.) );
#4870 = ( NAMED_UNIT(*) PLANE_ANGLE_UNIT() SI_UNIT($,.RADIAN.) );
#4871 = ( NAMED_UNIT(*) SI_UNIT($,.STERADIAN.) SOLID_ANGLE_UNIT() );
#4872 = UNCERTAINTY_MEASURE_WITH_UNIT(LENGTH_MEASURE(1.E-07),#4869,
  'distance_accuracy_value','confusion accuracy');
#4873 = CONTEXT_DEPENDENT_SHAPE_REPRESENTATION(#4874,#4876);
#4874 = ( REPRESENTATION_RELATIONSHIP('','',#4717,#10) 
REPRESENTATION_RELATIONSHIP_WITH_TRANSFORMATION(#4875) 
SHAPE_REPRESENTATION_RELATIONSHIP() );
#4875 = ITEM_DEFINED_TRANSFORMATION('','',#11,#147);
#4876 = PRODUCT_DEFINITION_SHAPE('Placement','Placement of an item',
  #4877);
#4877 = NEXT_ASSEMBLY_USAGE_OCCURRENCE('34','Valve_Isolation_Supply_01',
  '',#5,#4712,$);
#4878 = PRODUCT_RELATED_PRODUCT_CATEGORY('part',$,(#4714));
#4879 = SHAPE_DEFINITION_REPRESENTATION(#4880,#4886);
#4880 = PRODUCT_DEFINITION_SHAPE('','',#4881);
#4881 = PRODUCT_DEFINITION('design','',#4882,#4885);
#4882 = PRODUCT_DEFINITION_FORMATION('','',#4883);
#4883 = PRODUCT('Valve_Isolation_Return_01','Valve_Isolation_Return_01',
  '',(#4884));
#4884 = PRODUCT_CONTEXT('',#2,'mechanical');
#4885 = PRODUCT_DEFINITION_CONTEXT('part definition',#2,'design');
#4886 = ADVANCED_BREP_SHAPE_REPRESENTATION('',(#11,#4887),#5037);
#4887 = MANIFOLD_SOLID_BREP('',#4888);
#4888 = CLOSED_SHELL('',(#4889,#4929,#4969,#4991,#5013,#5025));
#4889 = ADVANCED_FACE('',(#4890),#4924,.F.);
#4890 = FACE_BOUND('',#4891,.F.);
#4891 = EDGE_LOOP('',(#4892,#4902,#4910,#4918));
#4892 = ORIENTED_EDGE('',*,*,#4893,.F.);
#4893 = EDGE_CURVE('',#4894,#4896,#4898,.T.);
#4894 = VERTEX_POINT('',#4895);
#4895 = CARTESIAN_POINT('',(3.02E+03,3.E+03,1.545E+03));
#4896 = VERTEX_POINT('',#4897);
#4897 = CARTESIAN_POINT('',(3.02E+03,3.E+03,1.695E+03));
#4898 = LINE('',#4899,#4900);
#4899 = CARTESIAN_POINT('',(3.02E+03,3.E+03,1.545E+03));
#4900 = VECTOR('',#4901,1.);
#4901 = DIRECTION('',(0.,0.,1.));
#4902 = ORIENTED_EDGE('',*,*,#4903,.T.);
#4903 = EDGE_CURVE('',#4894,#4904,#4906,.T.);
#4904 = VERTEX_POINT('',#4905);
#4905 = CARTESIAN_POINT('',(3.02E+03,3.12E+03,1.545E+03));
#4906 = LINE('',#4907,#4908);
#4907 = CARTESIAN_POINT('',(3.02E+03,3.E+03,1.545E+03));
#4908 = VECTOR('',#4909,1.);
#4909 = DIRECTION('',(-0.,1.,0.));
#4910 = ORIENTED_EDGE('',*,*,#4911,.T.);
#4911 = EDGE_CURVE('',#4904,#4912,#4914,.T.);
#4912 = VERTEX_POINT('',#4913);
#4913 = CARTESIAN_POINT('',(3.02E+03,3.12E+03,1.695E+03));
#4914 = LINE('',#4915,#4916);
#4915 = CARTESIAN_POINT('',(3.02E+03,3.12E+03,1.545E+03));
#4916 = VECTOR('',#4917,1.);
#4917 = DIRECTION('',(0.,0.,1.));
#4918 = ORIENTED_EDGE('',*,*,#4919,.F.);
#4919 = EDGE_CURVE('',#4896,#4912,#4920,.T.);
#4920 = LINE('',#4921,#4922);
#4921 = CARTESIAN_POINT('',(3.02E+03,3.E+03,1.695E+03));
#4922 = VECTOR('',#4923,1.);
#4923 = DIRECTION('',(-0.,1.,0.));
#4924 = PLANE('',#4925);
#4925 = AXIS2_PLACEMENT_3D('',#4926,#4927,#4928);
#4926 = CARTESIAN_POINT('',(3.02E+03,3.E+03,1.545E+03));
#4927 = DIRECTION('',(1.,0.,-0.));
#4928 = DIRECTION('',(0.,0.,1.));
#4929 = ADVANCED_FACE('',(#4930),#4964,.T.);
#4930 = FACE_BOUND('',#4931,.T.);
#4931 = EDGE_LOOP('',(#4932,#4942,#4950,#4958));
#4932 = ORIENTED_EDGE('',*,*,#4933,.F.);
#4933 = EDGE_CURVE('',#4934,#4936,#4938,.T.);
#4934 = VERTEX_POINT('',#4935);
#4935 = CARTESIAN_POINT('',(3.2E+03,3.E+03,1.545E+03));
#4936 = VERTEX_POINT('',#4937);
#4937 = CARTESIAN_POINT('',(3.2E+03,3.E+03,1.695E+03));
#4938 = LINE('',#4939,#4940);
#4939 = CARTESIAN_POINT('',(3.2E+03,3.E+03,1.545E+03));
#4940 = VECTOR('',#4941,1.);
#4941 = DIRECTION('',(0.,0.,1.));
#4942 = ORIENTED_EDGE('',*,*,#4943,.T.);
#4943 = EDGE_CURVE('',#4934,#4944,#4946,.T.);
#4944 = VERTEX_POINT('',#4945);
#4945 = CARTESIAN_POINT('',(3.2E+03,3.12E+03,1.545E+03));
#4946 = LINE('',#4947,#4948);
#4947 = CARTESIAN_POINT('',(3.2E+03,3.E+03,1.545E+03));
#4948 = VECTOR('',#4949,1.);
#4949 = DIRECTION('',(-0.,1.,0.));
#4950 = ORIENTED_EDGE('',*,*,#4951,.T.);
#4951 = EDGE_CURVE('',#4944,#4952,#4954,.T.);
#4952 = VERTEX_POINT('',#4953);
#4953 = CARTESIAN_POINT('',(3.2E+03,3.12E+03,1.695E+03));
#4954 = LINE('',#4955,#4956);
#4955 = CARTESIAN_POINT('',(3.2E+03,3.12E+03,1.545E+03));
#4956 = VECTOR('',#4957,1.);
#4957 = DIRECTION('',(0.,0.,1.));
#4958 = ORIENTED_EDGE('',*,*,#4959,.F.);
#4959 = EDGE_CURVE('',#4936,#4952,#4960,.T.);
#4960 = LINE('',#4961,#4962);
#4961 = CARTESIAN_POINT('',(3.2E+03,3.E+03,1.695E+03));
#4962 = VECTOR('',#4963,1.);
#4963 = DIRECTION('',(-0.,1.,0.));
#4964 = PLANE('',#4965);
#4965 = AXIS2_PLACEMENT_3D('',#4966,#4967,#4968);
#4966 = CARTESIAN_POINT('',(3.2E+03,3.E+03,1.545E+03));
#4967 = DIRECTION('',(1.,0.,-0.));
#4968 = DIRECTION('',(0.,0.,1.));
#4969 = ADVANCED_FACE('',(#4970),#4986,.F.);
#4970 = FACE_BOUND('',#4971,.F.);
#4971 = EDGE_LOOP('',(#4972,#4978,#4979,#4985));
#4972 = ORIENTED_EDGE('',*,*,#4973,.F.);
#4973 = EDGE_CURVE('',#4894,#4934,#4974,.T.);
#4974 = LINE('',#4975,#4976);
#4975 = CARTESIAN_POINT('',(3.02E+03,3.E+03,1.545E+03));
#4976 = VECTOR('',#4977,1.);
#4977 = DIRECTION('',(1.,0.,-0.));
#4978 = ORIENTED_EDGE('',*,*,#4893,.T.);
#4979 = ORIENTED_EDGE('',*,*,#4980,.T.);
#4980 = EDGE_CURVE('',#4896,#4936,#4981,.T.);
#4981 = LINE('',#4982,#4983);
#4982 = CARTESIAN_POINT('',(3.02E+03,3.E+03,1.695E+03));
#4983 = VECTOR('',#4984,1.);
#4984 = DIRECTION('',(1.,0.,-0.));
#4985 = ORIENTED_EDGE('',*,*,#4933,.F.);
#4986 = PLANE('',#4987);
#4987 = AXIS2_PLACEMENT_3D('',#4988,#4989,#4990);
#4988 = CARTESIAN_POINT('',(3.02E+03,3.E+03,1.545E+03));
#4989 = DIRECTION('',(-0.,1.,0.));
#4990 = DIRECTION('',(0.,0.,1.));
#4991 = ADVANCED_FACE('',(#4992),#5008,.T.);
#4992 = FACE_BOUND('',#4993,.T.);
#4993 = EDGE_LOOP('',(#4994,#5000,#5001,#5007));
#4994 = ORIENTED_EDGE('',*,*,#4995,.F.);
#4995 = EDGE_CURVE('',#4904,#4944,#4996,.T.);
#4996 = LINE('',#4997,#4998);
#4997 = CARTESIAN_POINT('',(3.02E+03,3.12E+03,1.545E+03));
#4998 = VECTOR('',#4999,1.);
#4999 = DIRECTION('',(1.,0.,-0.));
#5000 = ORIENTED_EDGE('',*,*,#4911,.T.);
#5001 = ORIENTED_EDGE('',*,*,#5002,.T.);
#5002 = EDGE_CURVE('',#4912,#4952,#5003,.T.);
#5003 = LINE('',#5004,#5005);
#5004 = CARTESIAN_POINT('',(3.02E+03,3.12E+03,1.695E+03));
#5005 = VECTOR('',#5006,1.);
#5006 = DIRECTION('',(1.,0.,-0.));
#5007 = ORIENTED_EDGE('',*,*,#4951,.F.);
#5008 = PLANE('',#5009);
#5009 = AXIS2_PLACEMENT_3D('',#5010,#5011,#5012);
#5010 = CARTESIAN_POINT('',(3.02E+03,3.12E+03,1.545E+03));
#5011 = DIRECTION('',(-0.,1.,0.));
#5012 = DIRECTION('',(0.,0.,1.));
#5013 = ADVANCED_FACE('',(#5014),#5020,.F.);
#5014 = FACE_BOUND('',#5015,.F.);
#5015 = EDGE_LOOP('',(#5016,#5017,#5018,#5019));
#5016 = ORIENTED_EDGE('',*,*,#4903,.F.);
#5017 = ORIENTED_EDGE('',*,*,#4973,.T.);
#5018 = ORIENTED_EDGE('',*,*,#4943,.T.);
#5019 = ORIENTED_EDGE('',*,*,#4995,.F.);
#5020 = PLANE('',#5021);
#5021 = AXIS2_PLACEMENT_3D('',#5022,#5023,#5024);
#5022 = CARTESIAN_POINT('',(3.02E+03,3.E+03,1.545E+03));
#5023 = DIRECTION('',(0.,0.,1.));
#5024 = DIRECTION('',(1.,0.,-0.));
#5025 = ADVANCED_FACE('',(#5026),#5032,.T.);
#5026 = FACE_BOUND('',#5027,.T.);
#5027 = EDGE_LOOP('',(#5028,#5029,#5030,#5031));
#5028 = ORIENTED_EDGE('',*,*,#4919,.F.);
#5029 = ORIENTED_EDGE('',*,*,#4980,.T.);
#5030 = ORIENTED_EDGE('',*,*,#4959,.T.);
#5031 = ORIENTED_EDGE('',*,*,#5002,.F.);
#5032 = PLANE('',#5033);
#5033 = AXIS2_PLACEMENT_3D('',#5034,#5035,#5036);
#5034 = CARTESIAN_POINT('',(3.02E+03,3.E+03,1.695E+03));
#5035 = DIRECTION('',(0.,0.,1.));
#5036 = DIRECTION('',(1.,0.,-0.));
#5037 = ( GEOMETRIC_REPRESENTATION_CONTEXT(3) 
GLOBAL_UNCERTAINTY_ASSIGNED_CONTEXT((#5041)) 
GLOBAL_UNIT_ASSIGNED_CONTEXT((#5038,#5039,#5040)) REPRESENTATION_CONTEXT
('Context #1','3D Context with UNIT and UNCERTAINTY') );
#5038 = ( LENGTH_UNIT() NAMED_UNIT(*) SI_UNIT(.MILLI.,.METRE.) );
#5039 = ( NAMED_UNIT(*) PLANE_ANGLE_UNIT() SI_UNIT($,.RADIAN.) );
#5040 = ( NAMED_UNIT(*) SI_UNIT($,.STERADIAN.) SOLID_ANGLE_UNIT() );
#5041 = UNCERTAINTY_MEASURE_WITH_UNIT(LENGTH_MEASURE(1.E-07),#5038,
  'distance_accuracy_value','confusion accuracy');
#5042 = CONTEXT_DEPENDENT_SHAPE_REPRESENTATION(#5043,#5045);
#5043 = ( REPRESENTATION_RELATIONSHIP('','',#4886,#10) 
REPRESENTATION_RELATIONSHIP_WITH_TRANSFORMATION(#5044) 
SHAPE_REPRESENTATION_RELATIONSHIP() );
#5044 = ITEM_DEFINED_TRANSFORMATION('','',#11,#151);
#5045 = PRODUCT_DEFINITION_SHAPE('Placement','Placement of an item',
  #5046);
#5046 = NEXT_ASSEMBLY_USAGE_OCCURRENCE('35','Valve_Isolation_Return_01',
  '',#5,#4881,$);
#5047 = PRODUCT_RELATED_PRODUCT_CATEGORY('part',$,(#4883));
#5048 = SHAPE_DEFINITION_REPRESENTATION(#5049,#5055);
#5049 = PRODUCT_DEFINITION_SHAPE('','',#5050);
#5050 = PRODUCT_DEFINITION('design','',#5051,#5054);
#5051 = PRODUCT_DEFINITION_FORMATION('','',#5052);
#5052 = PRODUCT('Flange_Supply_01','Flange_Supply_01','',(#5053));
#5053 = PRODUCT_CONTEXT('',#2,'mechanical');
#5054 = PRODUCT_DEFINITION_CONTEXT('part definition',#2,'design');
#5055 = ADVANCED_BREP_SHAPE_REPRESENTATION('',(#11,#5056),#5084);
#5056 = MANIFOLD_SOLID_BREP('',#5057);
#5057 = CLOSED_SHELL('',(#5058));
#5058 = ADVANCED_FACE('',(#5059),#5079,.T.);
#5059 = FACE_BOUND('',#5060,.T.);
#5060 = EDGE_LOOP('',(#5061,#5070,#5077,#5078));
#5061 = ORIENTED_EDGE('',*,*,#5062,.F.);
#5062 = EDGE_CURVE('',#5063,#5063,#5065,.T.);
#5063 = VERTEX_POINT('',#5064);
#5064 = CARTESIAN_POINT('',(1.265E+03,2.86E+03,1.862E+03));
#5065 = CIRCLE('',#5066,62.);
#5066 = AXIS2_PLACEMENT_3D('',#5067,#5068,#5069);
#5067 = CARTESIAN_POINT('',(1.265E+03,2.86E+03,1.8E+03));
#5068 = DIRECTION('',(1.,0.,0.));
#5069 = DIRECTION('',(-0.,0.,1.));
#5070 = ORIENTED_EDGE('',*,*,#5071,.F.);
#5071 = EDGE_CURVE('',#5063,#5063,#5072,.T.);
#5072 = CIRCLE('',#5073,7.);
#5073 = AXIS2_PLACEMENT_3D('',#5074,#5075,#5076);
#5074 = CARTESIAN_POINT('',(1.265E+03,2.86E+03,1.855E+03));
#5075 = DIRECTION('',(0.,1.,-2.449293598295E-16));
#5076 = DIRECTION('',(0.,2.449293598295E-16,1.));
#5077 = ORIENTED_EDGE('',*,*,#5062,.T.);
#5078 = ORIENTED_EDGE('',*,*,#5071,.T.);
#5079 = TOROIDAL_SURFACE('',#5080,55.,7.);
#5080 = AXIS2_PLACEMENT_3D('',#5081,#5082,#5083);
#5081 = CARTESIAN_POINT('',(1.265E+03,2.86E+03,1.8E+03));
#5082 = DIRECTION('',(1.,0.,0.));
#5083 = DIRECTION('',(-0.,0.,1.));
#5084 = ( GEOMETRIC_REPRESENTATION_CONTEXT(3) 
GLOBAL_UNCERTAINTY_ASSIGNED_CONTEXT((#5088)) 
GLOBAL_UNIT_ASSIGNED_CONTEXT((#5085,#5086,#5087)) REPRESENTATION_CONTEXT
('Context #1','3D Context with UNIT and UNCERTAINTY') );
#5085 = ( LENGTH_UNIT() NAMED_UNIT(*) SI_UNIT(.MILLI.,.METRE.) );
#5086 = ( NAMED_UNIT(*) PLANE_ANGLE_UNIT() SI_UNIT($,.RADIAN.) );
#5087 = ( NAMED_UNIT(*) SI_UNIT($,.STERADIAN.) SOLID_ANGLE_UNIT() );
#5088 = UNCERTAINTY_MEASURE_WITH_UNIT(LENGTH_MEASURE(1.E-07),#5085,
  'distance_accuracy_value','confusion accuracy');
#5089 = CONTEXT_DEPENDENT_SHAPE_REPRESENTATION(#5090,#5092);
#5090 = ( REPRESENTATION_RELATIONSHIP('','',#5055,#10) 
REPRESENTATION_RELATIONSHIP_WITH_TRANSFORMATION(#5091) 
SHAPE_REPRESENTATION_RELATIONSHIP() );
#5091 = ITEM_DEFINED_TRANSFORMATION('','',#11,#155);
#5092 = PRODUCT_DEFINITION_SHAPE('Placement','Placement of an item',
  #5093);
#5093 = NEXT_ASSEMBLY_USAGE_OCCURRENCE('36','Flange_Supply_01','',#5,
  #5050,$);
#5094 = PRODUCT_RELATED_PRODUCT_CATEGORY('part',$,(#5052));
#5095 = SHAPE_DEFINITION_REPRESENTATION(#5096,#5102);
#5096 = PRODUCT_DEFINITION_SHAPE('','',#5097);
#5097 = PRODUCT_DEFINITION('design','',#5098,#5101);
#5098 = PRODUCT_DEFINITION_FORMATION('','',#5099);
#5099 = PRODUCT('Flange_Return_01','Flange_Return_01','',(#5100));
#5100 = PRODUCT_CONTEXT('',#2,'mechanical');
#5101 = PRODUCT_DEFINITION_CONTEXT('part definition',#2,'design');
#5102 = ADVANCED_BREP_SHAPE_REPRESENTATION('',(#11,#5103),#5131);
#5103 = MANIFOLD_SOLID_BREP('',#5104);
#5104 = CLOSED_SHELL('',(#5105));
#5105 = ADVANCED_FACE('',(#5106),#5126,.T.);
#5106 = FACE_BOUND('',#5107,.T.);
#5107 = EDGE_LOOP('',(#5108,#5117,#5124,#5125));
#5108 = ORIENTED_EDGE('',*,*,#5109,.F.);
#5109 = EDGE_CURVE('',#5110,#5110,#5112,.T.);
#5110 = VERTEX_POINT('',#5111);
#5111 = CARTESIAN_POINT('',(1.515E+03,3.06E+03,1.682E+03));
#5112 = CIRCLE('',#5113,62.);
#5113 = AXIS2_PLACEMENT_3D('',#5114,#5115,#5116);
#5114 = CARTESIAN_POINT('',(1.515E+03,3.06E+03,1.62E+03));
#5115 = DIRECTION('',(1.,0.,0.));
#5116 = DIRECTION('',(-0.,0.,1.));
#5117 = ORIENTED_EDGE('',*,*,#5118,.F.);
#5118 = EDGE_CURVE('',#5110,#5110,#5119,.T.);
#5119 = CIRCLE('',#5120,7.);
#5120 = AXIS2_PLACEMENT_3D('',#5121,#5122,#5123);
#5121 = CARTESIAN_POINT('',(1.515E+03,3.06E+03,1.675E+03));
#5122 = DIRECTION('',(0.,1.,-2.449293598295E-16));
#5123 = DIRECTION('',(0.,2.449293598295E-16,1.));
#5124 = ORIENTED_EDGE('',*,*,#5109,.T.);
#5125 = ORIENTED_EDGE('',*,*,#5118,.T.);
#5126 = TOROIDAL_SURFACE('',#5127,55.,7.);
#5127 = AXIS2_PLACEMENT_3D('',#5128,#5129,#5130);
#5128 = CARTESIAN_POINT('',(1.515E+03,3.06E+03,1.62E+03));
#5129 = DIRECTION('',(1.,0.,0.));
#5130 = DIRECTION('',(-0.,0.,1.));
#5131 = ( GEOMETRIC_REPRESENTATION_CONTEXT(3) 
GLOBAL_UNCERTAINTY_ASSIGNED_CONTEXT((#5135)) 
GLOBAL_UNIT_ASSIGNED_CONTEXT((#5132,#5133,#5134)) REPRESENTATION_CONTEXT
('Context #1','3D Context with UNIT and UNCERTAINTY') );
#5132 = ( LENGTH_UNIT() NAMED_UNIT(*) SI_UNIT(.MILLI.,.METRE.) );
#5133 = ( NAMED_UNIT(*) PLANE_ANGLE_UNIT() SI_UNIT($,.RADIAN.) );
#5134 = ( NAMED_UNIT(*) SI_UNIT($,.STERADIAN.) SOLID_ANGLE_UNIT() );
#5135 = UNCERTAINTY_MEASURE_WITH_UNIT(LENGTH_MEASURE(1.E-07),#5132,
  'distance_accuracy_value','confusion accuracy');
#5136 = CONTEXT_DEPENDENT_SHAPE_REPRESENTATION(#5137,#5139);
#5137 = ( REPRESENTATION_RELATIONSHIP('','',#5102,#10) 
REPRESENTATION_RELATIONSHIP_WITH_TRANSFORMATION(#5138) 
SHAPE_REPRESENTATION_RELATIONSHIP() );
#5138 = ITEM_DEFINED_TRANSFORMATION('','',#11,#159);
#5139 = PRODUCT_DEFINITION_SHAPE('Placement','Placement of an item',
  #5140);
#5140 = NEXT_ASSEMBLY_USAGE_OCCURRENCE('37','Flange_Return_01','',#5,
  #5097,$);
#5141 = PRODUCT_RELATED_PRODUCT_CATEGORY('part',$,(#5099));
#5142 = SHAPE_DEFINITION_REPRESENTATION(#5143,#5149);
#5143 = PRODUCT_DEFINITION_SHAPE('','',#5144);
#5144 = PRODUCT_DEFINITION('design','',#5145,#5148);
#5145 = PRODUCT_DEFINITION_FORMATION('','',#5146);
#5146 = PRODUCT('Gauge_Pressure_01','Gauge_Pressure_01','',(#5147));
#5147 = PRODUCT_CONTEXT('',#2,'mechanical');
#5148 = PRODUCT_DEFINITION_CONTEXT('part definition',#2,'design');
#5149 = ADVANCED_BREP_SHAPE_REPRESENTATION('',(#11,#5150),#5203);
#5150 = MANIFOLD_SOLID_BREP('',#5151);
#5151 = CLOSED_SHELL('',(#5152,#5185,#5194));
#5152 = ADVANCED_FACE('',(#5153),#5180,.T.);
#5153 = FACE_BOUND('',#5154,.T.);
#5154 = EDGE_LOOP('',(#5155,#5164,#5172,#5179));
#5155 = ORIENTED_EDGE('',*,*,#5156,.F.);
#5156 = EDGE_CURVE('',#5157,#5157,#5159,.T.);
#5157 = VERTEX_POINT('',#5158);
#5158 = CARTESIAN_POINT('',(2.874E+03,2.86E+03,1.93E+03));
#5159 = CIRCLE('',#5160,34.);
#5160 = AXIS2_PLACEMENT_3D('',#5161,#5162,#5163);
#5161 = CARTESIAN_POINT('',(2.84E+03,2.86E+03,1.93E+03));
#5162 = DIRECTION('',(0.,0.,1.));
#5163 = DIRECTION('',(1.,0.,-0.));
#5164 = ORIENTED_EDGE('',*,*,#5165,.F.);
#5165 = EDGE_CURVE('',#5166,#5157,#5168,.T.);
#5166 = VERTEX_POINT('',#5167);
#5167 = CARTESIAN_POINT('',(2.874E+03,2.86E+03,1.85E+03));
#5168 = LINE('',#5169,#5170);
#5169 = CARTESIAN_POINT('',(2.874E+03,2.86E+03,1.85E+03));
#5170 = VECTOR('',#5171,1.);
#5171 = DIRECTION('',(0.,0.,1.));
#5172 = ORIENTED_EDGE('',*,*,#5173,.T.);
#5173 = EDGE_CURVE('',#5166,#5166,#5174,.T.);
#5174 = CIRCLE('',#5175,34.);
#5175 = AXIS2_PLACEMENT_3D('',#5176,#5177,#5178);
#5176 = CARTESIAN_POINT('',(2.84E+03,2.86E+03,1.85E+03));
#5177 = DIRECTION('',(0.,0.,1.));
#5178 = DIRECTION('',(1.,0.,-0.));
#5179 = ORIENTED_EDGE('',*,*,#5165,.T.);
#5180 = CYLINDRICAL_SURFACE('',#5181,34.);
#5181 = AXIS2_PLACEMENT_3D('',#5182,#5183,#5184);
#5182 = CARTESIAN_POINT('',(2.84E+03,2.86E+03,1.85E+03));
#5183 = DIRECTION('',(0.,0.,1.));
#5184 = DIRECTION('',(1.,0.,-0.));
#5185 = ADVANCED_FACE('',(#5186),#5189,.T.);
#5186 = FACE_BOUND('',#5187,.T.);
#5187 = EDGE_LOOP('',(#5188));
#5188 = ORIENTED_EDGE('',*,*,#5156,.T.);
#5189 = PLANE('',#5190);
#5190 = AXIS2_PLACEMENT_3D('',#5191,#5192,#5193);
#5191 = CARTESIAN_POINT('',(2.84E+03,2.86E+03,1.93E+03));
#5192 = DIRECTION('',(0.,0.,1.));
#5193 = DIRECTION('',(1.,0.,-0.));
#5194 = ADVANCED_FACE('',(#5195),#5198,.F.);
#5195 = FACE_BOUND('',#5196,.T.);
#5196 = EDGE_LOOP('',(#5197));
#5197 = ORIENTED_EDGE('',*,*,#5173,.F.);
#5198 = PLANE('',#5199);
#5199 = AXIS2_PLACEMENT_3D('',#5200,#5201,#5202);
#5200 = CARTESIAN_POINT('',(2.84E+03,2.86E+03,1.85E+03));
#5201 = DIRECTION('',(0.,0.,1.));
#5202 = DIRECTION('',(1.,0.,-0.));
#5203 = ( GEOMETRIC_REPRESENTATION_CONTEXT(3) 
GLOBAL_UNCERTAINTY_ASSIGNED_CONTEXT((#5207)) 
GLOBAL_UNIT_ASSIGNED_CONTEXT((#5204,#5205,#5206)) REPRESENTATION_CONTEXT
('Context #1','3D Context with UNIT and UNCERTAINTY') );
#5204 = ( LENGTH_UNIT() NAMED_UNIT(*) SI_UNIT(.MILLI.,.METRE.) );
#5205 = ( NAMED_UNIT(*) PLANE_ANGLE_UNIT() SI_UNIT($,.RADIAN.) );
#5206 = ( NAMED_UNIT(*) SI_UNIT($,.STERADIAN.) SOLID_ANGLE_UNIT() );
#5207 = UNCERTAINTY_MEASURE_WITH_UNIT(LENGTH_MEASURE(1.E-07),#5204,
  'distance_accuracy_value','confusion accuracy');
#5208 = CONTEXT_DEPENDENT_SHAPE_REPRESENTATION(#5209,#5211);
#5209 = ( REPRESENTATION_RELATIONSHIP('','',#5149,#10) 
REPRESENTATION_RELATIONSHIP_WITH_TRANSFORMATION(#5210) 
SHAPE_REPRESENTATION_RELATIONSHIP() );
#5210 = ITEM_DEFINED_TRANSFORMATION('','',#11,#163);
#5211 = PRODUCT_DEFINITION_SHAPE('Placement','Placement of an item',
  #5212);
#5212 = NEXT_ASSEMBLY_USAGE_OCCURRENCE('38','Gauge_Pressure_01','',#5,
  #5144,$);
#5213 = PRODUCT_RELATED_PRODUCT_CATEGORY('part',$,(#5146));
#5214 = SHAPE_DEFINITION_REPRESENTATION(#5215,#5221);
#5215 = PRODUCT_DEFINITION_SHAPE('','',#5216);
#5216 = PRODUCT_DEFINITION('design','',#5217,#5220);
#5217 = PRODUCT_DEFINITION_FORMATION('','',#5218);
#5218 = PRODUCT('Duct_Main_01','Duct_Main_01','',(#5219));
#5219 = PRODUCT_CONTEXT('',#2,'mechanical');
#5220 = PRODUCT_DEFINITION_CONTEXT('part definition',#2,'design');
#5221 = ADVANCED_BREP_SHAPE_REPRESENTATION('',(#11,#5222),#5372);
#5222 = MANIFOLD_SOLID_BREP('',#5223);
#5223 = CLOSED_SHELL('',(#5224,#5264,#5304,#5326,#5348,#5360));
#5224 = ADVANCED_FACE('',(#5225),#5259,.F.);
#5225 = FACE_BOUND('',#5226,.F.);
#5226 = EDGE_LOOP('',(#5227,#5237,#5245,#5253));
#5227 = ORIENTED_EDGE('',*,*,#5228,.F.);
#5228 = EDGE_CURVE('',#5229,#5231,#5233,.T.);
#5229 = VERTEX_POINT('',#5230);
#5230 = CARTESIAN_POINT('',(900.,3.3E+03,2.45E+03));
#5231 = VERTEX_POINT('',#5232);
#5232 = CARTESIAN_POINT('',(900.,3.3E+03,2.67E+03));
#5233 = LINE('',#5234,#5235);
#5234 = CARTESIAN_POINT('',(900.,3.3E+03,2.45E+03));
#5235 = VECTOR('',#5236,1.);
#5236 = DIRECTION('',(0.,0.,1.));
#5237 = ORIENTED_EDGE('',*,*,#5238,.T.);
#5238 = EDGE_CURVE('',#5229,#5239,#5241,.T.);
#5239 = VERTEX_POINT('',#5240);
#5240 = CARTESIAN_POINT('',(900.,3.72E+03,2.45E+03));
#5241 = LINE('',#5242,#5243);
#5242 = CARTESIAN_POINT('',(900.,3.3E+03,2.45E+03));
#5243 = VECTOR('',#5244,1.);
#5244 = DIRECTION('',(-0.,1.,0.));
#5245 = ORIENTED_EDGE('',*,*,#5246,.T.);
#5246 = EDGE_CURVE('',#5239,#5247,#5249,.T.);
#5247 = VERTEX_POINT('',#5248);
#5248 = CARTESIAN_POINT('',(900.,3.72E+03,2.67E+03));
#5249 = LINE('',#5250,#5251);
#5250 = CARTESIAN_POINT('',(900.,3.72E+03,2.45E+03));
#5251 = VECTOR('',#5252,1.);
#5252 = DIRECTION('',(0.,0.,1.));
#5253 = ORIENTED_EDGE('',*,*,#5254,.F.);
#5254 = EDGE_CURVE('',#5231,#5247,#5255,.T.);
#5255 = LINE('',#5256,#5257);
#5256 = CARTESIAN_POINT('',(900.,3.3E+03,2.67E+03));
#5257 = VECTOR('',#5258,1.);
#5258 = DIRECTION('',(-0.,1.,0.));
#5259 = PLANE('',#5260);
#5260 = AXIS2_PLACEMENT_3D('',#5261,#5262,#5263);
#5261 = CARTESIAN_POINT('',(900.,3.3E+03,2.45E+03));
#5262 = DIRECTION('',(1.,0.,-0.));
#5263 = DIRECTION('',(0.,0.,1.));
#5264 = ADVANCED_FACE('',(#5265),#5299,.T.);
#5265 = FACE_BOUND('',#5266,.T.);
#5266 = EDGE_LOOP('',(#5267,#5277,#5285,#5293));
#5267 = ORIENTED_EDGE('',*,*,#5268,.F.);
#5268 = EDGE_CURVE('',#5269,#5271,#5273,.T.);
#5269 = VERTEX_POINT('',#5270);
#5270 = CARTESIAN_POINT('',(4.5E+03,3.3E+03,2.45E+03));
#5271 = VERTEX_POINT('',#5272);
#5272 = CARTESIAN_POINT('',(4.5E+03,3.3E+03,2.67E+03));
#5273 = LINE('',#5274,#5275);
#5274 = CARTESIAN_POINT('',(4.5E+03,3.3E+03,2.45E+03));
#5275 = VECTOR('',#5276,1.);
#5276 = DIRECTION('',(0.,0.,1.));
#5277 = ORIENTED_EDGE('',*,*,#5278,.T.);
#5278 = EDGE_CURVE('',#5269,#5279,#5281,.T.);
#5279 = VERTEX_POINT('',#5280);
#5280 = CARTESIAN_POINT('',(4.5E+03,3.72E+03,2.45E+03));
#5281 = LINE('',#5282,#5283);
#5282 = CARTESIAN_POINT('',(4.5E+03,3.3E+03,2.45E+03));
#5283 = VECTOR('',#5284,1.);
#5284 = DIRECTION('',(-0.,1.,0.));
#5285 = ORIENTED_EDGE('',*,*,#5286,.T.);
#5286 = EDGE_CURVE('',#5279,#5287,#5289,.T.);
#5287 = VERTEX_POINT('',#5288);
#5288 = CARTESIAN_POINT('',(4.5E+03,3.72E+03,2.67E+03));
#5289 = LINE('',#5290,#5291);
#5290 = CARTESIAN_POINT('',(4.5E+03,3.72E+03,2.45E+03));
#5291 = VECTOR('',#5292,1.);
#5292 = DIRECTION('',(0.,0.,1.));
#5293 = ORIENTED_EDGE('',*,*,#5294,.F.);
#5294 = EDGE_CURVE('',#5271,#5287,#5295,.T.);
#5295 = LINE('',#5296,#5297);
#5296 = CARTESIAN_POINT('',(4.5E+03,3.3E+03,2.67E+03));
#5297 = VECTOR('',#5298,1.);
#5298 = DIRECTION('',(-0.,1.,0.));
#5299 = PLANE('',#5300);
#5300 = AXIS2_PLACEMENT_3D('',#5301,#5302,#5303);
#5301 = CARTESIAN_POINT('',(4.5E+03,3.3E+03,2.45E+03));
#5302 = DIRECTION('',(1.,0.,-0.));
#5303 = DIRECTION('',(0.,0.,1.));
#5304 = ADVANCED_FACE('',(#5305),#5321,.F.);
#5305 = FACE_BOUND('',#5306,.F.);
#5306 = EDGE_LOOP('',(#5307,#5313,#5314,#5320));
#5307 = ORIENTED_EDGE('',*,*,#5308,.F.);
#5308 = EDGE_CURVE('',#5229,#5269,#5309,.T.);
#5309 = LINE('',#5310,#5311);
#5310 = CARTESIAN_POINT('',(900.,3.3E+03,2.45E+03));
#5311 = VECTOR('',#5312,1.);
#5312 = DIRECTION('',(1.,0.,-0.));
#5313 = ORIENTED_EDGE('',*,*,#5228,.T.);
#5314 = ORIENTED_EDGE('',*,*,#5315,.T.);
#5315 = EDGE_CURVE('',#5231,#5271,#5316,.T.);
#5316 = LINE('',#5317,#5318);
#5317 = CARTESIAN_POINT('',(900.,3.3E+03,2.67E+03));
#5318 = VECTOR('',#5319,1.);
#5319 = DIRECTION('',(1.,0.,-0.));
#5320 = ORIENTED_EDGE('',*,*,#5268,.F.);
#5321 = PLANE('',#5322);
#5322 = AXIS2_PLACEMENT_3D('',#5323,#5324,#5325);
#5323 = CARTESIAN_POINT('',(900.,3.3E+03,2.45E+03));
#5324 = DIRECTION('',(-0.,1.,0.));
#5325 = DIRECTION('',(0.,0.,1.));
#5326 = ADVANCED_FACE('',(#5327),#5343,.T.);
#5327 = FACE_BOUND('',#5328,.T.);
#5328 = EDGE_LOOP('',(#5329,#5335,#5336,#5342));
#5329 = ORIENTED_EDGE('',*,*,#5330,.F.);
#5330 = EDGE_CURVE('',#5239,#5279,#5331,.T.);
#5331 = LINE('',#5332,#5333);
#5332 = CARTESIAN_POINT('',(900.,3.72E+03,2.45E+03));
#5333 = VECTOR('',#5334,1.);
#5334 = DIRECTION('',(1.,0.,-0.));
#5335 = ORIENTED_EDGE('',*,*,#5246,.T.);
#5336 = ORIENTED_EDGE('',*,*,#5337,.T.);
#5337 = EDGE_CURVE('',#5247,#5287,#5338,.T.);
#5338 = LINE('',#5339,#5340);
#5339 = CARTESIAN_POINT('',(900.,3.72E+03,2.67E+03));
#5340 = VECTOR('',#5341,1.);
#5341 = DIRECTION('',(1.,0.,-0.));
#5342 = ORIENTED_EDGE('',*,*,#5286,.F.);
#5343 = PLANE('',#5344);
#5344 = AXIS2_PLACEMENT_3D('',#5345,#5346,#5347);
#5345 = CARTESIAN_POINT('',(900.,3.72E+03,2.45E+03));
#5346 = DIRECTION('',(-0.,1.,0.));
#5347 = DIRECTION('',(0.,0.,1.));
#5348 = ADVANCED_FACE('',(#5349),#5355,.F.);
#5349 = FACE_BOUND('',#5350,.F.);
#5350 = EDGE_LOOP('',(#5351,#5352,#5353,#5354));
#5351 = ORIENTED_EDGE('',*,*,#5238,.F.);
#5352 = ORIENTED_EDGE('',*,*,#5308,.T.);
#5353 = ORIENTED_EDGE('',*,*,#5278,.T.);
#5354 = ORIENTED_EDGE('',*,*,#5330,.F.);
#5355 = PLANE('',#5356);
#5356 = AXIS2_PLACEMENT_3D('',#5357,#5358,#5359);
#5357 = CARTESIAN_POINT('',(900.,3.3E+03,2.45E+03));
#5358 = DIRECTION('',(0.,0.,1.));
#5359 = DIRECTION('',(1.,0.,-0.));
#5360 = ADVANCED_FACE('',(#5361),#5367,.T.);
#5361 = FACE_BOUND('',#5362,.T.);
#5362 = EDGE_LOOP('',(#5363,#5364,#5365,#5366));
#5363 = ORIENTED_EDGE('',*,*,#5254,.F.);
#5364 = ORIENTED_EDGE('',*,*,#5315,.T.);
#5365 = ORIENTED_EDGE('',*,*,#5294,.T.);
#5366 = ORIENTED_EDGE('',*,*,#5337,.F.);
#5367 = PLANE('',#5368);
#5368 = AXIS2_PLACEMENT_3D('',#5369,#5370,#5371);
#5369 = CARTESIAN_POINT('',(900.,3.3E+03,2.67E+03));
#5370 = DIRECTION('',(0.,0.,1.));
#5371 = DIRECTION('',(1.,0.,-0.));
#5372 = ( GEOMETRIC_REPRESENTATION_CONTEXT(3) 
GLOBAL_UNCERTAINTY_ASSIGNED_CONTEXT((#5376)) 
GLOBAL_UNIT_ASSIGNED_CONTEXT((#5373,#5374,#5375)) REPRESENTATION_CONTEXT
('Context #1','3D Context with UNIT and UNCERTAINTY') );
#5373 = ( LENGTH_UNIT() NAMED_UNIT(*) SI_UNIT(.MILLI.,.METRE.) );
#5374 = ( NAMED_UNIT(*) PLANE_ANGLE_UNIT() SI_UNIT($,.RADIAN.) );
#5375 = ( NAMED_UNIT(*) SI_UNIT($,.STERADIAN.) SOLID_ANGLE_UNIT() );
#5376 = UNCERTAINTY_MEASURE_WITH_UNIT(LENGTH_MEASURE(1.E-07),#5373,
  'distance_accuracy_value','confusion accuracy');
#5377 = CONTEXT_DEPENDENT_SHAPE_REPRESENTATION(#5378,#5380);
#5378 = ( REPRESENTATION_RELATIONSHIP('','',#5221,#10) 
REPRESENTATION_RELATIONSHIP_WITH_TRANSFORMATION(#5379) 
SHAPE_REPRESENTATION_RELATIONSHIP() );
#5379 = ITEM_DEFINED_TRANSFORMATION('','',#11,#167);
#5380 = PRODUCT_DEFINITION_SHAPE('Placement','Placement of an item',
  #5381);
#5381 = NEXT_ASSEMBLY_USAGE_OCCURRENCE('39','Duct_Main_01','',#5,#5216,$
  );
#5382 = PRODUCT_RELATED_PRODUCT_CATEGORY('part',$,(#5218));
#5383 = SHAPE_DEFINITION_REPRESENTATION(#5384,#5390);
#5384 = PRODUCT_DEFINITION_SHAPE('','',#5385);
#5385 = PRODUCT_DEFINITION('design','',#5386,#5389);
#5386 = PRODUCT_DEFINITION_FORMATION('','',#5387);
#5387 = PRODUCT('Duct_Return_Branch_01','Duct_Return_Branch_01','',(
    #5388));
#5388 = PRODUCT_CONTEXT('',#2,'mechanical');
#5389 = PRODUCT_DEFINITION_CONTEXT('part definition',#2,'design');
#5390 = ADVANCED_BREP_SHAPE_REPRESENTATION('',(#11,#5391),#5541);
#5391 = MANIFOLD_SOLID_BREP('',#5392);
#5392 = CLOSED_SHELL('',(#5393,#5433,#5473,#5495,#5517,#5529));
#5393 = ADVANCED_FACE('',(#5394),#5428,.F.);
#5394 = FACE_BOUND('',#5395,.F.);
#5395 = EDGE_LOOP('',(#5396,#5406,#5414,#5422));
#5396 = ORIENTED_EDGE('',*,*,#5397,.F.);
#5397 = EDGE_CURVE('',#5398,#5400,#5402,.T.);
#5398 = VERTEX_POINT('',#5399);
#5399 = CARTESIAN_POINT('',(2.55E+03,2.92E+03,2.36E+03));
#5400 = VERTEX_POINT('',#5401);
#5401 = CARTESIAN_POINT('',(2.55E+03,2.92E+03,2.54E+03));
#5402 = LINE('',#5403,#5404);
#5403 = CARTESIAN_POINT('',(2.55E+03,2.92E+03,2.36E+03));
#5404 = VECTOR('',#5405,1.);
#5405 = DIRECTION('',(0.,0.,1.));
#5406 = ORIENTED_EDGE('',*,*,#5407,.T.);
#5407 = EDGE_CURVE('',#5398,#5408,#5410,.T.);
#5408 = VERTEX_POINT('',#5409);
#5409 = CARTESIAN_POINT('',(2.55E+03,3.28E+03,2.36E+03));
#5410 = LINE('',#5411,#5412);
#5411 = CARTESIAN_POINT('',(2.55E+03,2.92E+03,2.36E+03));
#5412 = VECTOR('',#5413,1.);
#5413 = DIRECTION('',(-0.,1.,0.));
#5414 = ORIENTED_EDGE('',*,*,#5415,.T.);
#5415 = EDGE_CURVE('',#5408,#5416,#5418,.T.);
#5416 = VERTEX_POINT('',#5417);
#5417 = CARTESIAN_POINT('',(2.55E+03,3.28E+03,2.54E+03));
#5418 = LINE('',#5419,#5420);
#5419 = CARTESIAN_POINT('',(2.55E+03,3.28E+03,2.36E+03));
#5420 = VECTOR('',#5421,1.);
#5421 = DIRECTION('',(0.,0.,1.));
#5422 = ORIENTED_EDGE('',*,*,#5423,.F.);
#5423 = EDGE_CURVE('',#5400,#5416,#5424,.T.);
#5424 = LINE('',#5425,#5426);
#5425 = CARTESIAN_POINT('',(2.55E+03,2.92E+03,2.54E+03));
#5426 = VECTOR('',#5427,1.);
#5427 = DIRECTION('',(-0.,1.,0.));
#5428 = PLANE('',#5429);
#5429 = AXIS2_PLACEMENT_3D('',#5430,#5431,#5432);
#5430 = CARTESIAN_POINT('',(2.55E+03,2.92E+03,2.36E+03));
#5431 = DIRECTION('',(1.,0.,-0.));
#5432 = DIRECTION('',(0.,0.,1.));
#5433 = ADVANCED_FACE('',(#5434),#5468,.T.);
#5434 = FACE_BOUND('',#5435,.T.);
#5435 = EDGE_LOOP('',(#5436,#5446,#5454,#5462));
#5436 = ORIENTED_EDGE('',*,*,#5437,.F.);
#5437 = EDGE_CURVE('',#5438,#5440,#5442,.T.);
#5438 = VERTEX_POINT('',#5439);
#5439 = CARTESIAN_POINT('',(3.2E+03,2.92E+03,2.36E+03));
#5440 = VERTEX_POINT('',#5441);
#5441 = CARTESIAN_POINT('',(3.2E+03,2.92E+03,2.54E+03));
#5442 = LINE('',#5443,#5444);
#5443 = CARTESIAN_POINT('',(3.2E+03,2.92E+03,2.36E+03));
#5444 = VECTOR('',#5445,1.);
#5445 = DIRECTION('',(0.,0.,1.));
#5446 = ORIENTED_EDGE('',*,*,#5447,.T.);
#5447 = EDGE_CURVE('',#5438,#5448,#5450,.T.);
#5448 = VERTEX_POINT('',#5449);
#5449 = CARTESIAN_POINT('',(3.2E+03,3.28E+03,2.36E+03));
#5450 = LINE('',#5451,#5452);
#5451 = CARTESIAN_POINT('',(3.2E+03,2.92E+03,2.36E+03));
#5452 = VECTOR('',#5453,1.);
#5453 = DIRECTION('',(-0.,1.,0.));
#5454 = ORIENTED_EDGE('',*,*,#5455,.T.);
#5455 = EDGE_CURVE('',#5448,#5456,#5458,.T.);
#5456 = VERTEX_POINT('',#5457);
#5457 = CARTESIAN_POINT('',(3.2E+03,3.28E+03,2.54E+03));
#5458 = LINE('',#5459,#5460);
#5459 = CARTESIAN_POINT('',(3.2E+03,3.28E+03,2.36E+03));
#5460 = VECTOR('',#5461,1.);
#5461 = DIRECTION('',(0.,0.,1.));
#5462 = ORIENTED_EDGE('',*,*,#5463,.F.);
#5463 = EDGE_CURVE('',#5440,#5456,#5464,.T.);
#5464 = LINE('',#5465,#5466);
#5465 = CARTESIAN_POINT('',(3.2E+03,2.92E+03,2.54E+03));
#5466 = VECTOR('',#5467,1.);
#5467 = DIRECTION('',(-0.,1.,0.));
#5468 = PLANE('',#5469);
#5469 = AXIS2_PLACEMENT_3D('',#5470,#5471,#5472);
#5470 = CARTESIAN_POINT('',(3.2E+03,2.92E+03,2.36E+03));
#5471 = DIRECTION('',(1.,0.,-0.));
#5472 = DIRECTION('',(0.,0.,1.));
#5473 = ADVANCED_FACE('',(#5474),#5490,.F.);
#5474 = FACE_BOUND('',#5475,.F.);
#5475 = EDGE_LOOP('',(#5476,#5482,#5483,#5489));
#5476 = ORIENTED_EDGE('',*,*,#5477,.F.);
#5477 = EDGE_CURVE('',#5398,#5438,#5478,.T.);
#5478 = LINE('',#5479,#5480);
#5479 = CARTESIAN_POINT('',(2.55E+03,2.92E+03,2.36E+03));
#5480 = VECTOR('',#5481,1.);
#5481 = DIRECTION('',(1.,0.,-0.));
#5482 = ORIENTED_EDGE('',*,*,#5397,.T.);
#5483 = ORIENTED_EDGE('',*,*,#5484,.T.);
#5484 = EDGE_CURVE('',#5400,#5440,#5485,.T.);
#5485 = LINE('',#5486,#5487);
#5486 = CARTESIAN_POINT('',(2.55E+03,2.92E+03,2.54E+03));
#5487 = VECTOR('',#5488,1.);
#5488 = DIRECTION('',(1.,0.,-0.));
#5489 = ORIENTED_EDGE('',*,*,#5437,.F.);
#5490 = PLANE('',#5491);
#5491 = AXIS2_PLACEMENT_3D('',#5492,#5493,#5494);
#5492 = CARTESIAN_POINT('',(2.55E+03,2.92E+03,2.36E+03));
#5493 = DIRECTION('',(-0.,1.,0.));
#5494 = DIRECTION('',(0.,0.,1.));
#5495 = ADVANCED_FACE('',(#5496),#5512,.T.);
#5496 = FACE_BOUND('',#5497,.T.);
#5497 = EDGE_LOOP('',(#5498,#5504,#5505,#5511));
#5498 = ORIENTED_EDGE('',*,*,#5499,.F.);
#5499 = EDGE_CURVE('',#5408,#5448,#5500,.T.);
#5500 = LINE('',#5501,#5502);
#5501 = CARTESIAN_POINT('',(2.55E+03,3.28E+03,2.36E+03));
#5502 = VECTOR('',#5503,1.);
#5503 = DIRECTION('',(1.,0.,-0.));
#5504 = ORIENTED_EDGE('',*,*,#5415,.T.);
#5505 = ORIENTED_EDGE('',*,*,#5506,.T.);
#5506 = EDGE_CURVE('',#5416,#5456,#5507,.T.);
#5507 = LINE('',#5508,#5509);
#5508 = CARTESIAN_POINT('',(2.55E+03,3.28E+03,2.54E+03));
#5509 = VECTOR('',#5510,1.);
#5510 = DIRECTION('',(1.,0.,-0.));
#5511 = ORIENTED_EDGE('',*,*,#5455,.F.);
#5512 = PLANE('',#5513);
#5513 = AXIS2_PLACEMENT_3D('',#5514,#5515,#5516);
#5514 = CARTESIAN_POINT('',(2.55E+03,3.28E+03,2.36E+03));
#5515 = DIRECTION('',(-0.,1.,0.));
#5516 = DIRECTION('',(0.,0.,1.));
#5517 = ADVANCED_FACE('',(#5518),#5524,.F.);
#5518 = FACE_BOUND('',#5519,.F.);
#5519 = EDGE_LOOP('',(#5520,#5521,#5522,#5523));
#5520 = ORIENTED_EDGE('',*,*,#5407,.F.);
#5521 = ORIENTED_EDGE('',*,*,#5477,.T.);
#5522 = ORIENTED_EDGE('',*,*,#5447,.T.);
#5523 = ORIENTED_EDGE('',*,*,#5499,.F.);
#5524 = PLANE('',#5525);
#5525 = AXIS2_PLACEMENT_3D('',#5526,#5527,#5528);
#5526 = CARTESIAN_POINT('',(2.55E+03,2.92E+03,2.36E+03));
#5527 = DIRECTION('',(0.,0.,1.));
#5528 = DIRECTION('',(1.,0.,-0.));
#5529 = ADVANCED_FACE('',(#5530),#5536,.T.);
#5530 = FACE_BOUND('',#5531,.T.);
#5531 = EDGE_LOOP('',(#5532,#5533,#5534,#5535));
#5532 = ORIENTED_EDGE('',*,*,#5423,.F.);
#5533 = ORIENTED_EDGE('',*,*,#5484,.T.);
#5534 = ORIENTED_EDGE('',*,*,#5463,.T.);
#5535 = ORIENTED_EDGE('',*,*,#5506,.F.);
#5536 = PLANE('',#5537);
#5537 = AXIS2_PLACEMENT_3D('',#5538,#5539,#5540);
#5538 = CARTESIAN_POINT('',(2.55E+03,2.92E+03,2.54E+03));
#5539 = DIRECTION('',(0.,0.,1.));
#5540 = DIRECTION('',(1.,0.,-0.));
#5541 = ( GEOMETRIC_REPRESENTATION_CONTEXT(3) 
GLOBAL_UNCERTAINTY_ASSIGNED_CONTEXT((#5545)) 
GLOBAL_UNIT_ASSIGNED_CONTEXT((#5542,#5543,#5544)) REPRESENTATION_CONTEXT
('Context #1','3D Context with UNIT and UNCERTAINTY') );
#5542 = ( LENGTH_UNIT() NAMED_UNIT(*) SI_UNIT(.MILLI.,.METRE.) );
#5543 = ( NAMED_UNIT(*) PLANE_ANGLE_UNIT() SI_UNIT($,.RADIAN.) );
#5544 = ( NAMED_UNIT(*) SI_UNIT($,.STERADIAN.) SOLID_ANGLE_UNIT() );
#5545 = UNCERTAINTY_MEASURE_WITH_UNIT(LENGTH_MEASURE(1.E-07),#5542,
  'distance_accuracy_value','confusion accuracy');
#5546 = CONTEXT_DEPENDENT_SHAPE_REPRESENTATION(#5547,#5549);
#5547 = ( REPRESENTATION_RELATIONSHIP('','',#5390,#10) 
REPRESENTATION_RELATIONSHIP_WITH_TRANSFORMATION(#5548) 
SHAPE_REPRESENTATION_RELATIONSHIP() );
#5548 = ITEM_DEFINED_TRANSFORMATION('','',#11,#171);
#5549 = PRODUCT_DEFINITION_SHAPE('Placement','Placement of an item',
  #5550);
#5550 = NEXT_ASSEMBLY_USAGE_OCCURRENCE('40','Duct_Return_Branch_01','',
  #5,#5385,$);
#5551 = PRODUCT_RELATED_PRODUCT_CATEGORY('part',$,(#5387));
#5552 = SHAPE_DEFINITION_REPRESENTATION(#5553,#5559);
#5553 = PRODUCT_DEFINITION_SHAPE('','',#5554);
#5554 = PRODUCT_DEFINITION('design','',#5555,#5558);
#5555 = PRODUCT_DEFINITION_FORMATION('','',#5556);
#5556 = PRODUCT('Duct_Supply_Drop_01','Duct_Supply_Drop_01','',(#5557));
#5557 = PRODUCT_CONTEXT('',#2,'mechanical');
#5558 = PRODUCT_DEFINITION_CONTEXT('part definition',#2,'design');
#5559 = ADVANCED_BREP_SHAPE_REPRESENTATION('',(#11,#5560),#5710);
#5560 = MANIFOLD_SOLID_BREP('',#5561);
#5561 = CLOSED_SHELL('',(#5562,#5602,#5642,#5664,#5686,#5698));
#5562 = ADVANCED_FACE('',(#5563),#5597,.F.);
#5563 = FACE_BOUND('',#5564,.F.);
#5564 = EDGE_LOOP('',(#5565,#5575,#5583,#5591));
#5565 = ORIENTED_EDGE('',*,*,#5566,.F.);
#5566 = EDGE_CURVE('',#5567,#5569,#5571,.T.);
#5567 = VERTEX_POINT('',#5568);
#5568 = CARTESIAN_POINT('',(2.44E+03,1.54E+03,1.46E+03));
#5569 = VERTEX_POINT('',#5570);
#5570 = CARTESIAN_POINT('',(2.44E+03,1.54E+03,2.49E+03));
#5571 = LINE('',#5572,#5573);
#5572 = CARTESIAN_POINT('',(2.44E+03,1.54E+03,1.46E+03));
#5573 = VECTOR('',#5574,1.);
#5574 = DIRECTION('',(0.,0.,1.));
#5575 = ORIENTED_EDGE('',*,*,#5576,.T.);
#5576 = EDGE_CURVE('',#5567,#5577,#5579,.T.);
#5577 = VERTEX_POINT('',#5578);
#5578 = CARTESIAN_POINT('',(2.44E+03,1.84E+03,1.46E+03));
#5579 = LINE('',#5580,#5581);
#5580 = CARTESIAN_POINT('',(2.44E+03,1.54E+03,1.46E+03));
#5581 = VECTOR('',#5582,1.);
#5582 = DIRECTION('',(-0.,1.,0.));
#5583 = ORIENTED_EDGE('',*,*,#5584,.T.);
#5584 = EDGE_CURVE('',#5577,#5585,#5587,.T.);
#5585 = VERTEX_POINT('',#5586);
#5586 = CARTESIAN_POINT('',(2.44E+03,1.84E+03,2.49E+03));
#5587 = LINE('',#5588,#5589);
#5588 = CARTESIAN_POINT('',(2.44E+03,1.84E+03,1.46E+03));
#5589 = VECTOR('',#5590,1.);
#5590 = DIRECTION('',(0.,0.,1.));
#5591 = ORIENTED_EDGE('',*,*,#5592,.F.);
#5592 = EDGE_CURVE('',#5569,#5585,#5593,.T.);
#5593 = LINE('',#5594,#5595);
#5594 = CARTESIAN_POINT('',(2.44E+03,1.54E+03,2.49E+03));
#5595 = VECTOR('',#5596,1.);
#5596 = DIRECTION('',(-0.,1.,0.));
#5597 = PLANE('',#5598);
#5598 = AXIS2_PLACEMENT_3D('',#5599,#5600,#5601);
#5599 = CARTESIAN_POINT('',(2.44E+03,1.54E+03,1.46E+03));
#5600 = DIRECTION('',(1.,0.,-0.));
#5601 = DIRECTION('',(0.,0.,1.));
#5602 = ADVANCED_FACE('',(#5603),#5637,.T.);
#5603 = FACE_BOUND('',#5604,.T.);
#5604 = EDGE_LOOP('',(#5605,#5615,#5623,#5631));
#5605 = ORIENTED_EDGE('',*,*,#5606,.F.);
#5606 = EDGE_CURVE('',#5607,#5609,#5611,.T.);
#5607 = VERTEX_POINT('',#5608);
#5608 = CARTESIAN_POINT('',(2.8E+03,1.54E+03,1.46E+03));
#5609 = VERTEX_POINT('',#5610);
#5610 = CARTESIAN_POINT('',(2.8E+03,1.54E+03,2.49E+03));
#5611 = LINE('',#5612,#5613);
#5612 = CARTESIAN_POINT('',(2.8E+03,1.54E+03,1.46E+03));
#5613 = VECTOR('',#5614,1.);
#5614 = DIRECTION('',(0.,0.,1.));
#5615 = ORIENTED_EDGE('',*,*,#5616,.T.);
#5616 = EDGE_CURVE('',#5607,#5617,#5619,.T.);
#5617 = VERTEX_POINT('',#5618);
#5618 = CARTESIAN_POINT('',(2.8E+03,1.84E+03,1.46E+03));
#5619 = LINE('',#5620,#5621);
#5620 = CARTESIAN_POINT('',(2.8E+03,1.54E+03,1.46E+03));
#5621 = VECTOR('',#5622,1.);
#5622 = DIRECTION('',(-0.,1.,0.));
#5623 = ORIENTED_EDGE('',*,*,#5624,.T.);
#5624 = EDGE_CURVE('',#5617,#5625,#5627,.T.);
#5625 = VERTEX_POINT('',#5626);
#5626 = CARTESIAN_POINT('',(2.8E+03,1.84E+03,2.49E+03));
#5627 = LINE('',#5628,#5629);
#5628 = CARTESIAN_POINT('',(2.8E+03,1.84E+03,1.46E+03));
#5629 = VECTOR('',#5630,1.);
#5630 = DIRECTION('',(0.,0.,1.));
#5631 = ORIENTED_EDGE('',*,*,#5632,.F.);
#5632 = EDGE_CURVE('',#5609,#5625,#5633,.T.);
#5633 = LINE('',#5634,#5635);
#5634 = CARTESIAN_POINT('',(2.8E+03,1.54E+03,2.49E+03));
#5635 = VECTOR('',#5636,1.);
#5636 = DIRECTION('',(-0.,1.,0.));
#5637 = PLANE('',#5638);
#5638 = AXIS2_PLACEMENT_3D('',#5639,#5640,#5641);
#5639 = CARTESIAN_POINT('',(2.8E+03,1.54E+03,1.46E+03));
#5640 = DIRECTION('',(1.,0.,-0.));
#5641 = DIRECTION('',(0.,0.,1.));
#5642 = ADVANCED_FACE('',(#5643),#5659,.F.);
#5643 = FACE_BOUND('',#5644,.F.);
#5644 = EDGE_LOOP('',(#5645,#5651,#5652,#5658));
#5645 = ORIENTED_EDGE('',*,*,#5646,.F.);
#5646 = EDGE_CURVE('',#5567,#5607,#5647,.T.);
#5647 = LINE('',#5648,#5649);
#5648 = CARTESIAN_POINT('',(2.44E+03,1.54E+03,1.46E+03));
#5649 = VECTOR('',#5650,1.);
#5650 = DIRECTION('',(1.,0.,-0.));
#5651 = ORIENTED_EDGE('',*,*,#5566,.T.);
#5652 = ORIENTED_EDGE('',*,*,#5653,.T.);
#5653 = EDGE_CURVE('',#5569,#5609,#5654,.T.);
#5654 = LINE('',#5655,#5656);
#5655 = CARTESIAN_POINT('',(2.44E+03,1.54E+03,2.49E+03));
#5656 = VECTOR('',#5657,1.);
#5657 = DIRECTION('',(1.,0.,-0.));
#5658 = ORIENTED_EDGE('',*,*,#5606,.F.);
#5659 = PLANE('',#5660);
#5660 = AXIS2_PLACEMENT_3D('',#5661,#5662,#5663);
#5661 = CARTESIAN_POINT('',(2.44E+03,1.54E+03,1.46E+03));
#5662 = DIRECTION('',(-0.,1.,0.));
#5663 = DIRECTION('',(0.,0.,1.));
#5664 = ADVANCED_FACE('',(#5665),#5681,.T.);
#5665 = FACE_BOUND('',#5666,.T.);
#5666 = EDGE_LOOP('',(#5667,#5673,#5674,#5680));
#5667 = ORIENTED_EDGE('',*,*,#5668,.F.);
#5668 = EDGE_CURVE('',#5577,#5617,#5669,.T.);
#5669 = LINE('',#5670,#5671);
#5670 = CARTESIAN_POINT('',(2.44E+03,1.84E+03,1.46E+03));
#5671 = VECTOR('',#5672,1.);
#5672 = DIRECTION('',(1.,0.,-0.));
#5673 = ORIENTED_EDGE('',*,*,#5584,.T.);
#5674 = ORIENTED_EDGE('',*,*,#5675,.T.);
#5675 = EDGE_CURVE('',#5585,#5625,#5676,.T.);
#5676 = LINE('',#5677,#5678);
#5677 = CARTESIAN_POINT('',(2.44E+03,1.84E+03,2.49E+03));
#5678 = VECTOR('',#5679,1.);
#5679 = DIRECTION('',(1.,0.,-0.));
#5680 = ORIENTED_EDGE('',*,*,#5624,.F.);
#5681 = PLANE('',#5682);
#5682 = AXIS2_PLACEMENT_3D('',#5683,#5684,#5685);
#5683 = CARTESIAN_POINT('',(2.44E+03,1.84E+03,1.46E+03));
#5684 = DIRECTION('',(-0.,1.,0.));
#5685 = DIRECTION('',(0.,0.,1.));
#5686 = ADVANCED_FACE('',(#5687),#5693,.F.);
#5687 = FACE_BOUND('',#5688,.F.);
#5688 = EDGE_LOOP('',(#5689,#5690,#5691,#5692));
#5689 = ORIENTED_EDGE('',*,*,#5576,.F.);
#5690 = ORIENTED_EDGE('',*,*,#5646,.T.);
#5691 = ORIENTED_EDGE('',*,*,#5616,.T.);
#5692 = ORIENTED_EDGE('',*,*,#5668,.F.);
#5693 = PLANE('',#5694);
#5694 = AXIS2_PLACEMENT_3D('',#5695,#5696,#5697);
#5695 = CARTESIAN_POINT('',(2.44E+03,1.54E+03,1.46E+03));
#5696 = DIRECTION('',(0.,0.,1.));
#5697 = DIRECTION('',(1.,0.,-0.));
#5698 = ADVANCED_FACE('',(#5699),#5705,.T.);
#5699 = FACE_BOUND('',#5700,.T.);
#5700 = EDGE_LOOP('',(#5701,#5702,#5703,#5704));
#5701 = ORIENTED_EDGE('',*,*,#5592,.F.);
#5702 = ORIENTED_EDGE('',*,*,#5653,.T.);
#5703 = ORIENTED_EDGE('',*,*,#5632,.T.);
#5704 = ORIENTED_EDGE('',*,*,#5675,.F.);
#5705 = PLANE('',#5706);
#5706 = AXIS2_PLACEMENT_3D('',#5707,#5708,#5709);
#5707 = CARTESIAN_POINT('',(2.44E+03,1.54E+03,2.49E+03));
#5708 = DIRECTION('',(0.,0.,1.));
#5709 = DIRECTION('',(1.,0.,-0.));
#5710 = ( GEOMETRIC_REPRESENTATION_CONTEXT(3) 
GLOBAL_UNCERTAINTY_ASSIGNED_CONTEXT((#5714)) 
GLOBAL_UNIT_ASSIGNED_CONTEXT((#5711,#5712,#5713)) REPRESENTATION_CONTEXT
('Context #1','3D Context with UNIT and UNCERTAINTY') );
#5711 = ( LENGTH_UNIT() NAMED_UNIT(*) SI_UNIT(.MILLI.,.METRE.) );
#5712 = ( NAMED_UNIT(*) PLANE_ANGLE_UNIT() SI_UNIT($,.RADIAN.) );
#5713 = ( NAMED_UNIT(*) SI_UNIT($,.STERADIAN.) SOLID_ANGLE_UNIT() );
#5714 = UNCERTAINTY_MEASURE_WITH_UNIT(LENGTH_MEASURE(1.E-07),#5711,
  'distance_accuracy_value','confusion accuracy');
#5715 = CONTEXT_DEPENDENT_SHAPE_REPRESENTATION(#5716,#5718);
#5716 = ( REPRESENTATION_RELATIONSHIP('','',#5559,#10) 
REPRESENTATION_RELATIONSHIP_WITH_TRANSFORMATION(#5717) 
SHAPE_REPRESENTATION_RELATIONSHIP() );
#5717 = ITEM_DEFINED_TRANSFORMATION('','',#11,#175);
#5718 = PRODUCT_DEFINITION_SHAPE('Placement','Placement of an item',
  #5719);
#5719 = NEXT_ASSEMBLY_USAGE_OCCURRENCE('41','Duct_Supply_Drop_01','',#5,
  #5554,$);
#5720 = PRODUCT_RELATED_PRODUCT_CATEGORY('part',$,(#5556));
#5721 = SHAPE_DEFINITION_REPRESENTATION(#5722,#5728);
#5722 = PRODUCT_DEFINITION_SHAPE('','',#5723);
#5723 = PRODUCT_DEFINITION('design','',#5724,#5727);
#5724 = PRODUCT_DEFINITION_FORMATION('','',#5725);
#5725 = PRODUCT('Duct_FireDamper_01','Duct_FireDamper_01','',(#5726));
#5726 = PRODUCT_CONTEXT('',#2,'mechanical');
#5727 = PRODUCT_DEFINITION_CONTEXT('part definition',#2,'design');
#5728 = ADVANCED_BREP_SHAPE_REPRESENTATION('',(#11,#5729),#5879);
#5729 = MANIFOLD_SOLID_BREP('',#5730);
#5730 = CLOSED_SHELL('',(#5731,#5771,#5811,#5833,#5855,#5867));
#5731 = ADVANCED_FACE('',(#5732),#5766,.F.);
#5732 = FACE_BOUND('',#5733,.F.);
#5733 = EDGE_LOOP('',(#5734,#5744,#5752,#5760));
#5734 = ORIENTED_EDGE('',*,*,#5735,.F.);
#5735 = EDGE_CURVE('',#5736,#5738,#5740,.T.);
#5736 = VERTEX_POINT('',#5737);
#5737 = CARTESIAN_POINT('',(3.12E+03,3.28E+03,2.41E+03));
#5738 = VERTEX_POINT('',#5739);
#5739 = CARTESIAN_POINT('',(3.12E+03,3.28E+03,2.72E+03));
#5740 = LINE('',#5741,#5742);
#5741 = CARTESIAN_POINT('',(3.12E+03,3.28E+03,2.41E+03));
#5742 = VECTOR('',#5743,1.);
#5743 = DIRECTION('',(0.,0.,1.));
#5744 = ORIENTED_EDGE('',*,*,#5745,.T.);
#5745 = EDGE_CURVE('',#5736,#5746,#5748,.T.);
#5746 = VERTEX_POINT('',#5747);
#5747 = CARTESIAN_POINT('',(3.12E+03,3.74E+03,2.41E+03));
#5748 = LINE('',#5749,#5750);
#5749 = CARTESIAN_POINT('',(3.12E+03,3.28E+03,2.41E+03));
#5750 = VECTOR('',#5751,1.);
#5751 = DIRECTION('',(-0.,1.,0.));
#5752 = ORIENTED_EDGE('',*,*,#5753,.T.);
#5753 = EDGE_CURVE('',#5746,#5754,#5756,.T.);
#5754 = VERTEX_POINT('',#5755);
#5755 = CARTESIAN_POINT('',(3.12E+03,3.74E+03,2.72E+03));
#5756 = LINE('',#5757,#5758);
#5757 = CARTESIAN_POINT('',(3.12E+03,3.74E+03,2.41E+03));
#5758 = VECTOR('',#5759,1.);
#5759 = DIRECTION('',(0.,0.,1.));
#5760 = ORIENTED_EDGE('',*,*,#5761,.F.);
#5761 = EDGE_CURVE('',#5738,#5754,#5762,.T.);
#5762 = LINE('',#5763,#5764);
#5763 = CARTESIAN_POINT('',(3.12E+03,3.28E+03,2.72E+03));
#5764 = VECTOR('',#5765,1.);
#5765 = DIRECTION('',(-0.,1.,0.));
#5766 = PLANE('',#5767);
#5767 = AXIS2_PLACEMENT_3D('',#5768,#5769,#5770);
#5768 = CARTESIAN_POINT('',(3.12E+03,3.28E+03,2.41E+03));
#5769 = DIRECTION('',(1.,0.,-0.));
#5770 = DIRECTION('',(0.,0.,1.));
#5771 = ADVANCED_FACE('',(#5772),#5806,.T.);
#5772 = FACE_BOUND('',#5773,.T.);
#5773 = EDGE_LOOP('',(#5774,#5784,#5792,#5800));
#5774 = ORIENTED_EDGE('',*,*,#5775,.F.);
#5775 = EDGE_CURVE('',#5776,#5778,#5780,.T.);
#5776 = VERTEX_POINT('',#5777);
#5777 = CARTESIAN_POINT('',(3.2E+03,3.28E+03,2.41E+03));
#5778 = VERTEX_POINT('',#5779);
#5779 = CARTESIAN_POINT('',(3.2E+03,3.28E+03,2.72E+03));
#5780 = LINE('',#5781,#5782);
#5781 = CARTESIAN_POINT('',(3.2E+03,3.28E+03,2.41E+03));
#5782 = VECTOR('',#5783,1.);
#5783 = DIRECTION('',(0.,0.,1.));
#5784 = ORIENTED_EDGE('',*,*,#5785,.T.);
#5785 = EDGE_CURVE('',#5776,#5786,#5788,.T.);
#5786 = VERTEX_POINT('',#5787);
#5787 = CARTESIAN_POINT('',(3.2E+03,3.74E+03,2.41E+03));
#5788 = LINE('',#5789,#5790);
#5789 = CARTESIAN_POINT('',(3.2E+03,3.28E+03,2.41E+03));
#5790 = VECTOR('',#5791,1.);
#5791 = DIRECTION('',(-0.,1.,0.));
#5792 = ORIENTED_EDGE('',*,*,#5793,.T.);
#5793 = EDGE_CURVE('',#5786,#5794,#5796,.T.);
#5794 = VERTEX_POINT('',#5795);
#5795 = CARTESIAN_POINT('',(3.2E+03,3.74E+03,2.72E+03));
#5796 = LINE('',#5797,#5798);
#5797 = CARTESIAN_POINT('',(3.2E+03,3.74E+03,2.41E+03));
#5798 = VECTOR('',#5799,1.);
#5799 = DIRECTION('',(0.,0.,1.));
#5800 = ORIENTED_EDGE('',*,*,#5801,.F.);
#5801 = EDGE_CURVE('',#5778,#5794,#5802,.T.);
#5802 = LINE('',#5803,#5804);
#5803 = CARTESIAN_POINT('',(3.2E+03,3.28E+03,2.72E+03));
#5804 = VECTOR('',#5805,1.);
#5805 = DIRECTION('',(-0.,1.,0.));
#5806 = PLANE('',#5807);
#5807 = AXIS2_PLACEMENT_3D('',#5808,#5809,#5810);
#5808 = CARTESIAN_POINT('',(3.2E+03,3.28E+03,2.41E+03));
#5809 = DIRECTION('',(1.,0.,-0.));
#5810 = DIRECTION('',(0.,0.,1.));
#5811 = ADVANCED_FACE('',(#5812),#5828,.F.);
#5812 = FACE_BOUND('',#5813,.F.);
#5813 = EDGE_LOOP('',(#5814,#5820,#5821,#5827));
#5814 = ORIENTED_EDGE('',*,*,#5815,.F.);
#5815 = EDGE_CURVE('',#5736,#5776,#5816,.T.);
#5816 = LINE('',#5817,#5818);
#5817 = CARTESIAN_POINT('',(3.12E+03,3.28E+03,2.41E+03));
#5818 = VECTOR('',#5819,1.);
#5819 = DIRECTION('',(1.,0.,-0.));
#5820 = ORIENTED_EDGE('',*,*,#5735,.T.);
#5821 = ORIENTED_EDGE('',*,*,#5822,.T.);
#5822 = EDGE_CURVE('',#5738,#5778,#5823,.T.);
#5823 = LINE('',#5824,#5825);
#5824 = CARTESIAN_POINT('',(3.12E+03,3.28E+03,2.72E+03));
#5825 = VECTOR('',#5826,1.);
#5826 = DIRECTION('',(1.,0.,-0.));
#5827 = ORIENTED_EDGE('',*,*,#5775,.F.);
#5828 = PLANE('',#5829);
#5829 = AXIS2_PLACEMENT_3D('',#5830,#5831,#5832);
#5830 = CARTESIAN_POINT('',(3.12E+03,3.28E+03,2.41E+03));
#5831 = DIRECTION('',(-0.,1.,0.));
#5832 = DIRECTION('',(0.,0.,1.));
#5833 = ADVANCED_FACE('',(#5834),#5850,.T.);
#5834 = FACE_BOUND('',#5835,.T.);
#5835 = EDGE_LOOP('',(#5836,#5842,#5843,#5849));
#5836 = ORIENTED_EDGE('',*,*,#5837,.F.);
#5837 = EDGE_CURVE('',#5746,#5786,#5838,.T.);
#5838 = LINE('',#5839,#5840);
#5839 = CARTESIAN_POINT('',(3.12E+03,3.74E+03,2.41E+03));
#5840 = VECTOR('',#5841,1.);
#5841 = DIRECTION('',(1.,0.,-0.));
#5842 = ORIENTED_EDGE('',*,*,#5753,.T.);
#5843 = ORIENTED_EDGE('',*,*,#5844,.T.);
#5844 = EDGE_CURVE('',#5754,#5794,#5845,.T.);
#5845 = LINE('',#5846,#5847);
#5846 = CARTESIAN_POINT('',(3.12E+03,3.74E+03,2.72E+03));
#5847 = VECTOR('',#5848,1.);
#5848 = DIRECTION('',(1.,0.,-0.));
#5849 = ORIENTED_EDGE('',*,*,#5793,.F.);
#5850 = PLANE('',#5851);
#5851 = AXIS2_PLACEMENT_3D('',#5852,#5853,#5854);
#5852 = CARTESIAN_POINT('',(3.12E+03,3.74E+03,2.41E+03));
#5853 = DIRECTION('',(-0.,1.,0.));
#5854 = DIRECTION('',(0.,0.,1.));
#5855 = ADVANCED_FACE('',(#5856),#5862,.F.);
#5856 = FACE_BOUND('',#5857,.F.);
#5857 = EDGE_LOOP('',(#5858,#5859,#5860,#5861));
#5858 = ORIENTED_EDGE('',*,*,#5745,.F.);
#5859 = ORIENTED_EDGE('',*,*,#5815,.T.);
#5860 = ORIENTED_EDGE('',*,*,#5785,.T.);
#5861 = ORIENTED_EDGE('',*,*,#5837,.F.);
#5862 = PLANE('',#5863);
#5863 = AXIS2_PLACEMENT_3D('',#5864,#5865,#5866);
#5864 = CARTESIAN_POINT('',(3.12E+03,3.28E+03,2.41E+03));
#5865 = DIRECTION('',(0.,0.,1.));
#5866 = DIRECTION('',(1.,0.,-0.));
#5867 = ADVANCED_FACE('',(#5868),#5874,.T.);
#5868 = FACE_BOUND('',#5869,.T.);
#5869 = EDGE_LOOP('',(#5870,#5871,#5872,#5873));
#5870 = ORIENTED_EDGE('',*,*,#5761,.F.);
#5871 = ORIENTED_EDGE('',*,*,#5822,.T.);
#5872 = ORIENTED_EDGE('',*,*,#5801,.T.);
#5873 = ORIENTED_EDGE('',*,*,#5844,.F.);
#5874 = PLANE('',#5875);
#5875 = AXIS2_PLACEMENT_3D('',#5876,#5877,#5878);
#5876 = CARTESIAN_POINT('',(3.12E+03,3.28E+03,2.72E+03));
#5877 = DIRECTION('',(0.,0.,1.));
#5878 = DIRECTION('',(1.,0.,-0.));
#5879 = ( GEOMETRIC_REPRESENTATION_CONTEXT(3) 
GLOBAL_UNCERTAINTY_ASSIGNED_CONTEXT((#5883)) 
GLOBAL_UNIT_ASSIGNED_CONTEXT((#5880,#5881,#5882)) REPRESENTATION_CONTEXT
('Context #1','3D Context with UNIT and UNCERTAINTY') );
#5880 = ( LENGTH_UNIT() NAMED_UNIT(*) SI_UNIT(.MILLI.,.METRE.) );
#5881 = ( NAMED_UNIT(*) PLANE_ANGLE_UNIT() SI_UNIT($,.RADIAN.) );
#5882 = ( NAMED_UNIT(*) SI_UNIT($,.STERADIAN.) SOLID_ANGLE_UNIT() );
#5883 = UNCERTAINTY_MEASURE_WITH_UNIT(LENGTH_MEASURE(1.E-07),#5880,
  'distance_accuracy_value','confusion accuracy');
#5884 = CONTEXT_DEPENDENT_SHAPE_REPRESENTATION(#5885,#5887);
#5885 = ( REPRESENTATION_RELATIONSHIP('','',#5728,#10) 
REPRESENTATION_RELATIONSHIP_WITH_TRANSFORMATION(#5886) 
SHAPE_REPRESENTATION_RELATIONSHIP() );
#5886 = ITEM_DEFINED_TRANSFORMATION('','',#11,#179);
#5887 = PRODUCT_DEFINITION_SHAPE('Placement','Placement of an item',
  #5888);
#5888 = NEXT_ASSEMBLY_USAGE_OCCURRENCE('42','Duct_FireDamper_01','',#5,
  #5723,$);
#5889 = PRODUCT_RELATED_PRODUCT_CATEGORY('part',$,(#5725));
#5890 = SHAPE_DEFINITION_REPRESENTATION(#5891,#5897);
#5891 = PRODUCT_DEFINITION_SHAPE('','',#5892);
#5892 = PRODUCT_DEFINITION('design','',#5893,#5896);
#5893 = PRODUCT_DEFINITION_FORMATION('','',#5894);
#5894 = PRODUCT('Diffuser_Supply_01','Diffuser_Supply_01','',(#5895));
#5895 = PRODUCT_CONTEXT('',#2,'mechanical');
#5896 = PRODUCT_DEFINITION_CONTEXT('part definition',#2,'design');
#5897 = ADVANCED_BREP_SHAPE_REPRESENTATION('',(#11,#5898),#6048);
#5898 = MANIFOLD_SOLID_BREP('',#5899);
#5899 = CLOSED_SHELL('',(#5900,#5940,#5980,#6002,#6024,#6036));
#5900 = ADVANCED_FACE('',(#5901),#5935,.F.);
#5901 = FACE_BOUND('',#5902,.F.);
#5902 = EDGE_LOOP('',(#5903,#5913,#5921,#5929));
#5903 = ORIENTED_EDGE('',*,*,#5904,.F.);
#5904 = EDGE_CURVE('',#5905,#5907,#5909,.T.);
#5905 = VERTEX_POINT('',#5906);
#5906 = CARTESIAN_POINT('',(2.36E+03,1.48E+03,1.35E+03));
#5907 = VERTEX_POINT('',#5908);
#5908 = CARTESIAN_POINT('',(2.36E+03,1.48E+03,1.41E+03));
#5909 = LINE('',#5910,#5911);
#5910 = CARTESIAN_POINT('',(2.36E+03,1.48E+03,1.35E+03));
#5911 = VECTOR('',#5912,1.);
#5912 = DIRECTION('',(0.,0.,1.));
#5913 = ORIENTED_EDGE('',*,*,#5914,.T.);
#5914 = EDGE_CURVE('',#5905,#5915,#5917,.T.);
#5915 = VERTEX_POINT('',#5916);
#5916 = CARTESIAN_POINT('',(2.36E+03,1.9E+03,1.35E+03));
#5917 = LINE('',#5918,#5919);
#5918 = CARTESIAN_POINT('',(2.36E+03,1.48E+03,1.35E+03));
#5919 = VECTOR('',#5920,1.);
#5920 = DIRECTION('',(-0.,1.,0.));
#5921 = ORIENTED_EDGE('',*,*,#5922,.T.);
#5922 = EDGE_CURVE('',#5915,#5923,#5925,.T.);
#5923 = VERTEX_POINT('',#5924);
#5924 = CARTESIAN_POINT('',(2.36E+03,1.9E+03,1.41E+03));
#5925 = LINE('',#5926,#5927);
#5926 = CARTESIAN_POINT('',(2.36E+03,1.9E+03,1.35E+03));
#5927 = VECTOR('',#5928,1.);
#5928 = DIRECTION('',(0.,0.,1.));
#5929 = ORIENTED_EDGE('',*,*,#5930,.F.);
#5930 = EDGE_CURVE('',#5907,#5923,#5931,.T.);
#5931 = LINE('',#5932,#5933);
#5932 = CARTESIAN_POINT('',(2.36E+03,1.48E+03,1.41E+03));
#5933 = VECTOR('',#5934,1.);
#5934 = DIRECTION('',(-0.,1.,0.));
#5935 = PLANE('',#5936);
#5936 = AXIS2_PLACEMENT_3D('',#5937,#5938,#5939);
#5937 = CARTESIAN_POINT('',(2.36E+03,1.48E+03,1.35E+03));
#5938 = DIRECTION('',(1.,0.,-0.));
#5939 = DIRECTION('',(0.,0.,1.));
#5940 = ADVANCED_FACE('',(#5941),#5975,.T.);
#5941 = FACE_BOUND('',#5942,.T.);
#5942 = EDGE_LOOP('',(#5943,#5953,#5961,#5969));
#5943 = ORIENTED_EDGE('',*,*,#5944,.F.);
#5944 = EDGE_CURVE('',#5945,#5947,#5949,.T.);
#5945 = VERTEX_POINT('',#5946);
#5946 = CARTESIAN_POINT('',(2.88E+03,1.48E+03,1.35E+03));
#5947 = VERTEX_POINT('',#5948);
#5948 = CARTESIAN_POINT('',(2.88E+03,1.48E+03,1.41E+03));
#5949 = LINE('',#5950,#5951);
#5950 = CARTESIAN_POINT('',(2.88E+03,1.48E+03,1.35E+03));
#5951 = VECTOR('',#5952,1.);
#5952 = DIRECTION('',(0.,0.,1.));
#5953 = ORIENTED_EDGE('',*,*,#5954,.T.);
#5954 = EDGE_CURVE('',#5945,#5955,#5957,.T.);
#5955 = VERTEX_POINT('',#5956);
#5956 = CARTESIAN_POINT('',(2.88E+03,1.9E+03,1.35E+03));
#5957 = LINE('',#5958,#5959);
#5958 = CARTESIAN_POINT('',(2.88E+03,1.48E+03,1.35E+03));
#5959 = VECTOR('',#5960,1.);
#5960 = DIRECTION('',(-0.,1.,0.));
#5961 = ORIENTED_EDGE('',*,*,#5962,.T.);
#5962 = EDGE_CURVE('',#5955,#5963,#5965,.T.);
#5963 = VERTEX_POINT('',#5964);
#5964 = CARTESIAN_POINT('',(2.88E+03,1.9E+03,1.41E+03));
#5965 = LINE('',#5966,#5967);
#5966 = CARTESIAN_POINT('',(2.88E+03,1.9E+03,1.35E+03));
#5967 = VECTOR('',#5968,1.);
#5968 = DIRECTION('',(0.,0.,1.));
#5969 = ORIENTED_EDGE('',*,*,#5970,.F.);
#5970 = EDGE_CURVE('',#5947,#5963,#5971,.T.);
#5971 = LINE('',#5972,#5973);
#5972 = CARTESIAN_POINT('',(2.88E+03,1.48E+03,1.41E+03));
#5973 = VECTOR('',#5974,1.);
#5974 = DIRECTION('',(-0.,1.,0.));
#5975 = PLANE('',#5976);
#5976 = AXIS2_PLACEMENT_3D('',#5977,#5978,#5979);
#5977 = CARTESIAN_POINT('',(2.88E+03,1.48E+03,1.35E+03));
#5978 = DIRECTION('',(1.,0.,-0.));
#5979 = DIRECTION('',(0.,0.,1.));
#5980 = ADVANCED_FACE('',(#5981),#5997,.F.);
#5981 = FACE_BOUND('',#5982,.F.);
#5982 = EDGE_LOOP('',(#5983,#5989,#5990,#5996));
#5983 = ORIENTED_EDGE('',*,*,#5984,.F.);
#5984 = EDGE_CURVE('',#5905,#5945,#5985,.T.);
#5985 = LINE('',#5986,#5987);
#5986 = CARTESIAN_POINT('',(2.36E+03,1.48E+03,1.35E+03));
#5987 = VECTOR('',#5988,1.);
#5988 = DIRECTION('',(1.,0.,-0.));
#5989 = ORIENTED_EDGE('',*,*,#5904,.T.);
#5990 = ORIENTED_EDGE('',*,*,#5991,.T.);
#5991 = EDGE_CURVE('',#5907,#5947,#5992,.T.);
#5992 = LINE('',#5993,#5994);
#5993 = CARTESIAN_POINT('',(2.36E+03,1.48E+03,1.41E+03));
#5994 = VECTOR('',#5995,1.);
#5995 = DIRECTION('',(1.,0.,-0.));
#5996 = ORIENTED_EDGE('',*,*,#5944,.F.);
#5997 = PLANE('',#5998);
#5998 = AXIS2_PLACEMENT_3D('',#5999,#6000,#6001);
#5999 = CARTESIAN_POINT('',(2.36E+03,1.48E+03,1.35E+03));
#6000 = DIRECTION('',(-0.,1.,0.));
#6001 = DIRECTION('',(0.,0.,1.));
#6002 = ADVANCED_FACE('',(#6003),#6019,.T.);
#6003 = FACE_BOUND('',#6004,.T.);
#6004 = EDGE_LOOP('',(#6005,#6011,#6012,#6018));
#6005 = ORIENTED_EDGE('',*,*,#6006,.F.);
#6006 = EDGE_CURVE('',#5915,#5955,#6007,.T.);
#6007 = LINE('',#6008,#6009);
#6008 = CARTESIAN_POINT('',(2.36E+03,1.9E+03,1.35E+03));
#6009 = VECTOR('',#6010,1.);
#6010 = DIRECTION('',(1.,0.,-0.));
#6011 = ORIENTED_EDGE('',*,*,#5922,.T.);
#6012 = ORIENTED_EDGE('',*,*,#6013,.T.);
#6013 = EDGE_CURVE('',#5923,#5963,#6014,.T.);
#6014 = LINE('',#6015,#6016);
#6015 = CARTESIAN_POINT('',(2.36E+03,1.9E+03,1.41E+03));
#6016 = VECTOR('',#6017,1.);
#6017 = DIRECTION('',(1.,0.,-0.));
#6018 = ORIENTED_EDGE('',*,*,#5962,.F.);
#6019 = PLANE('',#6020);
#6020 = AXIS2_PLACEMENT_3D('',#6021,#6022,#6023);
#6021 = CARTESIAN_POINT('',(2.36E+03,1.9E+03,1.35E+03));
#6022 = DIRECTION('',(-0.,1.,0.));
#6023 = DIRECTION('',(0.,0.,1.));
#6024 = ADVANCED_FACE('',(#6025),#6031,.F.);
#6025 = FACE_BOUND('',#6026,.F.);
#6026 = EDGE_LOOP('',(#6027,#6028,#6029,#6030));
#6027 = ORIENTED_EDGE('',*,*,#5914,.F.);
#6028 = ORIENTED_EDGE('',*,*,#5984,.T.);
#6029 = ORIENTED_EDGE('',*,*,#5954,.T.);
#6030 = ORIENTED_EDGE('',*,*,#6006,.F.);
#6031 = PLANE('',#6032);
#6032 = AXIS2_PLACEMENT_3D('',#6033,#6034,#6035);
#6033 = CARTESIAN_POINT('',(2.36E+03,1.48E+03,1.35E+03));
#6034 = DIRECTION('',(0.,0.,1.));
#6035 = DIRECTION('',(1.,0.,-0.));
#6036 = ADVANCED_FACE('',(#6037),#6043,.T.);
#6037 = FACE_BOUND('',#6038,.T.);
#6038 = EDGE_LOOP('',(#6039,#6040,#6041,#6042));
#6039 = ORIENTED_EDGE('',*,*,#5930,.F.);
#6040 = ORIENTED_EDGE('',*,*,#5991,.T.);
#6041 = ORIENTED_EDGE('',*,*,#5970,.T.);
#6042 = ORIENTED_EDGE('',*,*,#6013,.F.);
#6043 = PLANE('',#6044);
#6044 = AXIS2_PLACEMENT_3D('',#6045,#6046,#6047);
#6045 = CARTESIAN_POINT('',(2.36E+03,1.48E+03,1.41E+03));
#6046 = DIRECTION('',(0.,0.,1.));
#6047 = DIRECTION('',(1.,0.,-0.));
#6048 = ( GEOMETRIC_REPRESENTATION_CONTEXT(3) 
GLOBAL_UNCERTAINTY_ASSIGNED_CONTEXT((#6052)) 
GLOBAL_UNIT_ASSIGNED_CONTEXT((#6049,#6050,#6051)) REPRESENTATION_CONTEXT
('Context #1','3D Context with UNIT and UNCERTAINTY') );
#6049 = ( LENGTH_UNIT() NAMED_UNIT(*) SI_UNIT(.MILLI.,.METRE.) );
#6050 = ( NAMED_UNIT(*) PLANE_ANGLE_UNIT() SI_UNIT($,.RADIAN.) );
#6051 = ( NAMED_UNIT(*) SI_UNIT($,.STERADIAN.) SOLID_ANGLE_UNIT() );
#6052 = UNCERTAINTY_MEASURE_WITH_UNIT(LENGTH_MEASURE(1.E-07),#6049,
  'distance_accuracy_value','confusion accuracy');
#6053 = CONTEXT_DEPENDENT_SHAPE_REPRESENTATION(#6054,#6056);
#6054 = ( REPRESENTATION_RELATIONSHIP('','',#5897,#10) 
REPRESENTATION_RELATIONSHIP_WITH_TRANSFORMATION(#6055) 
SHAPE_REPRESENTATION_RELATIONSHIP() );
#6055 = ITEM_DEFINED_TRANSFORMATION('','',#11,#183);
#6056 = PRODUCT_DEFINITION_SHAPE('Placement','Placement of an item',
  #6057);
#6057 = NEXT_ASSEMBLY_USAGE_OCCURRENCE('43','Diffuser_Supply_01','',#5,
  #5892,$);
#6058 = PRODUCT_RELATED_PRODUCT_CATEGORY('part',$,(#5894));
#6059 = SHAPE_DEFINITION_REPRESENTATION(#6060,#6066);
#6060 = PRODUCT_DEFINITION_SHAPE('','',#6061);
#6061 = PRODUCT_DEFINITION('design','',#6062,#6065);
#6062 = PRODUCT_DEFINITION_FORMATION('','',#6063);
#6063 = PRODUCT('CableTray_Overhead_01','CableTray_Overhead_01','',(
    #6064));
#6064 = PRODUCT_CONTEXT('',#2,'mechanical');
#6065 = PRODUCT_DEFINITION_CONTEXT('part definition',#2,'design');
#6066 = ADVANCED_BREP_SHAPE_REPRESENTATION('',(#11,#6067),#6217);
#6067 = MANIFOLD_SOLID_BREP('',#6068);
#6068 = CLOSED_SHELL('',(#6069,#6109,#6149,#6171,#6193,#6205));
#6069 = ADVANCED_FACE('',(#6070),#6104,.F.);
#6070 = FACE_BOUND('',#6071,.F.);
#6071 = EDGE_LOOP('',(#6072,#6082,#6090,#6098));
#6072 = ORIENTED_EDGE('',*,*,#6073,.F.);
#6073 = EDGE_CURVE('',#6074,#6076,#6078,.T.);
#6074 = VERTEX_POINT('',#6075);
#6075 = CARTESIAN_POINT('',(1.2E+03,2.2E+03,2.85E+03));
#6076 = VERTEX_POINT('',#6077);
#6077 = CARTESIAN_POINT('',(1.2E+03,2.2E+03,2.93E+03));
#6078 = LINE('',#6079,#6080);
#6079 = CARTESIAN_POINT('',(1.2E+03,2.2E+03,2.85E+03));
#6080 = VECTOR('',#6081,1.);
#6081 = DIRECTION('',(0.,0.,1.));
#6082 = ORIENTED_EDGE('',*,*,#6083,.T.);
#6083 = EDGE_CURVE('',#6074,#6084,#6086,.T.);
#6084 = VERTEX_POINT('',#6085);
#6085 = CARTESIAN_POINT('',(1.2E+03,2.42E+03,2.85E+03));
#6086 = LINE('',#6087,#6088);
#6087 = CARTESIAN_POINT('',(1.2E+03,2.2E+03,2.85E+03));
#6088 = VECTOR('',#6089,1.);
#6089 = DIRECTION('',(-0.,1.,0.));
#6090 = ORIENTED_EDGE('',*,*,#6091,.T.);
#6091 = EDGE_CURVE('',#6084,#6092,#6094,.T.);
#6092 = VERTEX_POINT('',#6093);
#6093 = CARTESIAN_POINT('',(1.2E+03,2.42E+03,2.93E+03));
#6094 = LINE('',#6095,#6096);
#6095 = CARTESIAN_POINT('',(1.2E+03,2.42E+03,2.85E+03));
#6096 = VECTOR('',#6097,1.);
#6097 = DIRECTION('',(0.,0.,1.));
#6098 = ORIENTED_EDGE('',*,*,#6099,.F.);
#6099 = EDGE_CURVE('',#6076,#6092,#6100,.T.);
#6100 = LINE('',#6101,#6102);
#6101 = CARTESIAN_POINT('',(1.2E+03,2.2E+03,2.93E+03));
#6102 = VECTOR('',#6103,1.);
#6103 = DIRECTION('',(-0.,1.,0.));
#6104 = PLANE('',#6105);
#6105 = AXIS2_PLACEMENT_3D('',#6106,#6107,#6108);
#6106 = CARTESIAN_POINT('',(1.2E+03,2.2E+03,2.85E+03));
#6107 = DIRECTION('',(1.,0.,-0.));
#6108 = DIRECTION('',(0.,0.,1.));
#6109 = ADVANCED_FACE('',(#6110),#6144,.T.);
#6110 = FACE_BOUND('',#6111,.T.);
#6111 = EDGE_LOOP('',(#6112,#6122,#6130,#6138));
#6112 = ORIENTED_EDGE('',*,*,#6113,.F.);
#6113 = EDGE_CURVE('',#6114,#6116,#6118,.T.);
#6114 = VERTEX_POINT('',#6115);
#6115 = CARTESIAN_POINT('',(4.4E+03,2.2E+03,2.85E+03));
#6116 = VERTEX_POINT('',#6117);
#6117 = CARTESIAN_POINT('',(4.4E+03,2.2E+03,2.93E+03));
#6118 = LINE('',#6119,#6120);
#6119 = CARTESIAN_POINT('',(4.4E+03,2.2E+03,2.85E+03));
#6120 = VECTOR('',#6121,1.);
#6121 = DIRECTION('',(0.,0.,1.));
#6122 = ORIENTED_EDGE('',*,*,#6123,.T.);
#6123 = EDGE_CURVE('',#6114,#6124,#6126,.T.);
#6124 = VERTEX_POINT('',#6125);
#6125 = CARTESIAN_POINT('',(4.4E+03,2.42E+03,2.85E+03));
#6126 = LINE('',#6127,#6128);
#6127 = CARTESIAN_POINT('',(4.4E+03,2.2E+03,2.85E+03));
#6128 = VECTOR('',#6129,1.);
#6129 = DIRECTION('',(-0.,1.,0.));
#6130 = ORIENTED_EDGE('',*,*,#6131,.T.);
#6131 = EDGE_CURVE('',#6124,#6132,#6134,.T.);
#6132 = VERTEX_POINT('',#6133);
#6133 = CARTESIAN_POINT('',(4.4E+03,2.42E+03,2.93E+03));
#6134 = LINE('',#6135,#6136);
#6135 = CARTESIAN_POINT('',(4.4E+03,2.42E+03,2.85E+03));
#6136 = VECTOR('',#6137,1.);
#6137 = DIRECTION('',(0.,0.,1.));
#6138 = ORIENTED_EDGE('',*,*,#6139,.F.);
#6139 = EDGE_CURVE('',#6116,#6132,#6140,.T.);
#6140 = LINE('',#6141,#6142);
#6141 = CARTESIAN_POINT('',(4.4E+03,2.2E+03,2.93E+03));
#6142 = VECTOR('',#6143,1.);
#6143 = DIRECTION('',(-0.,1.,0.));
#6144 = PLANE('',#6145);
#6145 = AXIS2_PLACEMENT_3D('',#6146,#6147,#6148);
#6146 = CARTESIAN_POINT('',(4.4E+03,2.2E+03,2.85E+03));
#6147 = DIRECTION('',(1.,0.,-0.));
#6148 = DIRECTION('',(0.,0.,1.));
#6149 = ADVANCED_FACE('',(#6150),#6166,.F.);
#6150 = FACE_BOUND('',#6151,.F.);
#6151 = EDGE_LOOP('',(#6152,#6158,#6159,#6165));
#6152 = ORIENTED_EDGE('',*,*,#6153,.F.);
#6153 = EDGE_CURVE('',#6074,#6114,#6154,.T.);
#6154 = LINE('',#6155,#6156);
#6155 = CARTESIAN_POINT('',(1.2E+03,2.2E+03,2.85E+03));
#6156 = VECTOR('',#6157,1.);
#6157 = DIRECTION('',(1.,0.,-0.));
#6158 = ORIENTED_EDGE('',*,*,#6073,.T.);
#6159 = ORIENTED_EDGE('',*,*,#6160,.T.);
#6160 = EDGE_CURVE('',#6076,#6116,#6161,.T.);
#6161 = LINE('',#6162,#6163);
#6162 = CARTESIAN_POINT('',(1.2E+03,2.2E+03,2.93E+03));
#6163 = VECTOR('',#6164,1.);
#6164 = DIRECTION('',(1.,0.,-0.));
#6165 = ORIENTED_EDGE('',*,*,#6113,.F.);
#6166 = PLANE('',#6167);
#6167 = AXIS2_PLACEMENT_3D('',#6168,#6169,#6170);
#6168 = CARTESIAN_POINT('',(1.2E+03,2.2E+03,2.85E+03));
#6169 = DIRECTION('',(-0.,1.,0.));
#6170 = DIRECTION('',(0.,0.,1.));
#6171 = ADVANCED_FACE('',(#6172),#6188,.T.);
#6172 = FACE_BOUND('',#6173,.T.);
#6173 = EDGE_LOOP('',(#6174,#6180,#6181,#6187));
#6174 = ORIENTED_EDGE('',*,*,#6175,.F.);
#6175 = EDGE_CURVE('',#6084,#6124,#6176,.T.);
#6176 = LINE('',#6177,#6178);
#6177 = CARTESIAN_POINT('',(1.2E+03,2.42E+03,2.85E+03));
#6178 = VECTOR('',#6179,1.);
#6179 = DIRECTION('',(1.,0.,-0.));
#6180 = ORIENTED_EDGE('',*,*,#6091,.T.);
#6181 = ORIENTED_EDGE('',*,*,#6182,.T.);
#6182 = EDGE_CURVE('',#6092,#6132,#6183,.T.);
#6183 = LINE('',#6184,#6185);
#6184 = CARTESIAN_POINT('',(1.2E+03,2.42E+03,2.93E+03));
#6185 = VECTOR('',#6186,1.);
#6186 = DIRECTION('',(1.,0.,-0.));
#6187 = ORIENTED_EDGE('',*,*,#6131,.F.);
#6188 = PLANE('',#6189);
#6189 = AXIS2_PLACEMENT_3D('',#6190,#6191,#6192);
#6190 = CARTESIAN_POINT('',(1.2E+03,2.42E+03,2.85E+03));
#6191 = DIRECTION('',(-0.,1.,0.));
#6192 = DIRECTION('',(0.,0.,1.));
#6193 = ADVANCED_FACE('',(#6194),#6200,.F.);
#6194 = FACE_BOUND('',#6195,.F.);
#6195 = EDGE_LOOP('',(#6196,#6197,#6198,#6199));
#6196 = ORIENTED_EDGE('',*,*,#6083,.F.);
#6197 = ORIENTED_EDGE('',*,*,#6153,.T.);
#6198 = ORIENTED_EDGE('',*,*,#6123,.T.);
#6199 = ORIENTED_EDGE('',*,*,#6175,.F.);
#6200 = PLANE('',#6201);
#6201 = AXIS2_PLACEMENT_3D('',#6202,#6203,#6204);
#6202 = CARTESIAN_POINT('',(1.2E+03,2.2E+03,2.85E+03));
#6203 = DIRECTION('',(0.,0.,1.));
#6204 = DIRECTION('',(1.,0.,-0.));
#6205 = ADVANCED_FACE('',(#6206),#6212,.T.);
#6206 = FACE_BOUND('',#6207,.T.);
#6207 = EDGE_LOOP('',(#6208,#6209,#6210,#6211));
#6208 = ORIENTED_EDGE('',*,*,#6099,.F.);
#6209 = ORIENTED_EDGE('',*,*,#6160,.T.);
#6210 = ORIENTED_EDGE('',*,*,#6139,.T.);
#6211 = ORIENTED_EDGE('',*,*,#6182,.F.);
#6212 = PLANE('',#6213);
#6213 = AXIS2_PLACEMENT_3D('',#6214,#6215,#6216);
#6214 = CARTESIAN_POINT('',(1.2E+03,2.2E+03,2.93E+03));
#6215 = DIRECTION('',(0.,0.,1.));
#6216 = DIRECTION('',(1.,0.,-0.));
#6217 = ( GEOMETRIC_REPRESENTATION_CONTEXT(3) 
GLOBAL_UNCERTAINTY_ASSIGNED_CONTEXT((#6221)) 
GLOBAL_UNIT_ASSIGNED_CONTEXT((#6218,#6219,#6220)) REPRESENTATION_CONTEXT
('Context #1','3D Context with UNIT and UNCERTAINTY') );
#6218 = ( LENGTH_UNIT() NAMED_UNIT(*) SI_UNIT(.MILLI.,.METRE.) );
#6219 = ( NAMED_UNIT(*) PLANE_ANGLE_UNIT() SI_UNIT($,.RADIAN.) );
#6220 = ( NAMED_UNIT(*) SI_UNIT($,.STERADIAN.) SOLID_ANGLE_UNIT() );
#6221 = UNCERTAINTY_MEASURE_WITH_UNIT(LENGTH_MEASURE(1.E-07),#6218,
  'distance_accuracy_value','confusion accuracy');
#6222 = CONTEXT_DEPENDENT_SHAPE_REPRESENTATION(#6223,#6225);
#6223 = ( REPRESENTATION_RELATIONSHIP('','',#6066,#10) 
REPRESENTATION_RELATIONSHIP_WITH_TRANSFORMATION(#6224) 
SHAPE_REPRESENTATION_RELATIONSHIP() );
#6224 = ITEM_DEFINED_TRANSFORMATION('','',#11,#187);
#6225 = PRODUCT_DEFINITION_SHAPE('Placement','Placement of an item',
  #6226);
#6226 = NEXT_ASSEMBLY_USAGE_OCCURRENCE('44','CableTray_Overhead_01','',
  #5,#6061,$);
#6227 = PRODUCT_RELATED_PRODUCT_CATEGORY('part',$,(#6063));
#6228 = SHAPE_DEFINITION_REPRESENTATION(#6229,#6235);
#6229 = PRODUCT_DEFINITION_SHAPE('','',#6230);
#6230 = PRODUCT_DEFINITION('design','',#6231,#6234);
#6231 = PRODUCT_DEFINITION_FORMATION('','',#6232);
#6232 = PRODUCT('CableTray_Rung_01','CableTray_Rung_01','',(#6233));
#6233 = PRODUCT_CONTEXT('',#2,'mechanical');
#6234 = PRODUCT_DEFINITION_CONTEXT('part definition',#2,'design');
#6235 = ADVANCED_BREP_SHAPE_REPRESENTATION('',(#11,#6236),#6386);
#6236 = MANIFOLD_SOLID_BREP('',#6237);
#6237 = CLOSED_SHELL('',(#6238,#6278,#6318,#6340,#6362,#6374));
#6238 = ADVANCED_FACE('',(#6239),#6273,.F.);
#6239 = FACE_BOUND('',#6240,.F.);
#6240 = EDGE_LOOP('',(#6241,#6251,#6259,#6267));
#6241 = ORIENTED_EDGE('',*,*,#6242,.F.);
#6242 = EDGE_CURVE('',#6243,#6245,#6247,.T.);
#6243 = VERTEX_POINT('',#6244);
#6244 = CARTESIAN_POINT('',(1.55E+03,2.19E+03,2.925E+03));
#6245 = VERTEX_POINT('',#6246);
#6246 = CARTESIAN_POINT('',(1.55E+03,2.19E+03,2.953E+03));
#6247 = LINE('',#6248,#6249);
#6248 = CARTESIAN_POINT('',(1.55E+03,2.19E+03,2.925E+03));
#6249 = VECTOR('',#6250,1.);
#6250 = DIRECTION('',(0.,0.,1.));
#6251 = ORIENTED_EDGE('',*,*,#6252,.T.);
#6252 = EDGE_CURVE('',#6243,#6253,#6255,.T.);
#6253 = VERTEX_POINT('',#6254);
#6254 = CARTESIAN_POINT('',(1.55E+03,2.43E+03,2.925E+03));
#6255 = LINE('',#6256,#6257);
#6256 = CARTESIAN_POINT('',(1.55E+03,2.19E+03,2.925E+03));
#6257 = VECTOR('',#6258,1.);
#6258 = DIRECTION('',(-0.,1.,0.));
#6259 = ORIENTED_EDGE('',*,*,#6260,.T.);
#6260 = EDGE_CURVE('',#6253,#6261,#6263,.T.);
#6261 = VERTEX_POINT('',#6262);
#6262 = CARTESIAN_POINT('',(1.55E+03,2.43E+03,2.953E+03));
#6263 = LINE('',#6264,#6265);
#6264 = CARTESIAN_POINT('',(1.55E+03,2.43E+03,2.925E+03));
#6265 = VECTOR('',#6266,1.);
#6266 = DIRECTION('',(0.,0.,1.));
#6267 = ORIENTED_EDGE('',*,*,#6268,.F.);
#6268 = EDGE_CURVE('',#6245,#6261,#6269,.T.);
#6269 = LINE('',#6270,#6271);
#6270 = CARTESIAN_POINT('',(1.55E+03,2.19E+03,2.953E+03));
#6271 = VECTOR('',#6272,1.);
#6272 = DIRECTION('',(-0.,1.,0.));
#6273 = PLANE('',#6274);
#6274 = AXIS2_PLACEMENT_3D('',#6275,#6276,#6277);
#6275 = CARTESIAN_POINT('',(1.55E+03,2.19E+03,2.925E+03));
#6276 = DIRECTION('',(1.,0.,-0.));
#6277 = DIRECTION('',(0.,0.,1.));
#6278 = ADVANCED_FACE('',(#6279),#6313,.T.);
#6279 = FACE_BOUND('',#6280,.T.);
#6280 = EDGE_LOOP('',(#6281,#6291,#6299,#6307));
#6281 = ORIENTED_EDGE('',*,*,#6282,.F.);
#6282 = EDGE_CURVE('',#6283,#6285,#6287,.T.);
#6283 = VERTEX_POINT('',#6284);
#6284 = CARTESIAN_POINT('',(1.582E+03,2.19E+03,2.925E+03));
#6285 = VERTEX_POINT('',#6286);
#6286 = CARTESIAN_POINT('',(1.582E+03,2.19E+03,2.953E+03));
#6287 = LINE('',#6288,#6289);
#6288 = CARTESIAN_POINT('',(1.582E+03,2.19E+03,2.925E+03));
#6289 = VECTOR('',#6290,1.);
#6290 = DIRECTION('',(0.,0.,1.));
#6291 = ORIENTED_EDGE('',*,*,#6292,.T.);
#6292 = EDGE_CURVE('',#6283,#6293,#6295,.T.);
#6293 = VERTEX_POINT('',#6294);
#6294 = CARTESIAN_POINT('',(1.582E+03,2.43E+03,2.925E+03));
#6295 = LINE('',#6296,#6297);
#6296 = CARTESIAN_POINT('',(1.582E+03,2.19E+03,2.925E+03));
#6297 = VECTOR('',#6298,1.);
#6298 = DIRECTION('',(-0.,1.,0.));
#6299 = ORIENTED_EDGE('',*,*,#6300,.T.);
#6300 = EDGE_CURVE('',#6293,#6301,#6303,.T.);
#6301 = VERTEX_POINT('',#6302);
#6302 = CARTESIAN_POINT('',(1.582E+03,2.43E+03,2.953E+03));
#6303 = LINE('',#6304,#6305);
#6304 = CARTESIAN_POINT('',(1.582E+03,2.43E+03,2.925E+03));
#6305 = VECTOR('',#6306,1.);
#6306 = DIRECTION('',(0.,0.,1.));
#6307 = ORIENTED_EDGE('',*,*,#6308,.F.);
#6308 = EDGE_CURVE('',#6285,#6301,#6309,.T.);
#6309 = LINE('',#6310,#6311);
#6310 = CARTESIAN_POINT('',(1.582E+03,2.19E+03,2.953E+03));
#6311 = VECTOR('',#6312,1.);
#6312 = DIRECTION('',(-0.,1.,0.));
#6313 = PLANE('',#6314);
#6314 = AXIS2_PLACEMENT_3D('',#6315,#6316,#6317);
#6315 = CARTESIAN_POINT('',(1.582E+03,2.19E+03,2.925E+03));
#6316 = DIRECTION('',(1.,0.,-0.));
#6317 = DIRECTION('',(0.,0.,1.));
#6318 = ADVANCED_FACE('',(#6319),#6335,.F.);
#6319 = FACE_BOUND('',#6320,.F.);
#6320 = EDGE_LOOP('',(#6321,#6327,#6328,#6334));
#6321 = ORIENTED_EDGE('',*,*,#6322,.F.);
#6322 = EDGE_CURVE('',#6243,#6283,#6323,.T.);
#6323 = LINE('',#6324,#6325);
#6324 = CARTESIAN_POINT('',(1.55E+03,2.19E+03,2.925E+03));
#6325 = VECTOR('',#6326,1.);
#6326 = DIRECTION('',(1.,0.,-0.));
#6327 = ORIENTED_EDGE('',*,*,#6242,.T.);
#6328 = ORIENTED_EDGE('',*,*,#6329,.T.);
#6329 = EDGE_CURVE('',#6245,#6285,#6330,.T.);
#6330 = LINE('',#6331,#6332);
#6331 = CARTESIAN_POINT('',(1.55E+03,2.19E+03,2.953E+03));
#6332 = VECTOR('',#6333,1.);
#6333 = DIRECTION('',(1.,0.,-0.));
#6334 = ORIENTED_EDGE('',*,*,#6282,.F.);
#6335 = PLANE('',#6336);
#6336 = AXIS2_PLACEMENT_3D('',#6337,#6338,#6339);
#6337 = CARTESIAN_POINT('',(1.55E+03,2.19E+03,2.925E+03));
#6338 = DIRECTION('',(-0.,1.,0.));
#6339 = DIRECTION('',(0.,0.,1.));
#6340 = ADVANCED_FACE('',(#6341),#6357,.T.);
#6341 = FACE_BOUND('',#6342,.T.);
#6342 = EDGE_LOOP('',(#6343,#6349,#6350,#6356));
#6343 = ORIENTED_EDGE('',*,*,#6344,.F.);
#6344 = EDGE_CURVE('',#6253,#6293,#6345,.T.);
#6345 = LINE('',#6346,#6347);
#6346 = CARTESIAN_POINT('',(1.55E+03,2.43E+03,2.925E+03));
#6347 = VECTOR('',#6348,1.);
#6348 = DIRECTION('',(1.,0.,-0.));
#6349 = ORIENTED_EDGE('',*,*,#6260,.T.);
#6350 = ORIENTED_EDGE('',*,*,#6351,.T.);
#6351 = EDGE_CURVE('',#6261,#6301,#6352,.T.);
#6352 = LINE('',#6353,#6354);
#6353 = CARTESIAN_POINT('',(1.55E+03,2.43E+03,2.953E+03));
#6354 = VECTOR('',#6355,1.);
#6355 = DIRECTION('',(1.,0.,-0.));
#6356 = ORIENTED_EDGE('',*,*,#6300,.F.);
#6357 = PLANE('',#6358);
#6358 = AXIS2_PLACEMENT_3D('',#6359,#6360,#6361);
#6359 = CARTESIAN_POINT('',(1.55E+03,2.43E+03,2.925E+03));
#6360 = DIRECTION('',(-0.,1.,0.));
#6361 = DIRECTION('',(0.,0.,1.));
#6362 = ADVANCED_FACE('',(#6363),#6369,.F.);
#6363 = FACE_BOUND('',#6364,.F.);
#6364 = EDGE_LOOP('',(#6365,#6366,#6367,#6368));
#6365 = ORIENTED_EDGE('',*,*,#6252,.F.);
#6366 = ORIENTED_EDGE('',*,*,#6322,.T.);
#6367 = ORIENTED_EDGE('',*,*,#6292,.T.);
#6368 = ORIENTED_EDGE('',*,*,#6344,.F.);
#6369 = PLANE('',#6370);
#6370 = AXIS2_PLACEMENT_3D('',#6371,#6372,#6373);
#6371 = CARTESIAN_POINT('',(1.55E+03,2.19E+03,2.925E+03));
#6372 = DIRECTION('',(0.,0.,1.));
#6373 = DIRECTION('',(1.,0.,-0.));
#6374 = ADVANCED_FACE('',(#6375),#6381,.T.);
#6375 = FACE_BOUND('',#6376,.T.);
#6376 = EDGE_LOOP('',(#6377,#6378,#6379,#6380));
#6377 = ORIENTED_EDGE('',*,*,#6268,.F.);
#6378 = ORIENTED_EDGE('',*,*,#6329,.T.);
#6379 = ORIENTED_EDGE('',*,*,#6308,.T.);
#6380 = ORIENTED_EDGE('',*,*,#6351,.F.);
#6381 = PLANE('',#6382);
#6382 = AXIS2_PLACEMENT_3D('',#6383,#6384,#6385);
#6383 = CARTESIAN_POINT('',(1.55E+03,2.19E+03,2.953E+03));
#6384 = DIRECTION('',(0.,0.,1.));
#6385 = DIRECTION('',(1.,0.,-0.));
#6386 = ( GEOMETRIC_REPRESENTATION_CONTEXT(3) 
GLOBAL_UNCERTAINTY_ASSIGNED_CONTEXT((#6390)) 
GLOBAL_UNIT_ASSIGNED_CONTEXT((#6387,#6388,#6389)) REPRESENTATION_CONTEXT
('Context #1','3D Context with UNIT and UNCERTAINTY') );
#6387 = ( LENGTH_UNIT() NAMED_UNIT(*) SI_UNIT(.MILLI.,.METRE.) );
#6388 = ( NAMED_UNIT(*) PLANE_ANGLE_UNIT() SI_UNIT($,.RADIAN.) );
#6389 = ( NAMED_UNIT(*) SI_UNIT($,.STERADIAN.) SOLID_ANGLE_UNIT() );
#6390 = UNCERTAINTY_MEASURE_WITH_UNIT(LENGTH_MEASURE(1.E-07),#6387,
  'distance_accuracy_value','confusion accuracy');
#6391 = CONTEXT_DEPENDENT_SHAPE_REPRESENTATION(#6392,#6394);
#6392 = ( REPRESENTATION_RELATIONSHIP('','',#6235,#10) 
REPRESENTATION_RELATIONSHIP_WITH_TRANSFORMATION(#6393) 
SHAPE_REPRESENTATION_RELATIONSHIP() );
#6393 = ITEM_DEFINED_TRANSFORMATION('','',#11,#191);
#6394 = PRODUCT_DEFINITION_SHAPE('Placement','Placement of an item',
  #6395);
#6395 = NEXT_ASSEMBLY_USAGE_OCCURRENCE('45','CableTray_Rung_01','',#5,
  #6230,$);
#6396 = PRODUCT_RELATED_PRODUCT_CATEGORY('part',$,(#6232));
#6397 = SHAPE_DEFINITION_REPRESENTATION(#6398,#6404);
#6398 = PRODUCT_DEFINITION_SHAPE('','',#6399);
#6399 = PRODUCT_DEFINITION('design','',#6400,#6403);
#6400 = PRODUCT_DEFINITION_FORMATION('','',#6401);
#6401 = PRODUCT('CableTray_Rung_02','CableTray_Rung_02','',(#6402));
#6402 = PRODUCT_CONTEXT('',#2,'mechanical');
#6403 = PRODUCT_DEFINITION_CONTEXT('part definition',#2,'design');
#6404 = ADVANCED_BREP_SHAPE_REPRESENTATION('',(#11,#6405),#6555);
#6405 = MANIFOLD_SOLID_BREP('',#6406);
#6406 = CLOSED_SHELL('',(#6407,#6447,#6487,#6509,#6531,#6543));
#6407 = ADVANCED_FACE('',(#6408),#6442,.F.);
#6408 = FACE_BOUND('',#6409,.F.);
#6409 = EDGE_LOOP('',(#6410,#6420,#6428,#6436));
#6410 = ORIENTED_EDGE('',*,*,#6411,.F.);
#6411 = EDGE_CURVE('',#6412,#6414,#6416,.T.);
#6412 = VERTEX_POINT('',#6413);
#6413 = CARTESIAN_POINT('',(2.2E+03,2.19E+03,2.925E+03));
#6414 = VERTEX_POINT('',#6415);
#6415 = CARTESIAN_POINT('',(2.2E+03,2.19E+03,2.953E+03));
#6416 = LINE('',#6417,#6418);
#6417 = CARTESIAN_POINT('',(2.2E+03,2.19E+03,2.925E+03));
#6418 = VECTOR('',#6419,1.);
#6419 = DIRECTION('',(0.,0.,1.));
#6420 = ORIENTED_EDGE('',*,*,#6421,.T.);
#6421 = EDGE_CURVE('',#6412,#6422,#6424,.T.);
#6422 = VERTEX_POINT('',#6423);
#6423 = CARTESIAN_POINT('',(2.2E+03,2.43E+03,2.925E+03));
#6424 = LINE('',#6425,#6426);
#6425 = CARTESIAN_POINT('',(2.2E+03,2.19E+03,2.925E+03));
#6426 = VECTOR('',#6427,1.);
#6427 = DIRECTION('',(-0.,1.,0.));
#6428 = ORIENTED_EDGE('',*,*,#6429,.T.);
#6429 = EDGE_CURVE('',#6422,#6430,#6432,.T.);
#6430 = VERTEX_POINT('',#6431);
#6431 = CARTESIAN_POINT('',(2.2E+03,2.43E+03,2.953E+03));
#6432 = LINE('',#6433,#6434);
#6433 = CARTESIAN_POINT('',(2.2E+03,2.43E+03,2.925E+03));
#6434 = VECTOR('',#6435,1.);
#6435 = DIRECTION('',(0.,0.,1.));
#6436 = ORIENTED_EDGE('',*,*,#6437,.F.);
#6437 = EDGE_CURVE('',#6414,#6430,#6438,.T.);
#6438 = LINE('',#6439,#6440);
#6439 = CARTESIAN_POINT('',(2.2E+03,2.19E+03,2.953E+03));
#6440 = VECTOR('',#6441,1.);
#6441 = DIRECTION('',(-0.,1.,0.));
#6442 = PLANE('',#6443);
#6443 = AXIS2_PLACEMENT_3D('',#6444,#6445,#6446);
#6444 = CARTESIAN_POINT('',(2.2E+03,2.19E+03,2.925E+03));
#6445 = DIRECTION('',(1.,0.,-0.));
#6446 = DIRECTION('',(0.,0.,1.));
#6447 = ADVANCED_FACE('',(#6448),#6482,.T.);
#6448 = FACE_BOUND('',#6449,.T.);
#6449 = EDGE_LOOP('',(#6450,#6460,#6468,#6476));
#6450 = ORIENTED_EDGE('',*,*,#6451,.F.);
#6451 = EDGE_CURVE('',#6452,#6454,#6456,.T.);
#6452 = VERTEX_POINT('',#6453);
#6453 = CARTESIAN_POINT('',(2.232E+03,2.19E+03,2.925E+03));
#6454 = VERTEX_POINT('',#6455);
#6455 = CARTESIAN_POINT('',(2.232E+03,2.19E+03,2.953E+03));
#6456 = LINE('',#6457,#6458);
#6457 = CARTESIAN_POINT('',(2.232E+03,2.19E+03,2.925E+03));
#6458 = VECTOR('',#6459,1.);
#6459 = DIRECTION('',(0.,0.,1.));
#6460 = ORIENTED_EDGE('',*,*,#6461,.T.);
#6461 = EDGE_CURVE('',#6452,#6462,#6464,.T.);
#6462 = VERTEX_POINT('',#6463);
#6463 = CARTESIAN_POINT('',(2.232E+03,2.43E+03,2.925E+03));
#6464 = LINE('',#6465,#6466);
#6465 = CARTESIAN_POINT('',(2.232E+03,2.19E+03,2.925E+03));
#6466 = VECTOR('',#6467,1.);
#6467 = DIRECTION('',(-0.,1.,0.));
#6468 = ORIENTED_EDGE('',*,*,#6469,.T.);
#6469 = EDGE_CURVE('',#6462,#6470,#6472,.T.);
#6470 = VERTEX_POINT('',#6471);
#6471 = CARTESIAN_POINT('',(2.232E+03,2.43E+03,2.953E+03));
#6472 = LINE('',#6473,#6474);
#6473 = CARTESIAN_POINT('',(2.232E+03,2.43E+03,2.925E+03));
#6474 = VECTOR('',#6475,1.);
#6475 = DIRECTION('',(0.,0.,1.));
#6476 = ORIENTED_EDGE('',*,*,#6477,.F.);
#6477 = EDGE_CURVE('',#6454,#6470,#6478,.T.);
#6478 = LINE('',#6479,#6480);
#6479 = CARTESIAN_POINT('',(2.232E+03,2.19E+03,2.953E+03));
#6480 = VECTOR('',#6481,1.);
#6481 = DIRECTION('',(-0.,1.,0.));
#6482 = PLANE('',#6483);
#6483 = AXIS2_PLACEMENT_3D('',#6484,#6485,#6486);
#6484 = CARTESIAN_POINT('',(2.232E+03,2.19E+03,2.925E+03));
#6485 = DIRECTION('',(1.,0.,-0.));
#6486 = DIRECTION('',(0.,0.,1.));
#6487 = ADVANCED_FACE('',(#6488),#6504,.F.);
#6488 = FACE_BOUND('',#6489,.F.);
#6489 = EDGE_LOOP('',(#6490,#6496,#6497,#6503));
#6490 = ORIENTED_EDGE('',*,*,#6491,.F.);
#6491 = EDGE_CURVE('',#6412,#6452,#6492,.T.);
#6492 = LINE('',#6493,#6494);
#6493 = CARTESIAN_POINT('',(2.2E+03,2.19E+03,2.925E+03));
#6494 = VECTOR('',#6495,1.);
#6495 = DIRECTION('',(1.,0.,-0.));
#6496 = ORIENTED_EDGE('',*,*,#6411,.T.);
#6497 = ORIENTED_EDGE('',*,*,#6498,.T.);
#6498 = EDGE_CURVE('',#6414,#6454,#6499,.T.);
#6499 = LINE('',#6500,#6501);
#6500 = CARTESIAN_POINT('',(2.2E+03,2.19E+03,2.953E+03));
#6501 = VECTOR('',#6502,1.);
#6502 = DIRECTION('',(1.,0.,-0.));
#6503 = ORIENTED_EDGE('',*,*,#6451,.F.);
#6504 = PLANE('',#6505);
#6505 = AXIS2_PLACEMENT_3D('',#6506,#6507,#6508);
#6506 = CARTESIAN_POINT('',(2.2E+03,2.19E+03,2.925E+03));
#6507 = DIRECTION('',(-0.,1.,0.));
#6508 = DIRECTION('',(0.,0.,1.));
#6509 = ADVANCED_FACE('',(#6510),#6526,.T.);
#6510 = FACE_BOUND('',#6511,.T.);
#6511 = EDGE_LOOP('',(#6512,#6518,#6519,#6525));
#6512 = ORIENTED_EDGE('',*,*,#6513,.F.);
#6513 = EDGE_CURVE('',#6422,#6462,#6514,.T.);
#6514 = LINE('',#6515,#6516);
#6515 = CARTESIAN_POINT('',(2.2E+03,2.43E+03,2.925E+03));
#6516 = VECTOR('',#6517,1.);
#6517 = DIRECTION('',(1.,0.,-0.));
#6518 = ORIENTED_EDGE('',*,*,#6429,.T.);
#6519 = ORIENTED_EDGE('',*,*,#6520,.T.);
#6520 = EDGE_CURVE('',#6430,#6470,#6521,.T.);
#6521 = LINE('',#6522,#6523);
#6522 = CARTESIAN_POINT('',(2.2E+03,2.43E+03,2.953E+03));
#6523 = VECTOR('',#6524,1.);
#6524 = DIRECTION('',(1.,0.,-0.));
#6525 = ORIENTED_EDGE('',*,*,#6469,.F.);
#6526 = PLANE('',#6527);
#6527 = AXIS2_PLACEMENT_3D('',#6528,#6529,#6530);
#6528 = CARTESIAN_POINT('',(2.2E+03,2.43E+03,2.925E+03));
#6529 = DIRECTION('',(-0.,1.,0.));
#6530 = DIRECTION('',(0.,0.,1.));
#6531 = ADVANCED_FACE('',(#6532),#6538,.F.);
#6532 = FACE_BOUND('',#6533,.F.);
#6533 = EDGE_LOOP('',(#6534,#6535,#6536,#6537));
#6534 = ORIENTED_EDGE('',*,*,#6421,.F.);
#6535 = ORIENTED_EDGE('',*,*,#6491,.T.);
#6536 = ORIENTED_EDGE('',*,*,#6461,.T.);
#6537 = ORIENTED_EDGE('',*,*,#6513,.F.);
#6538 = PLANE('',#6539);
#6539 = AXIS2_PLACEMENT_3D('',#6540,#6541,#6542);
#6540 = CARTESIAN_POINT('',(2.2E+03,2.19E+03,2.925E+03));
#6541 = DIRECTION('',(0.,0.,1.));
#6542 = DIRECTION('',(1.,0.,-0.));
#6543 = ADVANCED_FACE('',(#6544),#6550,.T.);
#6544 = FACE_BOUND('',#6545,.T.);
#6545 = EDGE_LOOP('',(#6546,#6547,#6548,#6549));
#6546 = ORIENTED_EDGE('',*,*,#6437,.F.);
#6547 = ORIENTED_EDGE('',*,*,#6498,.T.);
#6548 = ORIENTED_EDGE('',*,*,#6477,.T.);
#6549 = ORIENTED_EDGE('',*,*,#6520,.F.);
#6550 = PLANE('',#6551);
#6551 = AXIS2_PLACEMENT_3D('',#6552,#6553,#6554);
#6552 = CARTESIAN_POINT('',(2.2E+03,2.19E+03,2.953E+03));
#6553 = DIRECTION('',(0.,0.,1.));
#6554 = DIRECTION('',(1.,0.,-0.));
#6555 = ( GEOMETRIC_REPRESENTATION_CONTEXT(3) 
GLOBAL_UNCERTAINTY_ASSIGNED_CONTEXT((#6559)) 
GLOBAL_UNIT_ASSIGNED_CONTEXT((#6556,#6557,#6558)) REPRESENTATION_CONTEXT
('Context #1','3D Context with UNIT and UNCERTAINTY') );
#6556 = ( LENGTH_UNIT() NAMED_UNIT(*) SI_UNIT(.MILLI.,.METRE.) );
#6557 = ( NAMED_UNIT(*) PLANE_ANGLE_UNIT() SI_UNIT($,.RADIAN.) );
#6558 = ( NAMED_UNIT(*) SI_UNIT($,.STERADIAN.) SOLID_ANGLE_UNIT() );
#6559 = UNCERTAINTY_MEASURE_WITH_UNIT(LENGTH_MEASURE(1.E-07),#6556,
  'distance_accuracy_value','confusion accuracy');
#6560 = CONTEXT_DEPENDENT_SHAPE_REPRESENTATION(#6561,#6563);
#6561 = ( REPRESENTATION_RELATIONSHIP('','',#6404,#10) 
REPRESENTATION_RELATIONSHIP_WITH_TRANSFORMATION(#6562) 
SHAPE_REPRESENTATION_RELATIONSHIP() );
#6562 = ITEM_DEFINED_TRANSFORMATION('','',#11,#195);
#6563 = PRODUCT_DEFINITION_SHAPE('Placement','Placement of an item',
  #6564);
#6564 = NEXT_ASSEMBLY_USAGE_OCCURRENCE('46','CableTray_Rung_02','',#5,
  #6399,$);
#6565 = PRODUCT_RELATED_PRODUCT_CATEGORY('part',$,(#6401));
#6566 = SHAPE_DEFINITION_REPRESENTATION(#6567,#6573);
#6567 = PRODUCT_DEFINITION_SHAPE('','',#6568);
#6568 = PRODUCT_DEFINITION('design','',#6569,#6572);
#6569 = PRODUCT_DEFINITION_FORMATION('','',#6570);
#6570 = PRODUCT('CableTray_Rung_03','CableTray_Rung_03','',(#6571));
#6571 = PRODUCT_CONTEXT('',#2,'mechanical');
#6572 = PRODUCT_DEFINITION_CONTEXT('part definition',#2,'design');
#6573 = ADVANCED_BREP_SHAPE_REPRESENTATION('',(#11,#6574),#6724);
#6574 = MANIFOLD_SOLID_BREP('',#6575);
#6575 = CLOSED_SHELL('',(#6576,#6616,#6656,#6678,#6700,#6712));
#6576 = ADVANCED_FACE('',(#6577),#6611,.F.);
#6577 = FACE_BOUND('',#6578,.F.);
#6578 = EDGE_LOOP('',(#6579,#6589,#6597,#6605));
#6579 = ORIENTED_EDGE('',*,*,#6580,.F.);
#6580 = EDGE_CURVE('',#6581,#6583,#6585,.T.);
#6581 = VERTEX_POINT('',#6582);
#6582 = CARTESIAN_POINT('',(2.85E+03,2.19E+03,2.925E+03));
#6583 = VERTEX_POINT('',#6584);
#6584 = CARTESIAN_POINT('',(2.85E+03,2.19E+03,2.953E+03));
#6585 = LINE('',#6586,#6587);
#6586 = CARTESIAN_POINT('',(2.85E+03,2.19E+03,2.925E+03));
#6587 = VECTOR('',#6588,1.);
#6588 = DIRECTION('',(0.,0.,1.));
#6589 = ORIENTED_EDGE('',*,*,#6590,.T.);
#6590 = EDGE_CURVE('',#6581,#6591,#6593,.T.);
#6591 = VERTEX_POINT('',#6592);
#6592 = CARTESIAN_POINT('',(2.85E+03,2.43E+03,2.925E+03));
#6593 = LINE('',#6594,#6595);
#6594 = CARTESIAN_POINT('',(2.85E+03,2.19E+03,2.925E+03));
#6595 = VECTOR('',#6596,1.);
#6596 = DIRECTION('',(-0.,1.,0.));
#6597 = ORIENTED_EDGE('',*,*,#6598,.T.);
#6598 = EDGE_CURVE('',#6591,#6599,#6601,.T.);
#6599 = VERTEX_POINT('',#6600);
#6600 = CARTESIAN_POINT('',(2.85E+03,2.43E+03,2.953E+03));
#6601 = LINE('',#6602,#6603);
#6602 = CARTESIAN_POINT('',(2.85E+03,2.43E+03,2.925E+03));
#6603 = VECTOR('',#6604,1.);
#6604 = DIRECTION('',(0.,0.,1.));
#6605 = ORIENTED_EDGE('',*,*,#6606,.F.);
#6606 = EDGE_CURVE('',#6583,#6599,#6607,.T.);
#6607 = LINE('',#6608,#6609);
#6608 = CARTESIAN_POINT('',(2.85E+03,2.19E+03,2.953E+03));
#6609 = VECTOR('',#6610,1.);
#6610 = DIRECTION('',(-0.,1.,0.));
#6611 = PLANE('',#6612);
#6612 = AXIS2_PLACEMENT_3D('',#6613,#6614,#6615);
#6613 = CARTESIAN_POINT('',(2.85E+03,2.19E+03,2.925E+03));
#6614 = DIRECTION('',(1.,0.,-0.));
#6615 = DIRECTION('',(0.,0.,1.));
#6616 = ADVANCED_FACE('',(#6617),#6651,.T.);
#6617 = FACE_BOUND('',#6618,.T.);
#6618 = EDGE_LOOP('',(#6619,#6629,#6637,#6645));
#6619 = ORIENTED_EDGE('',*,*,#6620,.F.);
#6620 = EDGE_CURVE('',#6621,#6623,#6625,.T.);
#6621 = VERTEX_POINT('',#6622);
#6622 = CARTESIAN_POINT('',(2.882E+03,2.19E+03,2.925E+03));
#6623 = VERTEX_POINT('',#6624);
#6624 = CARTESIAN_POINT('',(2.882E+03,2.19E+03,2.953E+03));
#6625 = LINE('',#6626,#6627);
#6626 = CARTESIAN_POINT('',(2.882E+03,2.19E+03,2.925E+03));
#6627 = VECTOR('',#6628,1.);
#6628 = DIRECTION('',(0.,0.,1.));
#6629 = ORIENTED_EDGE('',*,*,#6630,.T.);
#6630 = EDGE_CURVE('',#6621,#6631,#6633,.T.);
#6631 = VERTEX_POINT('',#6632);
#6632 = CARTESIAN_POINT('',(2.882E+03,2.43E+03,2.925E+03));
#6633 = LINE('',#6634,#6635);
#6634 = CARTESIAN_POINT('',(2.882E+03,2.19E+03,2.925E+03));
#6635 = VECTOR('',#6636,1.);
#6636 = DIRECTION('',(-0.,1.,0.));
#6637 = ORIENTED_EDGE('',*,*,#6638,.T.);
#6638 = EDGE_CURVE('',#6631,#6639,#6641,.T.);
#6639 = VERTEX_POINT('',#6640);
#6640 = CARTESIAN_POINT('',(2.882E+03,2.43E+03,2.953E+03));
#6641 = LINE('',#6642,#6643);
#6642 = CARTESIAN_POINT('',(2.882E+03,2.43E+03,2.925E+03));
#6643 = VECTOR('',#6644,1.);
#6644 = DIRECTION('',(0.,0.,1.));
#6645 = ORIENTED_EDGE('',*,*,#6646,.F.);
#6646 = EDGE_CURVE('',#6623,#6639,#6647,.T.);
#6647 = LINE('',#6648,#6649);
#6648 = CARTESIAN_POINT('',(2.882E+03,2.19E+03,2.953E+03));
#6649 = VECTOR('',#6650,1.);
#6650 = DIRECTION('',(-0.,1.,0.));
#6651 = PLANE('',#6652);
#6652 = AXIS2_PLACEMENT_3D('',#6653,#6654,#6655);
#6653 = CARTESIAN_POINT('',(2.882E+03,2.19E+03,2.925E+03));
#6654 = DIRECTION('',(1.,0.,-0.));
#6655 = DIRECTION('',(0.,0.,1.));
#6656 = ADVANCED_FACE('',(#6657),#6673,.F.);
#6657 = FACE_BOUND('',#6658,.F.);
#6658 = EDGE_LOOP('',(#6659,#6665,#6666,#6672));
#6659 = ORIENTED_EDGE('',*,*,#6660,.F.);
#6660 = EDGE_CURVE('',#6581,#6621,#6661,.T.);
#6661 = LINE('',#6662,#6663);
#6662 = CARTESIAN_POINT('',(2.85E+03,2.19E+03,2.925E+03));
#6663 = VECTOR('',#6664,1.);
#6664 = DIRECTION('',(1.,0.,-0.));
#6665 = ORIENTED_EDGE('',*,*,#6580,.T.);
#6666 = ORIENTED_EDGE('',*,*,#6667,.T.);
#6667 = EDGE_CURVE('',#6583,#6623,#6668,.T.);
#6668 = LINE('',#6669,#6670);
#6669 = CARTESIAN_POINT('',(2.85E+03,2.19E+03,2.953E+03));
#6670 = VECTOR('',#6671,1.);
#6671 = DIRECTION('',(1.,0.,-0.));
#6672 = ORIENTED_EDGE('',*,*,#6620,.F.);
#6673 = PLANE('',#6674);
#6674 = AXIS2_PLACEMENT_3D('',#6675,#6676,#6677);
#6675 = CARTESIAN_POINT('',(2.85E+03,2.19E+03,2.925E+03));
#6676 = DIRECTION('',(-0.,1.,0.));
#6677 = DIRECTION('',(0.,0.,1.));
#6678 = ADVANCED_FACE('',(#6679),#6695,.T.);
#6679 = FACE_BOUND('',#6680,.T.);
#6680 = EDGE_LOOP('',(#6681,#6687,#6688,#6694));
#6681 = ORIENTED_EDGE('',*,*,#6682,.F.);
#6682 = EDGE_CURVE('',#6591,#6631,#6683,.T.);
#6683 = LINE('',#6684,#6685);
#6684 = CARTESIAN_POINT('',(2.85E+03,2.43E+03,2.925E+03));
#6685 = VECTOR('',#6686,1.);
#6686 = DIRECTION('',(1.,0.,-0.));
#6687 = ORIENTED_EDGE('',*,*,#6598,.T.);
#6688 = ORIENTED_EDGE('',*,*,#6689,.T.);
#6689 = EDGE_CURVE('',#6599,#6639,#6690,.T.);
#6690 = LINE('',#6691,#6692);
#6691 = CARTESIAN_POINT('',(2.85E+03,2.43E+03,2.953E+03));
#6692 = VECTOR('',#6693,1.);
#6693 = DIRECTION('',(1.,0.,-0.));
#6694 = ORIENTED_EDGE('',*,*,#6638,.F.);
#6695 = PLANE('',#6696);
#6696 = AXIS2_PLACEMENT_3D('',#6697,#6698,#6699);
#6697 = CARTESIAN_POINT('',(2.85E+03,2.43E+03,2.925E+03));
#6698 = DIRECTION('',(-0.,1.,0.));
#6699 = DIRECTION('',(0.,0.,1.));
#6700 = ADVANCED_FACE('',(#6701),#6707,.F.);
#6701 = FACE_BOUND('',#6702,.F.);
#6702 = EDGE_LOOP('',(#6703,#6704,#6705,#6706));
#6703 = ORIENTED_EDGE('',*,*,#6590,.F.);
#6704 = ORIENTED_EDGE('',*,*,#6660,.T.);
#6705 = ORIENTED_EDGE('',*,*,#6630,.T.);
#6706 = ORIENTED_EDGE('',*,*,#6682,.F.);
#6707 = PLANE('',#6708);
#6708 = AXIS2_PLACEMENT_3D('',#6709,#6710,#6711);
#6709 = CARTESIAN_POINT('',(2.85E+03,2.19E+03,2.925E+03));
#6710 = DIRECTION('',(0.,0.,1.));
#6711 = DIRECTION('',(1.,0.,-0.));
#6712 = ADVANCED_FACE('',(#6713),#6719,.T.);
#6713 = FACE_BOUND('',#6714,.T.);
#6714 = EDGE_LOOP('',(#6715,#6716,#6717,#6718));
#6715 = ORIENTED_EDGE('',*,*,#6606,.F.);
#6716 = ORIENTED_EDGE('',*,*,#6667,.T.);
#6717 = ORIENTED_EDGE('',*,*,#6646,.T.);
#6718 = ORIENTED_EDGE('',*,*,#6689,.F.);
#6719 = PLANE('',#6720);
#6720 = AXIS2_PLACEMENT_3D('',#6721,#6722,#6723);
#6721 = CARTESIAN_POINT('',(2.85E+03,2.19E+03,2.953E+03));
#6722 = DIRECTION('',(0.,0.,1.));
#6723 = DIRECTION('',(1.,0.,-0.));
#6724 = ( GEOMETRIC_REPRESENTATION_CONTEXT(3) 
GLOBAL_UNCERTAINTY_ASSIGNED_CONTEXT((#6728)) 
GLOBAL_UNIT_ASSIGNED_CONTEXT((#6725,#6726,#6727)) REPRESENTATION_CONTEXT
('Context #1','3D Context with UNIT and UNCERTAINTY') );
#6725 = ( LENGTH_UNIT() NAMED_UNIT(*) SI_UNIT(.MILLI.,.METRE.) );
#6726 = ( NAMED_UNIT(*) PLANE_ANGLE_UNIT() SI_UNIT($,.RADIAN.) );
#6727 = ( NAMED_UNIT(*) SI_UNIT($,.STERADIAN.) SOLID_ANGLE_UNIT() );
#6728 = UNCERTAINTY_MEASURE_WITH_UNIT(LENGTH_MEASURE(1.E-07),#6725,
  'distance_accuracy_value','confusion accuracy');
#6729 = CONTEXT_DEPENDENT_SHAPE_REPRESENTATION(#6730,#6732);
#6730 = ( REPRESENTATION_RELATIONSHIP('','',#6573,#10) 
REPRESENTATION_RELATIONSHIP_WITH_TRANSFORMATION(#6731) 
SHAPE_REPRESENTATION_RELATIONSHIP() );
#6731 = ITEM_DEFINED_TRANSFORMATION('','',#11,#199);
#6732 = PRODUCT_DEFINITION_SHAPE('Placement','Placement of an item',
  #6733);
#6733 = NEXT_ASSEMBLY_USAGE_OCCURRENCE('47','CableTray_Rung_03','',#5,
  #6568,$);
#6734 = PRODUCT_RELATED_PRODUCT_CATEGORY('part',$,(#6570));
#6735 = SHAPE_DEFINITION_REPRESENTATION(#6736,#6742);
#6736 = PRODUCT_DEFINITION_SHAPE('','',#6737);
#6737 = PRODUCT_DEFINITION('design','',#6738,#6741);
#6738 = PRODUCT_DEFINITION_FORMATION('','',#6739);
#6739 = PRODUCT('CableTray_Rung_04','CableTray_Rung_04','',(#6740));
#6740 = PRODUCT_CONTEXT('',#2,'mechanical');
#6741 = PRODUCT_DEFINITION_CONTEXT('part definition',#2,'design');
#6742 = ADVANCED_BREP_SHAPE_REPRESENTATION('',(#11,#6743),#6893);
#6743 = MANIFOLD_SOLID_BREP('',#6744);
#6744 = CLOSED_SHELL('',(#6745,#6785,#6825,#6847,#6869,#6881));
#6745 = ADVANCED_FACE('',(#6746),#6780,.F.);
#6746 = FACE_BOUND('',#6747,.F.);
#6747 = EDGE_LOOP('',(#6748,#6758,#6766,#6774));
#6748 = ORIENTED_EDGE('',*,*,#6749,.F.);
#6749 = EDGE_CURVE('',#6750,#6752,#6754,.T.);
#6750 = VERTEX_POINT('',#6751);
#6751 = CARTESIAN_POINT('',(3.5E+03,2.19E+03,2.925E+03));
#6752 = VERTEX_POINT('',#6753);
#6753 = CARTESIAN_POINT('',(3.5E+03,2.19E+03,2.953E+03));
#6754 = LINE('',#6755,#6756);
#6755 = CARTESIAN_POINT('',(3.5E+03,2.19E+03,2.925E+03));
#6756 = VECTOR('',#6757,1.);
#6757 = DIRECTION('',(0.,0.,1.));
#6758 = ORIENTED_EDGE('',*,*,#6759,.T.);
#6759 = EDGE_CURVE('',#6750,#6760,#6762,.T.);
#6760 = VERTEX_POINT('',#6761);
#6761 = CARTESIAN_POINT('',(3.5E+03,2.43E+03,2.925E+03));
#6762 = LINE('',#6763,#6764);
#6763 = CARTESIAN_POINT('',(3.5E+03,2.19E+03,2.925E+03));
#6764 = VECTOR('',#6765,1.);
#6765 = DIRECTION('',(-0.,1.,0.));
#6766 = ORIENTED_EDGE('',*,*,#6767,.T.);
#6767 = EDGE_CURVE('',#6760,#6768,#6770,.T.);
#6768 = VERTEX_POINT('',#6769);
#6769 = CARTESIAN_POINT('',(3.5E+03,2.43E+03,2.953E+03));
#6770 = LINE('',#6771,#6772);
#6771 = CARTESIAN_POINT('',(3.5E+03,2.43E+03,2.925E+03));
#6772 = VECTOR('',#6773,1.);
#6773 = DIRECTION('',(0.,0.,1.));
#6774 = ORIENTED_EDGE('',*,*,#6775,.F.);
#6775 = EDGE_CURVE('',#6752,#6768,#6776,.T.);
#6776 = LINE('',#6777,#6778);
#6777 = CARTESIAN_POINT('',(3.5E+03,2.19E+03,2.953E+03));
#6778 = VECTOR('',#6779,1.);
#6779 = DIRECTION('',(-0.,1.,0.));
#6780 = PLANE('',#6781);
#6781 = AXIS2_PLACEMENT_3D('',#6782,#6783,#6784);
#6782 = CARTESIAN_POINT('',(3.5E+03,2.19E+03,2.925E+03));
#6783 = DIRECTION('',(1.,0.,-0.));
#6784 = DIRECTION('',(0.,0.,1.));
#6785 = ADVANCED_FACE('',(#6786),#6820,.T.);
#6786 = FACE_BOUND('',#6787,.T.);
#6787 = EDGE_LOOP('',(#6788,#6798,#6806,#6814));
#6788 = ORIENTED_EDGE('',*,*,#6789,.F.);
#6789 = EDGE_CURVE('',#6790,#6792,#6794,.T.);
#6790 = VERTEX_POINT('',#6791);
#6791 = CARTESIAN_POINT('',(3.532E+03,2.19E+03,2.925E+03));
#6792 = VERTEX_POINT('',#6793);
#6793 = CARTESIAN_POINT('',(3.532E+03,2.19E+03,2.953E+03));
#6794 = LINE('',#6795,#6796);
#6795 = CARTESIAN_POINT('',(3.532E+03,2.19E+03,2.925E+03));
#6796 = VECTOR('',#6797,1.);
#6797 = DIRECTION('',(0.,0.,1.));
#6798 = ORIENTED_EDGE('',*,*,#6799,.T.);
#6799 = EDGE_CURVE('',#6790,#6800,#6802,.T.);
#6800 = VERTEX_POINT('',#6801);
#6801 = CARTESIAN_POINT('',(3.532E+03,2.43E+03,2.925E+03));
#6802 = LINE('',#6803,#6804);
#6803 = CARTESIAN_POINT('',(3.532E+03,2.19E+03,2.925E+03));
#6804 = VECTOR('',#6805,1.);
#6805 = DIRECTION('',(-0.,1.,0.));
#6806 = ORIENTED_EDGE('',*,*,#6807,.T.);
#6807 = EDGE_CURVE('',#6800,#6808,#6810,.T.);
#6808 = VERTEX_POINT('',#6809);
#6809 = CARTESIAN_POINT('',(3.532E+03,2.43E+03,2.953E+03));
#6810 = LINE('',#6811,#6812);
#6811 = CARTESIAN_POINT('',(3.532E+03,2.43E+03,2.925E+03));
#6812 = VECTOR('',#6813,1.);
#6813 = DIRECTION('',(0.,0.,1.));
#6814 = ORIENTED_EDGE('',*,*,#6815,.F.);
#6815 = EDGE_CURVE('',#6792,#6808,#6816,.T.);
#6816 = LINE('',#6817,#6818);
#6817 = CARTESIAN_POINT('',(3.532E+03,2.19E+03,2.953E+03));
#6818 = VECTOR('',#6819,1.);
#6819 = DIRECTION('',(-0.,1.,0.));
#6820 = PLANE('',#6821);
#6821 = AXIS2_PLACEMENT_3D('',#6822,#6823,#6824);
#6822 = CARTESIAN_POINT('',(3.532E+03,2.19E+03,2.925E+03));
#6823 = DIRECTION('',(1.,0.,-0.));
#6824 = DIRECTION('',(0.,0.,1.));
#6825 = ADVANCED_FACE('',(#6826),#6842,.F.);
#6826 = FACE_BOUND('',#6827,.F.);
#6827 = EDGE_LOOP('',(#6828,#6834,#6835,#6841));
#6828 = ORIENTED_EDGE('',*,*,#6829,.F.);
#6829 = EDGE_CURVE('',#6750,#6790,#6830,.T.);
#6830 = LINE('',#6831,#6832);
#6831 = CARTESIAN_POINT('',(3.5E+03,2.19E+03,2.925E+03));
#6832 = VECTOR('',#6833,1.);
#6833 = DIRECTION('',(1.,0.,-0.));
#6834 = ORIENTED_EDGE('',*,*,#6749,.T.);
#6835 = ORIENTED_EDGE('',*,*,#6836,.T.);
#6836 = EDGE_CURVE('',#6752,#6792,#6837,.T.);
#6837 = LINE('',#6838,#6839);
#6838 = CARTESIAN_POINT('',(3.5E+03,2.19E+03,2.953E+03));
#6839 = VECTOR('',#6840,1.);
#6840 = DIRECTION('',(1.,0.,-0.));
#6841 = ORIENTED_EDGE('',*,*,#6789,.F.);
#6842 = PLANE('',#6843);
#6843 = AXIS2_PLACEMENT_3D('',#6844,#6845,#6846);
#6844 = CARTESIAN_POINT('',(3.5E+03,2.19E+03,2.925E+03));
#6845 = DIRECTION('',(-0.,1.,0.));
#6846 = DIRECTION('',(0.,0.,1.));
#6847 = ADVANCED_FACE('',(#6848),#6864,.T.);
#6848 = FACE_BOUND('',#6849,.T.);
#6849 = EDGE_LOOP('',(#6850,#6856,#6857,#6863));
#6850 = ORIENTED_EDGE('',*,*,#6851,.F.);
#6851 = EDGE_CURVE('',#6760,#6800,#6852,.T.);
#6852 = LINE('',#6853,#6854);
#6853 = CARTESIAN_POINT('',(3.5E+03,2.43E+03,2.925E+03));
#6854 = VECTOR('',#6855,1.);
#6855 = DIRECTION('',(1.,0.,-0.));
#6856 = ORIENTED_EDGE('',*,*,#6767,.T.);
#6857 = ORIENTED_EDGE('',*,*,#6858,.T.);
#6858 = EDGE_CURVE('',#6768,#6808,#6859,.T.);
#6859 = LINE('',#6860,#6861);
#6860 = CARTESIAN_POINT('',(3.5E+03,2.43E+03,2.953E+03));
#6861 = VECTOR('',#6862,1.);
#6862 = DIRECTION('',(1.,0.,-0.));
#6863 = ORIENTED_EDGE('',*,*,#6807,.F.);
#6864 = PLANE('',#6865);
#6865 = AXIS2_PLACEMENT_3D('',#6866,#6867,#6868);
#6866 = CARTESIAN_POINT('',(3.5E+03,2.43E+03,2.925E+03));
#6867 = DIRECTION('',(-0.,1.,0.));
#6868 = DIRECTION('',(0.,0.,1.));
#6869 = ADVANCED_FACE('',(#6870),#6876,.F.);
#6870 = FACE_BOUND('',#6871,.F.);
#6871 = EDGE_LOOP('',(#6872,#6873,#6874,#6875));
#6872 = ORIENTED_EDGE('',*,*,#6759,.F.);
#6873 = ORIENTED_EDGE('',*,*,#6829,.T.);
#6874 = ORIENTED_EDGE('',*,*,#6799,.T.);
#6875 = ORIENTED_EDGE('',*,*,#6851,.F.);
#6876 = PLANE('',#6877);
#6877 = AXIS2_PLACEMENT_3D('',#6878,#6879,#6880);
#6878 = CARTESIAN_POINT('',(3.5E+03,2.19E+03,2.925E+03));
#6879 = DIRECTION('',(0.,0.,1.));
#6880 = DIRECTION('',(1.,0.,-0.));
#6881 = ADVANCED_FACE('',(#6882),#6888,.T.);
#6882 = FACE_BOUND('',#6883,.T.);
#6883 = EDGE_LOOP('',(#6884,#6885,#6886,#6887));
#6884 = ORIENTED_EDGE('',*,*,#6775,.F.);
#6885 = ORIENTED_EDGE('',*,*,#6836,.T.);
#6886 = ORIENTED_EDGE('',*,*,#6815,.T.);
#6887 = ORIENTED_EDGE('',*,*,#6858,.F.);
#6888 = PLANE('',#6889);
#6889 = AXIS2_PLACEMENT_3D('',#6890,#6891,#6892);
#6890 = CARTESIAN_POINT('',(3.5E+03,2.19E+03,2.953E+03));
#6891 = DIRECTION('',(0.,0.,1.));
#6892 = DIRECTION('',(1.,0.,-0.));
#6893 = ( GEOMETRIC_REPRESENTATION_CONTEXT(3) 
GLOBAL_UNCERTAINTY_ASSIGNED_CONTEXT((#6897)) 
GLOBAL_UNIT_ASSIGNED_CONTEXT((#6894,#6895,#6896)) REPRESENTATION_CONTEXT
('Context #1','3D Context with UNIT and UNCERTAINTY') );
#6894 = ( LENGTH_UNIT() NAMED_UNIT(*) SI_UNIT(.MILLI.,.METRE.) );
#6895 = ( NAMED_UNIT(*) PLANE_ANGLE_UNIT() SI_UNIT($,.RADIAN.) );
#6896 = ( NAMED_UNIT(*) SI_UNIT($,.STERADIAN.) SOLID_ANGLE_UNIT() );
#6897 = UNCERTAINTY_MEASURE_WITH_UNIT(LENGTH_MEASURE(1.E-07),#6894,
  'distance_accuracy_value','confusion accuracy');
#6898 = CONTEXT_DEPENDENT_SHAPE_REPRESENTATION(#6899,#6901);
#6899 = ( REPRESENTATION_RELATIONSHIP('','',#6742,#10) 
REPRESENTATION_RELATIONSHIP_WITH_TRANSFORMATION(#6900) 
SHAPE_REPRESENTATION_RELATIONSHIP() );
#6900 = ITEM_DEFINED_TRANSFORMATION('','',#11,#203);
#6901 = PRODUCT_DEFINITION_SHAPE('Placement','Placement of an item',
  #6902);
#6902 = NEXT_ASSEMBLY_USAGE_OCCURRENCE('48','CableTray_Rung_04','',#5,
  #6737,$);
#6903 = PRODUCT_RELATED_PRODUCT_CATEGORY('part',$,(#6739));
#6904 = SHAPE_DEFINITION_REPRESENTATION(#6905,#6911);
#6905 = PRODUCT_DEFINITION_SHAPE('','',#6906);
#6906 = PRODUCT_DEFINITION('design','',#6907,#6910);
#6907 = PRODUCT_DEFINITION_FORMATION('','',#6908);
#6908 = PRODUCT('CableTray_Drop_01','CableTray_Drop_01','',(#6909));
#6909 = PRODUCT_CONTEXT('',#2,'mechanical');
#6910 = PRODUCT_DEFINITION_CONTEXT('part definition',#2,'design');
#6911 = ADVANCED_BREP_SHAPE_REPRESENTATION('',(#11,#6912),#7062);
#6912 = MANIFOLD_SOLID_BREP('',#6913);
#6913 = CLOSED_SHELL('',(#6914,#6954,#6994,#7016,#7038,#7050));
#6914 = ADVANCED_FACE('',(#6915),#6949,.F.);
#6915 = FACE_BOUND('',#6916,.F.);
#6916 = EDGE_LOOP('',(#6917,#6927,#6935,#6943));
#6917 = ORIENTED_EDGE('',*,*,#6918,.F.);
#6918 = EDGE_CURVE('',#6919,#6921,#6923,.T.);
#6919 = VERTEX_POINT('',#6920);
#6920 = CARTESIAN_POINT('',(4.32E+03,2.14E+03,2.18E+03));
#6921 = VERTEX_POINT('',#6922);
#6922 = CARTESIAN_POINT('',(4.32E+03,2.14E+03,2.88E+03));
#6923 = LINE('',#6924,#6925);
#6924 = CARTESIAN_POINT('',(4.32E+03,2.14E+03,2.18E+03));
#6925 = VECTOR('',#6926,1.);
#6926 = DIRECTION('',(0.,0.,1.));
#6927 = ORIENTED_EDGE('',*,*,#6928,.T.);
#6928 = EDGE_CURVE('',#6919,#6929,#6931,.T.);
#6929 = VERTEX_POINT('',#6930);
#6930 = CARTESIAN_POINT('',(4.32E+03,2.26E+03,2.18E+03));
#6931 = LINE('',#6932,#6933);
#6932 = CARTESIAN_POINT('',(4.32E+03,2.14E+03,2.18E+03));
#6933 = VECTOR('',#6934,1.);
#6934 = DIRECTION('',(-0.,1.,0.));
#6935 = ORIENTED_EDGE('',*,*,#6936,.T.);
#6936 = EDGE_CURVE('',#6929,#6937,#6939,.T.);
#6937 = VERTEX_POINT('',#6938);
#6938 = CARTESIAN_POINT('',(4.32E+03,2.26E+03,2.88E+03));
#6939 = LINE('',#6940,#6941);
#6940 = CARTESIAN_POINT('',(4.32E+03,2.26E+03,2.18E+03));
#6941 = VECTOR('',#6942,1.);
#6942 = DIRECTION('',(0.,0.,1.));
#6943 = ORIENTED_EDGE('',*,*,#6944,.F.);
#6944 = EDGE_CURVE('',#6921,#6937,#6945,.T.);
#6945 = LINE('',#6946,#6947);
#6946 = CARTESIAN_POINT('',(4.32E+03,2.14E+03,2.88E+03));
#6947 = VECTOR('',#6948,1.);
#6948 = DIRECTION('',(-0.,1.,0.));
#6949 = PLANE('',#6950);
#6950 = AXIS2_PLACEMENT_3D('',#6951,#6952,#6953);
#6951 = CARTESIAN_POINT('',(4.32E+03,2.14E+03,2.18E+03));
#6952 = DIRECTION('',(1.,0.,-0.));
#6953 = DIRECTION('',(0.,0.,1.));
#6954 = ADVANCED_FACE('',(#6955),#6989,.T.);
#6955 = FACE_BOUND('',#6956,.T.);
#6956 = EDGE_LOOP('',(#6957,#6967,#6975,#6983));
#6957 = ORIENTED_EDGE('',*,*,#6958,.F.);
#6958 = EDGE_CURVE('',#6959,#6961,#6963,.T.);
#6959 = VERTEX_POINT('',#6960);
#6960 = CARTESIAN_POINT('',(4.44E+03,2.14E+03,2.18E+03));
#6961 = VERTEX_POINT('',#6962);
#6962 = CARTESIAN_POINT('',(4.44E+03,2.14E+03,2.88E+03));
#6963 = LINE('',#6964,#6965);
#6964 = CARTESIAN_POINT('',(4.44E+03,2.14E+03,2.18E+03));
#6965 = VECTOR('',#6966,1.);
#6966 = DIRECTION('',(0.,0.,1.));
#6967 = ORIENTED_EDGE('',*,*,#6968,.T.);
#6968 = EDGE_CURVE('',#6959,#6969,#6971,.T.);
#6969 = VERTEX_POINT('',#6970);
#6970 = CARTESIAN_POINT('',(4.44E+03,2.26E+03,2.18E+03));
#6971 = LINE('',#6972,#6973);
#6972 = CARTESIAN_POINT('',(4.44E+03,2.14E+03,2.18E+03));
#6973 = VECTOR('',#6974,1.);
#6974 = DIRECTION('',(-0.,1.,0.));
#6975 = ORIENTED_EDGE('',*,*,#6976,.T.);
#6976 = EDGE_CURVE('',#6969,#6977,#6979,.T.);
#6977 = VERTEX_POINT('',#6978);
#6978 = CARTESIAN_POINT('',(4.44E+03,2.26E+03,2.88E+03));
#6979 = LINE('',#6980,#6981);
#6980 = CARTESIAN_POINT('',(4.44E+03,2.26E+03,2.18E+03));
#6981 = VECTOR('',#6982,1.);
#6982 = DIRECTION('',(0.,0.,1.));
#6983 = ORIENTED_EDGE('',*,*,#6984,.F.);
#6984 = EDGE_CURVE('',#6961,#6977,#6985,.T.);
#6985 = LINE('',#6986,#6987);
#6986 = CARTESIAN_POINT('',(4.44E+03,2.14E+03,2.88E+03));
#6987 = VECTOR('',#6988,1.);
#6988 = DIRECTION('',(-0.,1.,0.));
#6989 = PLANE('',#6990);
#6990 = AXIS2_PLACEMENT_3D('',#6991,#6992,#6993);
#6991 = CARTESIAN_POINT('',(4.44E+03,2.14E+03,2.18E+03));
#6992 = DIRECTION('',(1.,0.,-0.));
#6993 = DIRECTION('',(0.,0.,1.));
#6994 = ADVANCED_FACE('',(#6995),#7011,.F.);
#6995 = FACE_BOUND('',#6996,.F.);
#6996 = EDGE_LOOP('',(#6997,#7003,#7004,#7010));
#6997 = ORIENTED_EDGE('',*,*,#6998,.F.);
#6998 = EDGE_CURVE('',#6919,#6959,#6999,.T.);
#6999 = LINE('',#7000,#7001);
#7000 = CARTESIAN_POINT('',(4.32E+03,2.14E+03,2.18E+03));
#7001 = VECTOR('',#7002,1.);
#7002 = DIRECTION('',(1.,0.,-0.));
#7003 = ORIENTED_EDGE('',*,*,#6918,.T.);
#7004 = ORIENTED_EDGE('',*,*,#7005,.T.);
#7005 = EDGE_CURVE('',#6921,#6961,#7006,.T.);
#7006 = LINE('',#7007,#7008);
#7007 = CARTESIAN_POINT('',(4.32E+03,2.14E+03,2.88E+03));
#7008 = VECTOR('',#7009,1.);
#7009 = DIRECTION('',(1.,0.,-0.));
#7010 = ORIENTED_EDGE('',*,*,#6958,.F.);
#7011 = PLANE('',#7012);
#7012 = AXIS2_PLACEMENT_3D('',#7013,#7014,#7015);
#7013 = CARTESIAN_POINT('',(4.32E+03,2.14E+03,2.18E+03));
#7014 = DIRECTION('',(-0.,1.,0.));
#7015 = DIRECTION('',(0.,0.,1.));
#7016 = ADVANCED_FACE('',(#7017),#7033,.T.);
#7017 = FACE_BOUND('',#7018,.T.);
#7018 = EDGE_LOOP('',(#7019,#7025,#7026,#7032));
#7019 = ORIENTED_EDGE('',*,*,#7020,.F.);
#7020 = EDGE_CURVE('',#6929,#6969,#7021,.T.);
#7021 = LINE('',#7022,#7023);
#7022 = CARTESIAN_POINT('',(4.32E+03,2.26E+03,2.18E+03));
#7023 = VECTOR('',#7024,1.);
#7024 = DIRECTION('',(1.,0.,-0.));
#7025 = ORIENTED_EDGE('',*,*,#6936,.T.);
#7026 = ORIENTED_EDGE('',*,*,#7027,.T.);
#7027 = EDGE_CURVE('',#6937,#6977,#7028,.T.);
#7028 = LINE('',#7029,#7030);
#7029 = CARTESIAN_POINT('',(4.32E+03,2.26E+03,2.88E+03));
#7030 = VECTOR('',#7031,1.);
#7031 = DIRECTION('',(1.,0.,-0.));
#7032 = ORIENTED_EDGE('',*,*,#6976,.F.);
#7033 = PLANE('',#7034);
#7034 = AXIS2_PLACEMENT_3D('',#7035,#7036,#7037);
#7035 = CARTESIAN_POINT('',(4.32E+03,2.26E+03,2.18E+03));
#7036 = DIRECTION('',(-0.,1.,0.));
#7037 = DIRECTION('',(0.,0.,1.));
#7038 = ADVANCED_FACE('',(#7039),#7045,.F.);
#7039 = FACE_BOUND('',#7040,.F.);
#7040 = EDGE_LOOP('',(#7041,#7042,#7043,#7044));
#7041 = ORIENTED_EDGE('',*,*,#6928,.F.);
#7042 = ORIENTED_EDGE('',*,*,#6998,.T.);
#7043 = ORIENTED_EDGE('',*,*,#6968,.T.);
#7044 = ORIENTED_EDGE('',*,*,#7020,.F.);
#7045 = PLANE('',#7046);
#7046 = AXIS2_PLACEMENT_3D('',#7047,#7048,#7049);
#7047 = CARTESIAN_POINT('',(4.32E+03,2.14E+03,2.18E+03));
#7048 = DIRECTION('',(0.,0.,1.));
#7049 = DIRECTION('',(1.,0.,-0.));
#7050 = ADVANCED_FACE('',(#7051),#7057,.T.);
#7051 = FACE_BOUND('',#7052,.T.);
#7052 = EDGE_LOOP('',(#7053,#7054,#7055,#7056));
#7053 = ORIENTED_EDGE('',*,*,#6944,.F.);
#7054 = ORIENTED_EDGE('',*,*,#7005,.T.);
#7055 = ORIENTED_EDGE('',*,*,#6984,.T.);
#7056 = ORIENTED_EDGE('',*,*,#7027,.F.);
#7057 = PLANE('',#7058);
#7058 = AXIS2_PLACEMENT_3D('',#7059,#7060,#7061);
#7059 = CARTESIAN_POINT('',(4.32E+03,2.14E+03,2.88E+03));
#7060 = DIRECTION('',(0.,0.,1.));
#7061 = DIRECTION('',(1.,0.,-0.));
#7062 = ( GEOMETRIC_REPRESENTATION_CONTEXT(3) 
GLOBAL_UNCERTAINTY_ASSIGNED_CONTEXT((#7066)) 
GLOBAL_UNIT_ASSIGNED_CONTEXT((#7063,#7064,#7065)) REPRESENTATION_CONTEXT
('Context #1','3D Context with UNIT and UNCERTAINTY') );
#7063 = ( LENGTH_UNIT() NAMED_UNIT(*) SI_UNIT(.MILLI.,.METRE.) );
#7064 = ( NAMED_UNIT(*) PLANE_ANGLE_UNIT() SI_UNIT($,.RADIAN.) );
#7065 = ( NAMED_UNIT(*) SI_UNIT($,.STERADIAN.) SOLID_ANGLE_UNIT() );
#7066 = UNCERTAINTY_MEASURE_WITH_UNIT(LENGTH_MEASURE(1.E-07),#7063,
  'distance_accuracy_value','confusion accuracy');
#7067 = CONTEXT_DEPENDENT_SHAPE_REPRESENTATION(#7068,#7070);
#7068 = ( REPRESENTATION_RELATIONSHIP('','',#6911,#10) 
REPRESENTATION_RELATIONSHIP_WITH_TRANSFORMATION(#7069) 
SHAPE_REPRESENTATION_RELATIONSHIP() );
#7069 = ITEM_DEFINED_TRANSFORMATION('','',#11,#207);
#7070 = PRODUCT_DEFINITION_SHAPE('Placement','Placement of an item',
  #7071);
#7071 = NEXT_ASSEMBLY_USAGE_OCCURRENCE('49','CableTray_Drop_01','',#5,
  #6906,$);
#7072 = PRODUCT_RELATED_PRODUCT_CATEGORY('part',$,(#6908));
#7073 = SHAPE_DEFINITION_REPRESENTATION(#7074,#7080);
#7074 = PRODUCT_DEFINITION_SHAPE('','',#7075);
#7075 = PRODUCT_DEFINITION('design','',#7076,#7079);
#7076 = PRODUCT_DEFINITION_FORMATION('','',#7077);
#7077 = PRODUCT('Support_PipeBracket_01','Support_PipeBracket_01','',(
    #7078));
#7078 = PRODUCT_CONTEXT('',#2,'mechanical');
#7079 = PRODUCT_DEFINITION_CONTEXT('part definition',#2,'design');
#7080 = ADVANCED_BREP_SHAPE_REPRESENTATION('',(#11,#7081),#7231);
#7081 = MANIFOLD_SOLID_BREP('',#7082);
#7082 = CLOSED_SHELL('',(#7083,#7123,#7163,#7185,#7207,#7219));
#7083 = ADVANCED_FACE('',(#7084),#7118,.F.);
#7084 = FACE_BOUND('',#7085,.F.);
#7085 = EDGE_LOOP('',(#7086,#7096,#7104,#7112));
#7086 = ORIENTED_EDGE('',*,*,#7087,.F.);
#7087 = EDGE_CURVE('',#7088,#7090,#7092,.T.);
#7088 = VERTEX_POINT('',#7089);
#7089 = CARTESIAN_POINT('',(1.8E+03,2.78E+03,200.));
#7090 = VERTEX_POINT('',#7091);
#7091 = CARTESIAN_POINT('',(1.8E+03,2.78E+03,500.));
#7092 = LINE('',#7093,#7094);
#7093 = CARTESIAN_POINT('',(1.8E+03,2.78E+03,200.));
#7094 = VECTOR('',#7095,1.);
#7095 = DIRECTION('',(0.,0.,1.));
#7096 = ORIENTED_EDGE('',*,*,#7097,.T.);
#7097 = EDGE_CURVE('',#7088,#7098,#7100,.T.);
#7098 = VERTEX_POINT('',#7099);
#7099 = CARTESIAN_POINT('',(1.8E+03,2.9E+03,200.));
#7100 = LINE('',#7101,#7102);
#7101 = CARTESIAN_POINT('',(1.8E+03,2.78E+03,200.));
#7102 = VECTOR('',#7103,1.);
#7103 = DIRECTION('',(-0.,1.,0.));
#7104 = ORIENTED_EDGE('',*,*,#7105,.T.);
#7105 = EDGE_CURVE('',#7098,#7106,#7108,.T.);
#7106 = VERTEX_POINT('',#7107);
#7107 = CARTESIAN_POINT('',(1.8E+03,2.9E+03,500.));
#7108 = LINE('',#7109,#7110);
#7109 = CARTESIAN_POINT('',(1.8E+03,2.9E+03,200.));
#7110 = VECTOR('',#7111,1.);
#7111 = DIRECTION('',(0.,0.,1.));
#7112 = ORIENTED_EDGE('',*,*,#7113,.F.);
#7113 = EDGE_CURVE('',#7090,#7106,#7114,.T.);
#7114 = LINE('',#7115,#7116);
#7115 = CARTESIAN_POINT('',(1.8E+03,2.78E+03,500.));
#7116 = VECTOR('',#7117,1.);
#7117 = DIRECTION('',(-0.,1.,0.));
#7118 = PLANE('',#7119);
#7119 = AXIS2_PLACEMENT_3D('',#7120,#7121,#7122);
#7120 = CARTESIAN_POINT('',(1.8E+03,2.78E+03,200.));
#7121 = DIRECTION('',(1.,0.,-0.));
#7122 = DIRECTION('',(0.,0.,1.));
#7123 = ADVANCED_FACE('',(#7124),#7158,.T.);
#7124 = FACE_BOUND('',#7125,.T.);
#7125 = EDGE_LOOP('',(#7126,#7136,#7144,#7152));
#7126 = ORIENTED_EDGE('',*,*,#7127,.F.);
#7127 = EDGE_CURVE('',#7128,#7130,#7132,.T.);
#7128 = VERTEX_POINT('',#7129);
#7129 = CARTESIAN_POINT('',(2.02E+03,2.78E+03,200.));
#7130 = VERTEX_POINT('',#7131);
#7131 = CARTESIAN_POINT('',(2.02E+03,2.78E+03,500.));
#7132 = LINE('',#7133,#7134);
#7133 = CARTESIAN_POINT('',(2.02E+03,2.78E+03,200.));
#7134 = VECTOR('',#7135,1.);
#7135 = DIRECTION('',(0.,0.,1.));
#7136 = ORIENTED_EDGE('',*,*,#7137,.T.);
#7137 = EDGE_CURVE('',#7128,#7138,#7140,.T.);
#7138 = VERTEX_POINT('',#7139);
#7139 = CARTESIAN_POINT('',(2.02E+03,2.9E+03,200.));
#7140 = LINE('',#7141,#7142);
#7141 = CARTESIAN_POINT('',(2.02E+03,2.78E+03,200.));
#7142 = VECTOR('',#7143,1.);
#7143 = DIRECTION('',(-0.,1.,0.));
#7144 = ORIENTED_EDGE('',*,*,#7145,.T.);
#7145 = EDGE_CURVE('',#7138,#7146,#7148,.T.);
#7146 = VERTEX_POINT('',#7147);
#7147 = CARTESIAN_POINT('',(2.02E+03,2.9E+03,500.));
#7148 = LINE('',#7149,#7150);
#7149 = CARTESIAN_POINT('',(2.02E+03,2.9E+03,200.));
#7150 = VECTOR('',#7151,1.);
#7151 = DIRECTION('',(0.,0.,1.));
#7152 = ORIENTED_EDGE('',*,*,#7153,.F.);
#7153 = EDGE_CURVE('',#7130,#7146,#7154,.T.);
#7154 = LINE('',#7155,#7156);
#7155 = CARTESIAN_POINT('',(2.02E+03,2.78E+03,500.));
#7156 = VECTOR('',#7157,1.);
#7157 = DIRECTION('',(-0.,1.,0.));
#7158 = PLANE('',#7159);
#7159 = AXIS2_PLACEMENT_3D('',#7160,#7161,#7162);
#7160 = CARTESIAN_POINT('',(2.02E+03,2.78E+03,200.));
#7161 = DIRECTION('',(1.,0.,-0.));
#7162 = DIRECTION('',(0.,0.,1.));
#7163 = ADVANCED_FACE('',(#7164),#7180,.F.);
#7164 = FACE_BOUND('',#7165,.F.);
#7165 = EDGE_LOOP('',(#7166,#7172,#7173,#7179));
#7166 = ORIENTED_EDGE('',*,*,#7167,.F.);
#7167 = EDGE_CURVE('',#7088,#7128,#7168,.T.);
#7168 = LINE('',#7169,#7170);
#7169 = CARTESIAN_POINT('',(1.8E+03,2.78E+03,200.));
#7170 = VECTOR('',#7171,1.);
#7171 = DIRECTION('',(1.,0.,-0.));
#7172 = ORIENTED_EDGE('',*,*,#7087,.T.);
#7173 = ORIENTED_EDGE('',*,*,#7174,.T.);
#7174 = EDGE_CURVE('',#7090,#7130,#7175,.T.);
#7175 = LINE('',#7176,#7177);
#7176 = CARTESIAN_POINT('',(1.8E+03,2.78E+03,500.));
#7177 = VECTOR('',#7178,1.);
#7178 = DIRECTION('',(1.,0.,-0.));
#7179 = ORIENTED_EDGE('',*,*,#7127,.F.);
#7180 = PLANE('',#7181);
#7181 = AXIS2_PLACEMENT_3D('',#7182,#7183,#7184);
#7182 = CARTESIAN_POINT('',(1.8E+03,2.78E+03,200.));
#7183 = DIRECTION('',(-0.,1.,0.));
#7184 = DIRECTION('',(0.,0.,1.));
#7185 = ADVANCED_FACE('',(#7186),#7202,.T.);
#7186 = FACE_BOUND('',#7187,.T.);
#7187 = EDGE_LOOP('',(#7188,#7194,#7195,#7201));
#7188 = ORIENTED_EDGE('',*,*,#7189,.F.);
#7189 = EDGE_CURVE('',#7098,#7138,#7190,.T.);
#7190 = LINE('',#7191,#7192);
#7191 = CARTESIAN_POINT('',(1.8E+03,2.9E+03,200.));
#7192 = VECTOR('',#7193,1.);
#7193 = DIRECTION('',(1.,0.,-0.));
#7194 = ORIENTED_EDGE('',*,*,#7105,.T.);
#7195 = ORIENTED_EDGE('',*,*,#7196,.T.);
#7196 = EDGE_CURVE('',#7106,#7146,#7197,.T.);
#7197 = LINE('',#7198,#7199);
#7198 = CARTESIAN_POINT('',(1.8E+03,2.9E+03,500.));
#7199 = VECTOR('',#7200,1.);
#7200 = DIRECTION('',(1.,0.,-0.));
#7201 = ORIENTED_EDGE('',*,*,#7145,.F.);
#7202 = PLANE('',#7203);
#7203 = AXIS2_PLACEMENT_3D('',#7204,#7205,#7206);
#7204 = CARTESIAN_POINT('',(1.8E+03,2.9E+03,200.));
#7205 = DIRECTION('',(-0.,1.,0.));
#7206 = DIRECTION('',(0.,0.,1.));
#7207 = ADVANCED_FACE('',(#7208),#7214,.F.);
#7208 = FACE_BOUND('',#7209,.F.);
#7209 = EDGE_LOOP('',(#7210,#7211,#7212,#7213));
#7210 = ORIENTED_EDGE('',*,*,#7097,.F.);
#7211 = ORIENTED_EDGE('',*,*,#7167,.T.);
#7212 = ORIENTED_EDGE('',*,*,#7137,.T.);
#7213 = ORIENTED_EDGE('',*,*,#7189,.F.);
#7214 = PLANE('',#7215);
#7215 = AXIS2_PLACEMENT_3D('',#7216,#7217,#7218);
#7216 = CARTESIAN_POINT('',(1.8E+03,2.78E+03,200.));
#7217 = DIRECTION('',(0.,0.,1.));
#7218 = DIRECTION('',(1.,0.,-0.));
#7219 = ADVANCED_FACE('',(#7220),#7226,.T.);
#7220 = FACE_BOUND('',#7221,.T.);
#7221 = EDGE_LOOP('',(#7222,#7223,#7224,#7225));
#7222 = ORIENTED_EDGE('',*,*,#7113,.F.);
#7223 = ORIENTED_EDGE('',*,*,#7174,.T.);
#7224 = ORIENTED_EDGE('',*,*,#7153,.T.);
#7225 = ORIENTED_EDGE('',*,*,#7196,.F.);
#7226 = PLANE('',#7227);
#7227 = AXIS2_PLACEMENT_3D('',#7228,#7229,#7230);
#7228 = CARTESIAN_POINT('',(1.8E+03,2.78E+03,500.));
#7229 = DIRECTION('',(0.,0.,1.));
#7230 = DIRECTION('',(1.,0.,-0.));
#7231 = ( GEOMETRIC_REPRESENTATION_CONTEXT(3) 
GLOBAL_UNCERTAINTY_ASSIGNED_CONTEXT((#7235)) 
GLOBAL_UNIT_ASSIGNED_CONTEXT((#7232,#7233,#7234)) REPRESENTATION_CONTEXT
('Context #1','3D Context with UNIT and UNCERTAINTY') );
#7232 = ( LENGTH_UNIT() NAMED_UNIT(*) SI_UNIT(.MILLI.,.METRE.) );
#7233 = ( NAMED_UNIT(*) PLANE_ANGLE_UNIT() SI_UNIT($,.RADIAN.) );
#7234 = ( NAMED_UNIT(*) SI_UNIT($,.STERADIAN.) SOLID_ANGLE_UNIT() );
#7235 = UNCERTAINTY_MEASURE_WITH_UNIT(LENGTH_MEASURE(1.E-07),#7232,
  'distance_accuracy_value','confusion accuracy');
#7236 = CONTEXT_DEPENDENT_SHAPE_REPRESENTATION(#7237,#7239);
#7237 = ( REPRESENTATION_RELATIONSHIP('','',#7080,#10) 
REPRESENTATION_RELATIONSHIP_WITH_TRANSFORMATION(#7238) 
SHAPE_REPRESENTATION_RELATIONSHIP() );
#7238 = ITEM_DEFINED_TRANSFORMATION('','',#11,#211);
#7239 = PRODUCT_DEFINITION_SHAPE('Placement','Placement of an item',
  #7240);
#7240 = NEXT_ASSEMBLY_USAGE_OCCURRENCE('50','Support_PipeBracket_01','',
  #5,#7075,$);
#7241 = PRODUCT_RELATED_PRODUCT_CATEGORY('part',$,(#7077));
#7242 = SHAPE_DEFINITION_REPRESENTATION(#7243,#7249);
#7243 = PRODUCT_DEFINITION_SHAPE('','',#7244);
#7244 = PRODUCT_DEFINITION('design','',#7245,#7248);
#7245 = PRODUCT_DEFINITION_FORMATION('','',#7246);
#7246 = PRODUCT('Support_PipeBracket_02','Support_PipeBracket_02','',(
    #7247));
#7247 = PRODUCT_CONTEXT('',#2,'mechanical');
#7248 = PRODUCT_DEFINITION_CONTEXT('part definition',#2,'design');
#7249 = ADVANCED_BREP_SHAPE_REPRESENTATION('',(#11,#7250),#7400);
#7250 = MANIFOLD_SOLID_BREP('',#7251);
#7251 = CLOSED_SHELL('',(#7252,#7292,#7332,#7354,#7376,#7388));
#7252 = ADVANCED_FACE('',(#7253),#7287,.F.);
#7253 = FACE_BOUND('',#7254,.F.);
#7254 = EDGE_LOOP('',(#7255,#7265,#7273,#7281));
#7255 = ORIENTED_EDGE('',*,*,#7256,.F.);
#7256 = EDGE_CURVE('',#7257,#7259,#7261,.T.);
#7257 = VERTEX_POINT('',#7258);
#7258 = CARTESIAN_POINT('',(3.3E+03,2.78E+03,200.));
#7259 = VERTEX_POINT('',#7260);
#7260 = CARTESIAN_POINT('',(3.3E+03,2.78E+03,500.));
#7261 = LINE('',#7262,#7263);
#7262 = CARTESIAN_POINT('',(3.3E+03,2.78E+03,200.));
#7263 = VECTOR('',#7264,1.);
#7264 = DIRECTION('',(0.,0.,1.));
#7265 = ORIENTED_EDGE('',*,*,#7266,.T.);
#7266 = EDGE_CURVE('',#7257,#7267,#7269,.T.);
#7267 = VERTEX_POINT('',#7268);
#7268 = CARTESIAN_POINT('',(3.3E+03,2.9E+03,200.));
#7269 = LINE('',#7270,#7271);
#7270 = CARTESIAN_POINT('',(3.3E+03,2.78E+03,200.));
#7271 = VECTOR('',#7272,1.);
#7272 = DIRECTION('',(-0.,1.,0.));
#7273 = ORIENTED_EDGE('',*,*,#7274,.T.);
#7274 = EDGE_CURVE('',#7267,#7275,#7277,.T.);
#7275 = VERTEX_POINT('',#7276);
#7276 = CARTESIAN_POINT('',(3.3E+03,2.9E+03,500.));
#7277 = LINE('',#7278,#7279);
#7278 = CARTESIAN_POINT('',(3.3E+03,2.9E+03,200.));
#7279 = VECTOR('',#7280,1.);
#7280 = DIRECTION('',(0.,0.,1.));
#7281 = ORIENTED_EDGE('',*,*,#7282,.F.);
#7282 = EDGE_CURVE('',#7259,#7275,#7283,.T.);
#7283 = LINE('',#7284,#7285);
#7284 = CARTESIAN_POINT('',(3.3E+03,2.78E+03,500.));
#7285 = VECTOR('',#7286,1.);
#7286 = DIRECTION('',(-0.,1.,0.));
#7287 = PLANE('',#7288);
#7288 = AXIS2_PLACEMENT_3D('',#7289,#7290,#7291);
#7289 = CARTESIAN_POINT('',(3.3E+03,2.78E+03,200.));
#7290 = DIRECTION('',(1.,0.,-0.));
#7291 = DIRECTION('',(0.,0.,1.));
#7292 = ADVANCED_FACE('',(#7293),#7327,.T.);
#7293 = FACE_BOUND('',#7294,.T.);
#7294 = EDGE_LOOP('',(#7295,#7305,#7313,#7321));
#7295 = ORIENTED_EDGE('',*,*,#7296,.F.);
#7296 = EDGE_CURVE('',#7297,#7299,#7301,.T.);
#7297 = VERTEX_POINT('',#7298);
#7298 = CARTESIAN_POINT('',(3.52E+03,2.78E+03,200.));
#7299 = VERTEX_POINT('',#7300);
#7300 = CARTESIAN_POINT('',(3.52E+03,2.78E+03,500.));
#7301 = LINE('',#7302,#7303);
#7302 = CARTESIAN_POINT('',(3.52E+03,2.78E+03,200.));
#7303 = VECTOR('',#7304,1.);
#7304 = DIRECTION('',(0.,0.,1.));
#7305 = ORIENTED_EDGE('',*,*,#7306,.T.);
#7306 = EDGE_CURVE('',#7297,#7307,#7309,.T.);
#7307 = VERTEX_POINT('',#7308);
#7308 = CARTESIAN_POINT('',(3.52E+03,2.9E+03,200.));
#7309 = LINE('',#7310,#7311);
#7310 = CARTESIAN_POINT('',(3.52E+03,2.78E+03,200.));
#7311 = VECTOR('',#7312,1.);
#7312 = DIRECTION('',(-0.,1.,0.));
#7313 = ORIENTED_EDGE('',*,*,#7314,.T.);
#7314 = EDGE_CURVE('',#7307,#7315,#7317,.T.);
#7315 = VERTEX_POINT('',#7316);
#7316 = CARTESIAN_POINT('',(3.52E+03,2.9E+03,500.));
#7317 = LINE('',#7318,#7319);
#7318 = CARTESIAN_POINT('',(3.52E+03,2.9E+03,200.));
#7319 = VECTOR('',#7320,1.);
#7320 = DIRECTION('',(0.,0.,1.));
#7321 = ORIENTED_EDGE('',*,*,#7322,.F.);
#7322 = EDGE_CURVE('',#7299,#7315,#7323,.T.);
#7323 = LINE('',#7324,#7325);
#7324 = CARTESIAN_POINT('',(3.52E+03,2.78E+03,500.));
#7325 = VECTOR('',#7326,1.);
#7326 = DIRECTION('',(-0.,1.,0.));
#7327 = PLANE('',#7328);
#7328 = AXIS2_PLACEMENT_3D('',#7329,#7330,#7331);
#7329 = CARTESIAN_POINT('',(3.52E+03,2.78E+03,200.));
#7330 = DIRECTION('',(1.,0.,-0.));
#7331 = DIRECTION('',(0.,0.,1.));
#7332 = ADVANCED_FACE('',(#7333),#7349,.F.);
#7333 = FACE_BOUND('',#7334,.F.);
#7334 = EDGE_LOOP('',(#7335,#7341,#7342,#7348));
#7335 = ORIENTED_EDGE('',*,*,#7336,.F.);
#7336 = EDGE_CURVE('',#7257,#7297,#7337,.T.);
#7337 = LINE('',#7338,#7339);
#7338 = CARTESIAN_POINT('',(3.3E+03,2.78E+03,200.));
#7339 = VECTOR('',#7340,1.);
#7340 = DIRECTION('',(1.,0.,-0.));
#7341 = ORIENTED_EDGE('',*,*,#7256,.T.);
#7342 = ORIENTED_EDGE('',*,*,#7343,.T.);
#7343 = EDGE_CURVE('',#7259,#7299,#7344,.T.);
#7344 = LINE('',#7345,#7346);
#7345 = CARTESIAN_POINT('',(3.3E+03,2.78E+03,500.));
#7346 = VECTOR('',#7347,1.);
#7347 = DIRECTION('',(1.,0.,-0.));
#7348 = ORIENTED_EDGE('',*,*,#7296,.F.);
#7349 = PLANE('',#7350);
#7350 = AXIS2_PLACEMENT_3D('',#7351,#7352,#7353);
#7351 = CARTESIAN_POINT('',(3.3E+03,2.78E+03,200.));
#7352 = DIRECTION('',(-0.,1.,0.));
#7353 = DIRECTION('',(0.,0.,1.));
#7354 = ADVANCED_FACE('',(#7355),#7371,.T.);
#7355 = FACE_BOUND('',#7356,.T.);
#7356 = EDGE_LOOP('',(#7357,#7363,#7364,#7370));
#7357 = ORIENTED_EDGE('',*,*,#7358,.F.);
#7358 = EDGE_CURVE('',#7267,#7307,#7359,.T.);
#7359 = LINE('',#7360,#7361);
#7360 = CARTESIAN_POINT('',(3.3E+03,2.9E+03,200.));
#7361 = VECTOR('',#7362,1.);
#7362 = DIRECTION('',(1.,0.,-0.));
#7363 = ORIENTED_EDGE('',*,*,#7274,.T.);
#7364 = ORIENTED_EDGE('',*,*,#7365,.T.);
#7365 = EDGE_CURVE('',#7275,#7315,#7366,.T.);
#7366 = LINE('',#7367,#7368);
#7367 = CARTESIAN_POINT('',(3.3E+03,2.9E+03,500.));
#7368 = VECTOR('',#7369,1.);
#7369 = DIRECTION('',(1.,0.,-0.));
#7370 = ORIENTED_EDGE('',*,*,#7314,.F.);
#7371 = PLANE('',#7372);
#7372 = AXIS2_PLACEMENT_3D('',#7373,#7374,#7375);
#7373 = CARTESIAN_POINT('',(3.3E+03,2.9E+03,200.));
#7374 = DIRECTION('',(-0.,1.,0.));
#7375 = DIRECTION('',(0.,0.,1.));
#7376 = ADVANCED_FACE('',(#7377),#7383,.F.);
#7377 = FACE_BOUND('',#7378,.F.);
#7378 = EDGE_LOOP('',(#7379,#7380,#7381,#7382));
#7379 = ORIENTED_EDGE('',*,*,#7266,.F.);
#7380 = ORIENTED_EDGE('',*,*,#7336,.T.);
#7381 = ORIENTED_EDGE('',*,*,#7306,.T.);
#7382 = ORIENTED_EDGE('',*,*,#7358,.F.);
#7383 = PLANE('',#7384);
#7384 = AXIS2_PLACEMENT_3D('',#7385,#7386,#7387);
#7385 = CARTESIAN_POINT('',(3.3E+03,2.78E+03,200.));
#7386 = DIRECTION('',(0.,0.,1.));
#7387 = DIRECTION('',(1.,0.,-0.));
#7388 = ADVANCED_FACE('',(#7389),#7395,.T.);
#7389 = FACE_BOUND('',#7390,.T.);
#7390 = EDGE_LOOP('',(#7391,#7392,#7393,#7394));
#7391 = ORIENTED_EDGE('',*,*,#7282,.F.);
#7392 = ORIENTED_EDGE('',*,*,#7343,.T.);
#7393 = ORIENTED_EDGE('',*,*,#7322,.T.);
#7394 = ORIENTED_EDGE('',*,*,#7365,.F.);
#7395 = PLANE('',#7396);
#7396 = AXIS2_PLACEMENT_3D('',#7397,#7398,#7399);
#7397 = CARTESIAN_POINT('',(3.3E+03,2.78E+03,500.));
#7398 = DIRECTION('',(0.,0.,1.));
#7399 = DIRECTION('',(1.,0.,-0.));
#7400 = ( GEOMETRIC_REPRESENTATION_CONTEXT(3) 
GLOBAL_UNCERTAINTY_ASSIGNED_CONTEXT((#7404)) 
GLOBAL_UNIT_ASSIGNED_CONTEXT((#7401,#7402,#7403)) REPRESENTATION_CONTEXT
('Context #1','3D Context with UNIT and UNCERTAINTY') );
#7401 = ( LENGTH_UNIT() NAMED_UNIT(*) SI_UNIT(.MILLI.,.METRE.) );
#7402 = ( NAMED_UNIT(*) PLANE_ANGLE_UNIT() SI_UNIT($,.RADIAN.) );
#7403 = ( NAMED_UNIT(*) SI_UNIT($,.STERADIAN.) SOLID_ANGLE_UNIT() );
#7404 = UNCERTAINTY_MEASURE_WITH_UNIT(LENGTH_MEASURE(1.E-07),#7401,
  'distance_accuracy_value','confusion accuracy');
#7405 = CONTEXT_DEPENDENT_SHAPE_REPRESENTATION(#7406,#7408);
#7406 = ( REPRESENTATION_RELATIONSHIP('','',#7249,#10) 
REPRESENTATION_RELATIONSHIP_WITH_TRANSFORMATION(#7407) 
SHAPE_REPRESENTATION_RELATIONSHIP() );
#7407 = ITEM_DEFINED_TRANSFORMATION('','',#11,#215);
#7408 = PRODUCT_DEFINITION_SHAPE('Placement','Placement of an item',
  #7409);
#7409 = NEXT_ASSEMBLY_USAGE_OCCURRENCE('51','Support_PipeBracket_02','',
  #5,#7244,$);
#7410 = PRODUCT_RELATED_PRODUCT_CATEGORY('part',$,(#7246));
#7411 = SHAPE_DEFINITION_REPRESENTATION(#7412,#7418);
#7412 = PRODUCT_DEFINITION_SHAPE('','',#7413);
#7413 = PRODUCT_DEFINITION('design','',#7414,#7417);
#7414 = PRODUCT_DEFINITION_FORMATION('','',#7415);
#7415 = PRODUCT('Support_PipeBracket_03','Support_PipeBracket_03','',(
    #7416));
#7416 = PRODUCT_CONTEXT('',#2,'mechanical');
#7417 = PRODUCT_DEFINITION_CONTEXT('part definition',#2,'design');
#7418 = ADVANCED_BREP_SHAPE_REPRESENTATION('',(#11,#7419),#7569);
#7419 = MANIFOLD_SOLID_BREP('',#7420);
#7420 = CLOSED_SHELL('',(#7421,#7461,#7501,#7523,#7545,#7557));
#7421 = ADVANCED_FACE('',(#7422),#7456,.F.);
#7422 = FACE_BOUND('',#7423,.F.);
#7423 = EDGE_LOOP('',(#7424,#7434,#7442,#7450));
#7424 = ORIENTED_EDGE('',*,*,#7425,.F.);
#7425 = EDGE_CURVE('',#7426,#7428,#7430,.T.);
#7426 = VERTEX_POINT('',#7427);
#7427 = CARTESIAN_POINT('',(4.45E+03,2.78E+03,200.));
#7428 = VERTEX_POINT('',#7429);
#7429 = CARTESIAN_POINT('',(4.45E+03,2.78E+03,500.));
#7430 = LINE('',#7431,#7432);
#7431 = CARTESIAN_POINT('',(4.45E+03,2.78E+03,200.));
#7432 = VECTOR('',#7433,1.);
#7433 = DIRECTION('',(0.,0.,1.));
#7434 = ORIENTED_EDGE('',*,*,#7435,.T.);
#7435 = EDGE_CURVE('',#7426,#7436,#7438,.T.);
#7436 = VERTEX_POINT('',#7437);
#7437 = CARTESIAN_POINT('',(4.45E+03,2.9E+03,200.));
#7438 = LINE('',#7439,#7440);
#7439 = CARTESIAN_POINT('',(4.45E+03,2.78E+03,200.));
#7440 = VECTOR('',#7441,1.);
#7441 = DIRECTION('',(-0.,1.,0.));
#7442 = ORIENTED_EDGE('',*,*,#7443,.T.);
#7443 = EDGE_CURVE('',#7436,#7444,#7446,.T.);
#7444 = VERTEX_POINT('',#7445);
#7445 = CARTESIAN_POINT('',(4.45E+03,2.9E+03,500.));
#7446 = LINE('',#7447,#7448);
#7447 = CARTESIAN_POINT('',(4.45E+03,2.9E+03,200.));
#7448 = VECTOR('',#7449,1.);
#7449 = DIRECTION('',(0.,0.,1.));
#7450 = ORIENTED_EDGE('',*,*,#7451,.F.);
#7451 = EDGE_CURVE('',#7428,#7444,#7452,.T.);
#7452 = LINE('',#7453,#7454);
#7453 = CARTESIAN_POINT('',(4.45E+03,2.78E+03,500.));
#7454 = VECTOR('',#7455,1.);
#7455 = DIRECTION('',(-0.,1.,0.));
#7456 = PLANE('',#7457);
#7457 = AXIS2_PLACEMENT_3D('',#7458,#7459,#7460);
#7458 = CARTESIAN_POINT('',(4.45E+03,2.78E+03,200.));
#7459 = DIRECTION('',(1.,0.,-0.));
#7460 = DIRECTION('',(0.,0.,1.));
#7461 = ADVANCED_FACE('',(#7462),#7496,.T.);
#7462 = FACE_BOUND('',#7463,.T.);
#7463 = EDGE_LOOP('',(#7464,#7474,#7482,#7490));
#7464 = ORIENTED_EDGE('',*,*,#7465,.F.);
#7465 = EDGE_CURVE('',#7466,#7468,#7470,.T.);
#7466 = VERTEX_POINT('',#7467);
#7467 = CARTESIAN_POINT('',(4.67E+03,2.78E+03,200.));
#7468 = VERTEX_POINT('',#7469);
#7469 = CARTESIAN_POINT('',(4.67E+03,2.78E+03,500.));
#7470 = LINE('',#7471,#7472);
#7471 = CARTESIAN_POINT('',(4.67E+03,2.78E+03,200.));
#7472 = VECTOR('',#7473,1.);
#7473 = DIRECTION('',(0.,0.,1.));
#7474 = ORIENTED_EDGE('',*,*,#7475,.T.);
#7475 = EDGE_CURVE('',#7466,#7476,#7478,.T.);
#7476 = VERTEX_POINT('',#7477);
#7477 = CARTESIAN_POINT('',(4.67E+03,2.9E+03,200.));
#7478 = LINE('',#7479,#7480);
#7479 = CARTESIAN_POINT('',(4.67E+03,2.78E+03,200.));
#7480 = VECTOR('',#7481,1.);
#7481 = DIRECTION('',(-0.,1.,0.));
#7482 = ORIENTED_EDGE('',*,*,#7483,.T.);
#7483 = EDGE_CURVE('',#7476,#7484,#7486,.T.);
#7484 = VERTEX_POINT('',#7485);
#7485 = CARTESIAN_POINT('',(4.67E+03,2.9E+03,500.));
#7486 = LINE('',#7487,#7488);
#7487 = CARTESIAN_POINT('',(4.67E+03,2.9E+03,200.));
#7488 = VECTOR('',#7489,1.);
#7489 = DIRECTION('',(0.,0.,1.));
#7490 = ORIENTED_EDGE('',*,*,#7491,.F.);
#7491 = EDGE_CURVE('',#7468,#7484,#7492,.T.);
#7492 = LINE('',#7493,#7494);
#7493 = CARTESIAN_POINT('',(4.67E+03,2.78E+03,500.));
#7494 = VECTOR('',#7495,1.);
#7495 = DIRECTION('',(-0.,1.,0.));
#7496 = PLANE('',#7497);
#7497 = AXIS2_PLACEMENT_3D('',#7498,#7499,#7500);
#7498 = CARTESIAN_POINT('',(4.67E+03,2.78E+03,200.));
#7499 = DIRECTION('',(1.,0.,-0.));
#7500 = DIRECTION('',(0.,0.,1.));
#7501 = ADVANCED_FACE('',(#7502),#7518,.F.);
#7502 = FACE_BOUND('',#7503,.F.);
#7503 = EDGE_LOOP('',(#7504,#7510,#7511,#7517));
#7504 = ORIENTED_EDGE('',*,*,#7505,.F.);
#7505 = EDGE_CURVE('',#7426,#7466,#7506,.T.);
#7506 = LINE('',#7507,#7508);
#7507 = CARTESIAN_POINT('',(4.45E+03,2.78E+03,200.));
#7508 = VECTOR('',#7509,1.);
#7509 = DIRECTION('',(1.,0.,-0.));
#7510 = ORIENTED_EDGE('',*,*,#7425,.T.);
#7511 = ORIENTED_EDGE('',*,*,#7512,.T.);
#7512 = EDGE_CURVE('',#7428,#7468,#7513,.T.);
#7513 = LINE('',#7514,#7515);
#7514 = CARTESIAN_POINT('',(4.45E+03,2.78E+03,500.));
#7515 = VECTOR('',#7516,1.);
#7516 = DIRECTION('',(1.,0.,-0.));
#7517 = ORIENTED_EDGE('',*,*,#7465,.F.);
#7518 = PLANE('',#7519);
#7519 = AXIS2_PLACEMENT_3D('',#7520,#7521,#7522);
#7520 = CARTESIAN_POINT('',(4.45E+03,2.78E+03,200.));
#7521 = DIRECTION('',(-0.,1.,0.));
#7522 = DIRECTION('',(0.,0.,1.));
#7523 = ADVANCED_FACE('',(#7524),#7540,.T.);
#7524 = FACE_BOUND('',#7525,.T.);
#7525 = EDGE_LOOP('',(#7526,#7532,#7533,#7539));
#7526 = ORIENTED_EDGE('',*,*,#7527,.F.);
#7527 = EDGE_CURVE('',#7436,#7476,#7528,.T.);
#7528 = LINE('',#7529,#7530);
#7529 = CARTESIAN_POINT('',(4.45E+03,2.9E+03,200.));
#7530 = VECTOR('',#7531,1.);
#7531 = DIRECTION('',(1.,0.,-0.));
#7532 = ORIENTED_EDGE('',*,*,#7443,.T.);
#7533 = ORIENTED_EDGE('',*,*,#7534,.T.);
#7534 = EDGE_CURVE('',#7444,#7484,#7535,.T.);
#7535 = LINE('',#7536,#7537);
#7536 = CARTESIAN_POINT('',(4.45E+03,2.9E+03,500.));
#7537 = VECTOR('',#7538,1.);
#7538 = DIRECTION('',(1.,0.,-0.));
#7539 = ORIENTED_EDGE('',*,*,#7483,.F.);
#7540 = PLANE('',#7541);
#7541 = AXIS2_PLACEMENT_3D('',#7542,#7543,#7544);
#7542 = CARTESIAN_POINT('',(4.45E+03,2.9E+03,200.));
#7543 = DIRECTION('',(-0.,1.,0.));
#7544 = DIRECTION('',(0.,0.,1.));
#7545 = ADVANCED_FACE('',(#7546),#7552,.F.);
#7546 = FACE_BOUND('',#7547,.F.);
#7547 = EDGE_LOOP('',(#7548,#7549,#7550,#7551));
#7548 = ORIENTED_EDGE('',*,*,#7435,.F.);
#7549 = ORIENTED_EDGE('',*,*,#7505,.T.);
#7550 = ORIENTED_EDGE('',*,*,#7475,.T.);
#7551 = ORIENTED_EDGE('',*,*,#7527,.F.);
#7552 = PLANE('',#7553);
#7553 = AXIS2_PLACEMENT_3D('',#7554,#7555,#7556);
#7554 = CARTESIAN_POINT('',(4.45E+03,2.78E+03,200.));
#7555 = DIRECTION('',(0.,0.,1.));
#7556 = DIRECTION('',(1.,0.,-0.));
#7557 = ADVANCED_FACE('',(#7558),#7564,.T.);
#7558 = FACE_BOUND('',#7559,.T.);
#7559 = EDGE_LOOP('',(#7560,#7561,#7562,#7563));
#7560 = ORIENTED_EDGE('',*,*,#7451,.F.);
#7561 = ORIENTED_EDGE('',*,*,#7512,.T.);
#7562 = ORIENTED_EDGE('',*,*,#7491,.T.);
#7563 = ORIENTED_EDGE('',*,*,#7534,.F.);
#7564 = PLANE('',#7565);
#7565 = AXIS2_PLACEMENT_3D('',#7566,#7567,#7568);
#7566 = CARTESIAN_POINT('',(4.45E+03,2.78E+03,500.));
#7567 = DIRECTION('',(0.,0.,1.));
#7568 = DIRECTION('',(1.,0.,-0.));
#7569 = ( GEOMETRIC_REPRESENTATION_CONTEXT(3) 
GLOBAL_UNCERTAINTY_ASSIGNED_CONTEXT((#7573)) 
GLOBAL_UNIT_ASSIGNED_CONTEXT((#7570,#7571,#7572)) REPRESENTATION_CONTEXT
('Context #1','3D Context with UNIT and UNCERTAINTY') );
#7570 = ( LENGTH_UNIT() NAMED_UNIT(*) SI_UNIT(.MILLI.,.METRE.) );
#7571 = ( NAMED_UNIT(*) PLANE_ANGLE_UNIT() SI_UNIT($,.RADIAN.) );
#7572 = ( NAMED_UNIT(*) SI_UNIT($,.STERADIAN.) SOLID_ANGLE_UNIT() );
#7573 = UNCERTAINTY_MEASURE_WITH_UNIT(LENGTH_MEASURE(1.E-07),#7570,
  'distance_accuracy_value','confusion accuracy');
#7574 = CONTEXT_DEPENDENT_SHAPE_REPRESENTATION(#7575,#7577);
#7575 = ( REPRESENTATION_RELATIONSHIP('','',#7418,#10) 
REPRESENTATION_RELATIONSHIP_WITH_TRANSFORMATION(#7576) 
SHAPE_REPRESENTATION_RELATIONSHIP() );
#7576 = ITEM_DEFINED_TRANSFORMATION('','',#11,#219);
#7577 = PRODUCT_DEFINITION_SHAPE('Placement','Placement of an item',
  #7578);
#7578 = NEXT_ASSEMBLY_USAGE_OCCURRENCE('52','Support_PipeBracket_03','',
  #5,#7413,$);
#7579 = PRODUCT_RELATED_PRODUCT_CATEGORY('part',$,(#7415));
#7580 = SHAPE_DEFINITION_REPRESENTATION(#7581,#7587);
#7581 = PRODUCT_DEFINITION_SHAPE('','',#7582);
#7582 = PRODUCT_DEFINITION('design','',#7583,#7586);
#7583 = PRODUCT_DEFINITION_FORMATION('','',#7584);
#7584 = PRODUCT('Support_DuctHanger_01','Support_DuctHanger_01','',(
    #7585));
#7585 = PRODUCT_CONTEXT('',#2,'mechanical');
#7586 = PRODUCT_DEFINITION_CONTEXT('part definition',#2,'design');
#7587 = ADVANCED_BREP_SHAPE_REPRESENTATION('',(#11,#7588),#7738);
#7588 = MANIFOLD_SOLID_BREP('',#7589);
#7589 = CLOSED_SHELL('',(#7590,#7630,#7670,#7692,#7714,#7726));
#7590 = ADVANCED_FACE('',(#7591),#7625,.F.);
#7591 = FACE_BOUND('',#7592,.F.);
#7592 = EDGE_LOOP('',(#7593,#7603,#7611,#7619));
#7593 = ORIENTED_EDGE('',*,*,#7594,.F.);
#7594 = EDGE_CURVE('',#7595,#7597,#7599,.T.);
#7595 = VERTEX_POINT('',#7596);
#7596 = CARTESIAN_POINT('',(1.95E+03,3.26E+03,2.2E+03));
#7597 = VERTEX_POINT('',#7598);
#7598 = CARTESIAN_POINT('',(1.95E+03,3.26E+03,2.72E+03));
#7599 = LINE('',#7600,#7601);
#7600 = CARTESIAN_POINT('',(1.95E+03,3.26E+03,2.2E+03));
#7601 = VECTOR('',#7602,1.);
#7602 = DIRECTION('',(0.,0.,1.));
#7603 = ORIENTED_EDGE('',*,*,#7604,.T.);
#7604 = EDGE_CURVE('',#7595,#7605,#7607,.T.);
#7605 = VERTEX_POINT('',#7606);
#7606 = CARTESIAN_POINT('',(1.95E+03,3.32E+03,2.2E+03));
#7607 = LINE('',#7608,#7609);
#7608 = CARTESIAN_POINT('',(1.95E+03,3.26E+03,2.2E+03));
#7609 = VECTOR('',#7610,1.);
#7610 = DIRECTION('',(-0.,1.,0.));
#7611 = ORIENTED_EDGE('',*,*,#7612,.T.);
#7612 = EDGE_CURVE('',#7605,#7613,#7615,.T.);
#7613 = VERTEX_POINT('',#7614);
#7614 = CARTESIAN_POINT('',(1.95E+03,3.32E+03,2.72E+03));
#7615 = LINE('',#7616,#7617);
#7616 = CARTESIAN_POINT('',(1.95E+03,3.32E+03,2.2E+03));
#7617 = VECTOR('',#7618,1.);
#7618 = DIRECTION('',(0.,0.,1.));
#7619 = ORIENTED_EDGE('',*,*,#7620,.F.);
#7620 = EDGE_CURVE('',#7597,#7613,#7621,.T.);
#7621 = LINE('',#7622,#7623);
#7622 = CARTESIAN_POINT('',(1.95E+03,3.26E+03,2.72E+03));
#7623 = VECTOR('',#7624,1.);
#7624 = DIRECTION('',(-0.,1.,0.));
#7625 = PLANE('',#7626);
#7626 = AXIS2_PLACEMENT_3D('',#7627,#7628,#7629);
#7627 = CARTESIAN_POINT('',(1.95E+03,3.26E+03,2.2E+03));
#7628 = DIRECTION('',(1.,0.,-0.));
#7629 = DIRECTION('',(0.,0.,1.));
#7630 = ADVANCED_FACE('',(#7631),#7665,.T.);
#7631 = FACE_BOUND('',#7632,.T.);
#7632 = EDGE_LOOP('',(#7633,#7643,#7651,#7659));
#7633 = ORIENTED_EDGE('',*,*,#7634,.F.);
#7634 = EDGE_CURVE('',#7635,#7637,#7639,.T.);
#7635 = VERTEX_POINT('',#7636);
#7636 = CARTESIAN_POINT('',(2.47E+03,3.26E+03,2.2E+03));
#7637 = VERTEX_POINT('',#7638);
#7638 = CARTESIAN_POINT('',(2.47E+03,3.26E+03,2.72E+03));
#7639 = LINE('',#7640,#7641);
#7640 = CARTESIAN_POINT('',(2.47E+03,3.26E+03,2.2E+03));
#7641 = VECTOR('',#7642,1.);
#7642 = DIRECTION('',(0.,0.,1.));
#7643 = ORIENTED_EDGE('',*,*,#7644,.T.);
#7644 = EDGE_CURVE('',#7635,#7645,#7647,.T.);
#7645 = VERTEX_POINT('',#7646);
#7646 = CARTESIAN_POINT('',(2.47E+03,3.32E+03,2.2E+03));
#7647 = LINE('',#7648,#7649);
#7648 = CARTESIAN_POINT('',(2.47E+03,3.26E+03,2.2E+03));
#7649 = VECTOR('',#7650,1.);
#7650 = DIRECTION('',(-0.,1.,0.));
#7651 = ORIENTED_EDGE('',*,*,#7652,.T.);
#7652 = EDGE_CURVE('',#7645,#7653,#7655,.T.);
#7653 = VERTEX_POINT('',#7654);
#7654 = CARTESIAN_POINT('',(2.47E+03,3.32E+03,2.72E+03));
#7655 = LINE('',#7656,#7657);
#7656 = CARTESIAN_POINT('',(2.47E+03,3.32E+03,2.2E+03));
#7657 = VECTOR('',#7658,1.);
#7658 = DIRECTION('',(0.,0.,1.));
#7659 = ORIENTED_EDGE('',*,*,#7660,.F.);
#7660 = EDGE_CURVE('',#7637,#7653,#7661,.T.);
#7661 = LINE('',#7662,#7663);
#7662 = CARTESIAN_POINT('',(2.47E+03,3.26E+03,2.72E+03));
#7663 = VECTOR('',#7664,1.);
#7664 = DIRECTION('',(-0.,1.,0.));
#7665 = PLANE('',#7666);
#7666 = AXIS2_PLACEMENT_3D('',#7667,#7668,#7669);
#7667 = CARTESIAN_POINT('',(2.47E+03,3.26E+03,2.2E+03));
#7668 = DIRECTION('',(1.,0.,-0.));
#7669 = DIRECTION('',(0.,0.,1.));
#7670 = ADVANCED_FACE('',(#7671),#7687,.F.);
#7671 = FACE_BOUND('',#7672,.F.);
#7672 = EDGE_LOOP('',(#7673,#7679,#7680,#7686));
#7673 = ORIENTED_EDGE('',*,*,#7674,.F.);
#7674 = EDGE_CURVE('',#7595,#7635,#7675,.T.);
#7675 = LINE('',#7676,#7677);
#7676 = CARTESIAN_POINT('',(1.95E+03,3.26E+03,2.2E+03));
#7677 = VECTOR('',#7678,1.);
#7678 = DIRECTION('',(1.,0.,-0.));
#7679 = ORIENTED_EDGE('',*,*,#7594,.T.);
#7680 = ORIENTED_EDGE('',*,*,#7681,.T.);
#7681 = EDGE_CURVE('',#7597,#7637,#7682,.T.);
#7682 = LINE('',#7683,#7684);
#7683 = CARTESIAN_POINT('',(1.95E+03,3.26E+03,2.72E+03));
#7684 = VECTOR('',#7685,1.);
#7685 = DIRECTION('',(1.,0.,-0.));
#7686 = ORIENTED_EDGE('',*,*,#7634,.F.);
#7687 = PLANE('',#7688);
#7688 = AXIS2_PLACEMENT_3D('',#7689,#7690,#7691);
#7689 = CARTESIAN_POINT('',(1.95E+03,3.26E+03,2.2E+03));
#7690 = DIRECTION('',(-0.,1.,0.));
#7691 = DIRECTION('',(0.,0.,1.));
#7692 = ADVANCED_FACE('',(#7693),#7709,.T.);
#7693 = FACE_BOUND('',#7694,.T.);
#7694 = EDGE_LOOP('',(#7695,#7701,#7702,#7708));
#7695 = ORIENTED_EDGE('',*,*,#7696,.F.);
#7696 = EDGE_CURVE('',#7605,#7645,#7697,.T.);
#7697 = LINE('',#7698,#7699);
#7698 = CARTESIAN_POINT('',(1.95E+03,3.32E+03,2.2E+03));
#7699 = VECTOR('',#7700,1.);
#7700 = DIRECTION('',(1.,0.,-0.));
#7701 = ORIENTED_EDGE('',*,*,#7612,.T.);
#7702 = ORIENTED_EDGE('',*,*,#7703,.T.);
#7703 = EDGE_CURVE('',#7613,#7653,#7704,.T.);
#7704 = LINE('',#7705,#7706);
#7705 = CARTESIAN_POINT('',(1.95E+03,3.32E+03,2.72E+03));
#7706 = VECTOR('',#7707,1.);
#7707 = DIRECTION('',(1.,0.,-0.));
#7708 = ORIENTED_EDGE('',*,*,#7652,.F.);
#7709 = PLANE('',#7710);
#7710 = AXIS2_PLACEMENT_3D('',#7711,#7712,#7713);
#7711 = CARTESIAN_POINT('',(1.95E+03,3.32E+03,2.2E+03));
#7712 = DIRECTION('',(-0.,1.,0.));
#7713 = DIRECTION('',(0.,0.,1.));
#7714 = ADVANCED_FACE('',(#7715),#7721,.F.);
#7715 = FACE_BOUND('',#7716,.F.);
#7716 = EDGE_LOOP('',(#7717,#7718,#7719,#7720));
#7717 = ORIENTED_EDGE('',*,*,#7604,.F.);
#7718 = ORIENTED_EDGE('',*,*,#7674,.T.);
#7719 = ORIENTED_EDGE('',*,*,#7644,.T.);
#7720 = ORIENTED_EDGE('',*,*,#7696,.F.);
#7721 = PLANE('',#7722);
#7722 = AXIS2_PLACEMENT_3D('',#7723,#7724,#7725);
#7723 = CARTESIAN_POINT('',(1.95E+03,3.26E+03,2.2E+03));
#7724 = DIRECTION('',(0.,0.,1.));
#7725 = DIRECTION('',(1.,0.,-0.));
#7726 = ADVANCED_FACE('',(#7727),#7733,.T.);
#7727 = FACE_BOUND('',#7728,.T.);
#7728 = EDGE_LOOP('',(#7729,#7730,#7731,#7732));
#7729 = ORIENTED_EDGE('',*,*,#7620,.F.);
#7730 = ORIENTED_EDGE('',*,*,#7681,.T.);
#7731 = ORIENTED_EDGE('',*,*,#7660,.T.);
#7732 = ORIENTED_EDGE('',*,*,#7703,.F.);
#7733 = PLANE('',#7734);
#7734 = AXIS2_PLACEMENT_3D('',#7735,#7736,#7737);
#7735 = CARTESIAN_POINT('',(1.95E+03,3.26E+03,2.72E+03));
#7736 = DIRECTION('',(0.,0.,1.));
#7737 = DIRECTION('',(1.,0.,-0.));
#7738 = ( GEOMETRIC_REPRESENTATION_CONTEXT(3) 
GLOBAL_UNCERTAINTY_ASSIGNED_CONTEXT((#7742)) 
GLOBAL_UNIT_ASSIGNED_CONTEXT((#7739,#7740,#7741)) REPRESENTATION_CONTEXT
('Context #1','3D Context with UNIT and UNCERTAINTY') );
#7739 = ( LENGTH_UNIT() NAMED_UNIT(*) SI_UNIT(.MILLI.,.METRE.) );
#7740 = ( NAMED_UNIT(*) PLANE_ANGLE_UNIT() SI_UNIT($,.RADIAN.) );
#7741 = ( NAMED_UNIT(*) SI_UNIT($,.STERADIAN.) SOLID_ANGLE_UNIT() );
#7742 = UNCERTAINTY_MEASURE_WITH_UNIT(LENGTH_MEASURE(1.E-07),#7739,
  'distance_accuracy_value','confusion accuracy');
#7743 = CONTEXT_DEPENDENT_SHAPE_REPRESENTATION(#7744,#7746);
#7744 = ( REPRESENTATION_RELATIONSHIP('','',#7587,#10) 
REPRESENTATION_RELATIONSHIP_WITH_TRANSFORMATION(#7745) 
SHAPE_REPRESENTATION_RELATIONSHIP() );
#7745 = ITEM_DEFINED_TRANSFORMATION('','',#11,#223);
#7746 = PRODUCT_DEFINITION_SHAPE('Placement','Placement of an item',
  #7747);
#7747 = NEXT_ASSEMBLY_USAGE_OCCURRENCE('53','Support_DuctHanger_01','',
  #5,#7582,$);
#7748 = PRODUCT_RELATED_PRODUCT_CATEGORY('part',$,(#7584));
#7749 = SHAPE_DEFINITION_REPRESENTATION(#7750,#7756);
#7750 = PRODUCT_DEFINITION_SHAPE('','',#7751);
#7751 = PRODUCT_DEFINITION('design','',#7752,#7755);
#7752 = PRODUCT_DEFINITION_FORMATION('','',#7753);
#7753 = PRODUCT('Support_DuctHanger_02','Support_DuctHanger_02','',(
    #7754));
#7754 = PRODUCT_CONTEXT('',#2,'mechanical');
#7755 = PRODUCT_DEFINITION_CONTEXT('part definition',#2,'design');
#7756 = ADVANCED_BREP_SHAPE_REPRESENTATION('',(#11,#7757),#7907);
#7757 = MANIFOLD_SOLID_BREP('',#7758);
#7758 = CLOSED_SHELL('',(#7759,#7799,#7839,#7861,#7883,#7895));
#7759 = ADVANCED_FACE('',(#7760),#7794,.F.);
#7760 = FACE_BOUND('',#7761,.F.);
#7761 = EDGE_LOOP('',(#7762,#7772,#7780,#7788));
#7762 = ORIENTED_EDGE('',*,*,#7763,.F.);
#7763 = EDGE_CURVE('',#7764,#7766,#7768,.T.);
#7764 = VERTEX_POINT('',#7765);
#7765 = CARTESIAN_POINT('',(3.45E+03,3.26E+03,2.2E+03));
#7766 = VERTEX_POINT('',#7767);
#7767 = CARTESIAN_POINT('',(3.45E+03,3.26E+03,2.72E+03));
#7768 = LINE('',#7769,#7770);
#7769 = CARTESIAN_POINT('',(3.45E+03,3.26E+03,2.2E+03));
#7770 = VECTOR('',#7771,1.);
#7771 = DIRECTION('',(0.,0.,1.));
#7772 = ORIENTED_EDGE('',*,*,#7773,.T.);
#7773 = EDGE_CURVE('',#7764,#7774,#7776,.T.);
#7774 = VERTEX_POINT('',#7775);
#7775 = CARTESIAN_POINT('',(3.45E+03,3.32E+03,2.2E+03));
#7776 = LINE('',#7777,#7778);
#7777 = CARTESIAN_POINT('',(3.45E+03,3.26E+03,2.2E+03));
#7778 = VECTOR('',#7779,1.);
#7779 = DIRECTION('',(-0.,1.,0.));
#7780 = ORIENTED_EDGE('',*,*,#7781,.T.);
#7781 = EDGE_CURVE('',#7774,#7782,#7784,.T.);
#7782 = VERTEX_POINT('',#7783);
#7783 = CARTESIAN_POINT('',(3.45E+03,3.32E+03,2.72E+03));
#7784 = LINE('',#7785,#7786);
#7785 = CARTESIAN_POINT('',(3.45E+03,3.32E+03,2.2E+03));
#7786 = VECTOR('',#7787,1.);
#7787 = DIRECTION('',(0.,0.,1.));
#7788 = ORIENTED_EDGE('',*,*,#7789,.F.);
#7789 = EDGE_CURVE('',#7766,#7782,#7790,.T.);
#7790 = LINE('',#7791,#7792);
#7791 = CARTESIAN_POINT('',(3.45E+03,3.26E+03,2.72E+03));
#7792 = VECTOR('',#7793,1.);
#7793 = DIRECTION('',(-0.,1.,0.));
#7794 = PLANE('',#7795);
#7795 = AXIS2_PLACEMENT_3D('',#7796,#7797,#7798);
#7796 = CARTESIAN_POINT('',(3.45E+03,3.26E+03,2.2E+03));
#7797 = DIRECTION('',(1.,0.,-0.));
#7798 = DIRECTION('',(0.,0.,1.));
#7799 = ADVANCED_FACE('',(#7800),#7834,.T.);
#7800 = FACE_BOUND('',#7801,.T.);
#7801 = EDGE_LOOP('',(#7802,#7812,#7820,#7828));
#7802 = ORIENTED_EDGE('',*,*,#7803,.F.);
#7803 = EDGE_CURVE('',#7804,#7806,#7808,.T.);
#7804 = VERTEX_POINT('',#7805);
#7805 = CARTESIAN_POINT('',(3.97E+03,3.26E+03,2.2E+03));
#7806 = VERTEX_POINT('',#7807);
#7807 = CARTESIAN_POINT('',(3.97E+03,3.26E+03,2.72E+03));
#7808 = LINE('',#7809,#7810);
#7809 = CARTESIAN_POINT('',(3.97E+03,3.26E+03,2.2E+03));
#7810 = VECTOR('',#7811,1.);
#7811 = DIRECTION('',(0.,0.,1.));
#7812 = ORIENTED_EDGE('',*,*,#7813,.T.);
#7813 = EDGE_CURVE('',#7804,#7814,#7816,.T.);
#7814 = VERTEX_POINT('',#7815);
#7815 = CARTESIAN_POINT('',(3.97E+03,3.32E+03,2.2E+03));
#7816 = LINE('',#7817,#7818);
#7817 = CARTESIAN_POINT('',(3.97E+03,3.26E+03,2.2E+03));
#7818 = VECTOR('',#7819,1.);
#7819 = DIRECTION('',(-0.,1.,0.));
#7820 = ORIENTED_EDGE('',*,*,#7821,.T.);
#7821 = EDGE_CURVE('',#7814,#7822,#7824,.T.);
#7822 = VERTEX_POINT('',#7823);
#7823 = CARTESIAN_POINT('',(3.97E+03,3.32E+03,2.72E+03));
#7824 = LINE('',#7825,#7826);
#7825 = CARTESIAN_POINT('',(3.97E+03,3.32E+03,2.2E+03));
#7826 = VECTOR('',#7827,1.);
#7827 = DIRECTION('',(0.,0.,1.));
#7828 = ORIENTED_EDGE('',*,*,#7829,.F.);
#7829 = EDGE_CURVE('',#7806,#7822,#7830,.T.);
#7830 = LINE('',#7831,#7832);
#7831 = CARTESIAN_POINT('',(3.97E+03,3.26E+03,2.72E+03));
#7832 = VECTOR('',#7833,1.);
#7833 = DIRECTION('',(-0.,1.,0.));
#7834 = PLANE('',#7835);
#7835 = AXIS2_PLACEMENT_3D('',#7836,#7837,#7838);
#7836 = CARTESIAN_POINT('',(3.97E+03,3.26E+03,2.2E+03));
#7837 = DIRECTION('',(1.,0.,-0.));
#7838 = DIRECTION('',(0.,0.,1.));
#7839 = ADVANCED_FACE('',(#7840),#7856,.F.);
#7840 = FACE_BOUND('',#7841,.F.);
#7841 = EDGE_LOOP('',(#7842,#7848,#7849,#7855));
#7842 = ORIENTED_EDGE('',*,*,#7843,.F.);
#7843 = EDGE_CURVE('',#7764,#7804,#7844,.T.);
#7844 = LINE('',#7845,#7846);
#7845 = CARTESIAN_POINT('',(3.45E+03,3.26E+03,2.2E+03));
#7846 = VECTOR('',#7847,1.);
#7847 = DIRECTION('',(1.,0.,-0.));
#7848 = ORIENTED_EDGE('',*,*,#7763,.T.);
#7849 = ORIENTED_EDGE('',*,*,#7850,.T.);
#7850 = EDGE_CURVE('',#7766,#7806,#7851,.T.);
#7851 = LINE('',#7852,#7853);
#7852 = CARTESIAN_POINT('',(3.45E+03,3.26E+03,2.72E+03));
#7853 = VECTOR('',#7854,1.);
#7854 = DIRECTION('',(1.,0.,-0.));
#7855 = ORIENTED_EDGE('',*,*,#7803,.F.);
#7856 = PLANE('',#7857);
#7857 = AXIS2_PLACEMENT_3D('',#7858,#7859,#7860);
#7858 = CARTESIAN_POINT('',(3.45E+03,3.26E+03,2.2E+03));
#7859 = DIRECTION('',(-0.,1.,0.));
#7860 = DIRECTION('',(0.,0.,1.));
#7861 = ADVANCED_FACE('',(#7862),#7878,.T.);
#7862 = FACE_BOUND('',#7863,.T.);
#7863 = EDGE_LOOP('',(#7864,#7870,#7871,#7877));
#7864 = ORIENTED_EDGE('',*,*,#7865,.F.);
#7865 = EDGE_CURVE('',#7774,#7814,#7866,.T.);
#7866 = LINE('',#7867,#7868);
#7867 = CARTESIAN_POINT('',(3.45E+03,3.32E+03,2.2E+03));
#7868 = VECTOR('',#7869,1.);
#7869 = DIRECTION('',(1.,0.,-0.));
#7870 = ORIENTED_EDGE('',*,*,#7781,.T.);
#7871 = ORIENTED_EDGE('',*,*,#7872,.T.);
#7872 = EDGE_CURVE('',#7782,#7822,#7873,.T.);
#7873 = LINE('',#7874,#7875);
#7874 = CARTESIAN_POINT('',(3.45E+03,3.32E+03,2.72E+03));
#7875 = VECTOR('',#7876,1.);
#7876 = DIRECTION('',(1.,0.,-0.));
#7877 = ORIENTED_EDGE('',*,*,#7821,.F.);
#7878 = PLANE('',#7879);
#7879 = AXIS2_PLACEMENT_3D('',#7880,#7881,#7882);
#7880 = CARTESIAN_POINT('',(3.45E+03,3.32E+03,2.2E+03));
#7881 = DIRECTION('',(-0.,1.,0.));
#7882 = DIRECTION('',(0.,0.,1.));
#7883 = ADVANCED_FACE('',(#7884),#7890,.F.);
#7884 = FACE_BOUND('',#7885,.F.);
#7885 = EDGE_LOOP('',(#7886,#7887,#7888,#7889));
#7886 = ORIENTED_EDGE('',*,*,#7773,.F.);
#7887 = ORIENTED_EDGE('',*,*,#7843,.T.);
#7888 = ORIENTED_EDGE('',*,*,#7813,.T.);
#7889 = ORIENTED_EDGE('',*,*,#7865,.F.);
#7890 = PLANE('',#7891);
#7891 = AXIS2_PLACEMENT_3D('',#7892,#7893,#7894);
#7892 = CARTESIAN_POINT('',(3.45E+03,3.26E+03,2.2E+03));
#7893 = DIRECTION('',(0.,0.,1.));
#7894 = DIRECTION('',(1.,0.,-0.));
#7895 = ADVANCED_FACE('',(#7896),#7902,.T.);
#7896 = FACE_BOUND('',#7897,.T.);
#7897 = EDGE_LOOP('',(#7898,#7899,#7900,#7901));
#7898 = ORIENTED_EDGE('',*,*,#7789,.F.);
#7899 = ORIENTED_EDGE('',*,*,#7850,.T.);
#7900 = ORIENTED_EDGE('',*,*,#7829,.T.);
#7901 = ORIENTED_EDGE('',*,*,#7872,.F.);
#7902 = PLANE('',#7903);
#7903 = AXIS2_PLACEMENT_3D('',#7904,#7905,#7906);
#7904 = CARTESIAN_POINT('',(3.45E+03,3.26E+03,2.72E+03));
#7905 = DIRECTION('',(0.,0.,1.));
#7906 = DIRECTION('',(1.,0.,-0.));
#7907 = ( GEOMETRIC_REPRESENTATION_CONTEXT(3) 
GLOBAL_UNCERTAINTY_ASSIGNED_CONTEXT((#7911)) 
GLOBAL_UNIT_ASSIGNED_CONTEXT((#7908,#7909,#7910)) REPRESENTATION_CONTEXT
('Context #1','3D Context with UNIT and UNCERTAINTY') );
#7908 = ( LENGTH_UNIT() NAMED_UNIT(*) SI_UNIT(.MILLI.,.METRE.) );
#7909 = ( NAMED_UNIT(*) PLANE_ANGLE_UNIT() SI_UNIT($,.RADIAN.) );
#7910 = ( NAMED_UNIT(*) SI_UNIT($,.STERADIAN.) SOLID_ANGLE_UNIT() );
#7911 = UNCERTAINTY_MEASURE_WITH_UNIT(LENGTH_MEASURE(1.E-07),#7908,
  'distance_accuracy_value','confusion accuracy');
#7912 = CONTEXT_DEPENDENT_SHAPE_REPRESENTATION(#7913,#7915);
#7913 = ( REPRESENTATION_RELATIONSHIP('','',#7756,#10) 
REPRESENTATION_RELATIONSHIP_WITH_TRANSFORMATION(#7914) 
SHAPE_REPRESENTATION_RELATIONSHIP() );
#7914 = ITEM_DEFINED_TRANSFORMATION('','',#11,#227);
#7915 = PRODUCT_DEFINITION_SHAPE('Placement','Placement of an item',
  #7916);
#7916 = NEXT_ASSEMBLY_USAGE_OCCURRENCE('54','Support_DuctHanger_02','',
  #5,#7751,$);
#7917 = PRODUCT_RELATED_PRODUCT_CATEGORY('part',$,(#7753));
#7918 = SHAPE_DEFINITION_REPRESENTATION(#7919,#7925);
#7919 = PRODUCT_DEFINITION_SHAPE('','',#7920);
#7920 = PRODUCT_DEFINITION('design','',#7921,#7924);
#7921 = PRODUCT_DEFINITION_FORMATION('','',#7922);
#7922 = PRODUCT('Support_DuctHanger_03','Support_DuctHanger_03','',(
    #7923));
#7923 = PRODUCT_CONTEXT('',#2,'mechanical');
#7924 = PRODUCT_DEFINITION_CONTEXT('part definition',#2,'design');
#7925 = ADVANCED_BREP_SHAPE_REPRESENTATION('',(#11,#7926),#8076);
#7926 = MANIFOLD_SOLID_BREP('',#7927);
#7927 = CLOSED_SHELL('',(#7928,#7968,#8008,#8030,#8052,#8064));
#7928 = ADVANCED_FACE('',(#7929),#7963,.F.);
#7929 = FACE_BOUND('',#7930,.F.);
#7930 = EDGE_LOOP('',(#7931,#7941,#7949,#7957));
#7931 = ORIENTED_EDGE('',*,*,#7932,.F.);
#7932 = EDGE_CURVE('',#7933,#7935,#7937,.T.);
#7933 = VERTEX_POINT('',#7934);
#7934 = CARTESIAN_POINT('',(4.3E+03,3.26E+03,2.2E+03));
#7935 = VERTEX_POINT('',#7936);
#7936 = CARTESIAN_POINT('',(4.3E+03,3.26E+03,2.72E+03));
#7937 = LINE('',#7938,#7939);
#7938 = CARTESIAN_POINT('',(4.3E+03,3.26E+03,2.2E+03));
#7939 = VECTOR('',#7940,1.);
#7940 = DIRECTION('',(0.,0.,1.));
#7941 = ORIENTED_EDGE('',*,*,#7942,.T.);
#7942 = EDGE_CURVE('',#7933,#7943,#7945,.T.);
#7943 = VERTEX_POINT('',#7944);
#7944 = CARTESIAN_POINT('',(4.3E+03,3.32E+03,2.2E+03));
#7945 = LINE('',#7946,#7947);
#7946 = CARTESIAN_POINT('',(4.3E+03,3.26E+03,2.2E+03));
#7947 = VECTOR('',#7948,1.);
#7948 = DIRECTION('',(-0.,1.,0.));
#7949 = ORIENTED_EDGE('',*,*,#7950,.T.);
#7950 = EDGE_CURVE('',#7943,#7951,#7953,.T.);
#7951 = VERTEX_POINT('',#7952);
#7952 = CARTESIAN_POINT('',(4.3E+03,3.32E+03,2.72E+03));
#7953 = LINE('',#7954,#7955);
#7954 = CARTESIAN_POINT('',(4.3E+03,3.32E+03,2.2E+03));
#7955 = VECTOR('',#7956,1.);
#7956 = DIRECTION('',(0.,0.,1.));
#7957 = ORIENTED_EDGE('',*,*,#7958,.F.);
#7958 = EDGE_CURVE('',#7935,#7951,#7959,.T.);
#7959 = LINE('',#7960,#7961);
#7960 = CARTESIAN_POINT('',(4.3E+03,3.26E+03,2.72E+03));
#7961 = VECTOR('',#7962,1.);
#7962 = DIRECTION('',(-0.,1.,0.));
#7963 = PLANE('',#7964);
#7964 = AXIS2_PLACEMENT_3D('',#7965,#7966,#7967);
#7965 = CARTESIAN_POINT('',(4.3E+03,3.26E+03,2.2E+03));
#7966 = DIRECTION('',(1.,0.,-0.));
#7967 = DIRECTION('',(0.,0.,1.));
#7968 = ADVANCED_FACE('',(#7969),#8003,.T.);
#7969 = FACE_BOUND('',#7970,.T.);
#7970 = EDGE_LOOP('',(#7971,#7981,#7989,#7997));
#7971 = ORIENTED_EDGE('',*,*,#7972,.F.);
#7972 = EDGE_CURVE('',#7973,#7975,#7977,.T.);
#7973 = VERTEX_POINT('',#7974);
#7974 = CARTESIAN_POINT('',(4.82E+03,3.26E+03,2.2E+03));
#7975 = VERTEX_POINT('',#7976);
#7976 = CARTESIAN_POINT('',(4.82E+03,3.26E+03,2.72E+03));
#7977 = LINE('',#7978,#7979);
#7978 = CARTESIAN_POINT('',(4.82E+03,3.26E+03,2.2E+03));
#7979 = VECTOR('',#7980,1.);
#7980 = DIRECTION('',(0.,0.,1.));
#7981 = ORIENTED_EDGE('',*,*,#7982,.T.);
#7982 = EDGE_CURVE('',#7973,#7983,#7985,.T.);
#7983 = VERTEX_POINT('',#7984);
#7984 = CARTESIAN_POINT('',(4.82E+03,3.32E+03,2.2E+03));
#7985 = LINE('',#7986,#7987);
#7986 = CARTESIAN_POINT('',(4.82E+03,3.26E+03,2.2E+03));
#7987 = VECTOR('',#7988,1.);
#7988 = DIRECTION('',(-0.,1.,0.));
#7989 = ORIENTED_EDGE('',*,*,#7990,.T.);
#7990 = EDGE_CURVE('',#7983,#7991,#7993,.T.);
#7991 = VERTEX_POINT('',#7992);
#7992 = CARTESIAN_POINT('',(4.82E+03,3.32E+03,2.72E+03));
#7993 = LINE('',#7994,#7995);
#7994 = CARTESIAN_POINT('',(4.82E+03,3.32E+03,2.2E+03));
#7995 = VECTOR('',#7996,1.);
#7996 = DIRECTION('',(0.,0.,1.));
#7997 = ORIENTED_EDGE('',*,*,#7998,.F.);
#7998 = EDGE_CURVE('',#7975,#7991,#7999,.T.);
#7999 = LINE('',#8000,#8001);
#8000 = CARTESIAN_POINT('',(4.82E+03,3.26E+03,2.72E+03));
#8001 = VECTOR('',#8002,1.);
#8002 = DIRECTION('',(-0.,1.,0.));
#8003 = PLANE('',#8004);
#8004 = AXIS2_PLACEMENT_3D('',#8005,#8006,#8007);
#8005 = CARTESIAN_POINT('',(4.82E+03,3.26E+03,2.2E+03));
#8006 = DIRECTION('',(1.,0.,-0.));
#8007 = DIRECTION('',(0.,0.,1.));
#8008 = ADVANCED_FACE('',(#8009),#8025,.F.);
#8009 = FACE_BOUND('',#8010,.F.);
#8010 = EDGE_LOOP('',(#8011,#8017,#8018,#8024));
#8011 = ORIENTED_EDGE('',*,*,#8012,.F.);
#8012 = EDGE_CURVE('',#7933,#7973,#8013,.T.);
#8013 = LINE('',#8014,#8015);
#8014 = CARTESIAN_POINT('',(4.3E+03,3.26E+03,2.2E+03));
#8015 = VECTOR('',#8016,1.);
#8016 = DIRECTION('',(1.,0.,-0.));
#8017 = ORIENTED_EDGE('',*,*,#7932,.T.);
#8018 = ORIENTED_EDGE('',*,*,#8019,.T.);
#8019 = EDGE_CURVE('',#7935,#7975,#8020,.T.);
#8020 = LINE('',#8021,#8022);
#8021 = CARTESIAN_POINT('',(4.3E+03,3.26E+03,2.72E+03));
#8022 = VECTOR('',#8023,1.);
#8023 = DIRECTION('',(1.,0.,-0.));
#8024 = ORIENTED_EDGE('',*,*,#7972,.F.);
#8025 = PLANE('',#8026);
#8026 = AXIS2_PLACEMENT_3D('',#8027,#8028,#8029);
#8027 = CARTESIAN_POINT('',(4.3E+03,3.26E+03,2.2E+03));
#8028 = DIRECTION('',(-0.,1.,0.));
#8029 = DIRECTION('',(0.,0.,1.));
#8030 = ADVANCED_FACE('',(#8031),#8047,.T.);
#8031 = FACE_BOUND('',#8032,.T.);
#8032 = EDGE_LOOP('',(#8033,#8039,#8040,#8046));
#8033 = ORIENTED_EDGE('',*,*,#8034,.F.);
#8034 = EDGE_CURVE('',#7943,#7983,#8035,.T.);
#8035 = LINE('',#8036,#8037);
#8036 = CARTESIAN_POINT('',(4.3E+03,3.32E+03,2.2E+03));
#8037 = VECTOR('',#8038,1.);
#8038 = DIRECTION('',(1.,0.,-0.));
#8039 = ORIENTED_EDGE('',*,*,#7950,.T.);
#8040 = ORIENTED_EDGE('',*,*,#8041,.T.);
#8041 = EDGE_CURVE('',#7951,#7991,#8042,.T.);
#8042 = LINE('',#8043,#8044);
#8043 = CARTESIAN_POINT('',(4.3E+03,3.32E+03,2.72E+03));
#8044 = VECTOR('',#8045,1.);
#8045 = DIRECTION('',(1.,0.,-0.));
#8046 = ORIENTED_EDGE('',*,*,#7990,.F.);
#8047 = PLANE('',#8048);
#8048 = AXIS2_PLACEMENT_3D('',#8049,#8050,#8051);
#8049 = CARTESIAN_POINT('',(4.3E+03,3.32E+03,2.2E+03));
#8050 = DIRECTION('',(-0.,1.,0.));
#8051 = DIRECTION('',(0.,0.,1.));
#8052 = ADVANCED_FACE('',(#8053),#8059,.F.);
#8053 = FACE_BOUND('',#8054,.F.);
#8054 = EDGE_LOOP('',(#8055,#8056,#8057,#8058));
#8055 = ORIENTED_EDGE('',*,*,#7942,.F.);
#8056 = ORIENTED_EDGE('',*,*,#8012,.T.);
#8057 = ORIENTED_EDGE('',*,*,#7982,.T.);
#8058 = ORIENTED_EDGE('',*,*,#8034,.F.);
#8059 = PLANE('',#8060);
#8060 = AXIS2_PLACEMENT_3D('',#8061,#8062,#8063);
#8061 = CARTESIAN_POINT('',(4.3E+03,3.26E+03,2.2E+03));
#8062 = DIRECTION('',(0.,0.,1.));
#8063 = DIRECTION('',(1.,0.,-0.));
#8064 = ADVANCED_FACE('',(#8065),#8071,.T.);
#8065 = FACE_BOUND('',#8066,.T.);
#8066 = EDGE_LOOP('',(#8067,#8068,#8069,#8070));
#8067 = ORIENTED_EDGE('',*,*,#7958,.F.);
#8068 = ORIENTED_EDGE('',*,*,#8019,.T.);
#8069 = ORIENTED_EDGE('',*,*,#7998,.T.);
#8070 = ORIENTED_EDGE('',*,*,#8041,.F.);
#8071 = PLANE('',#8072);
#8072 = AXIS2_PLACEMENT_3D('',#8073,#8074,#8075);
#8073 = CARTESIAN_POINT('',(4.3E+03,3.26E+03,2.72E+03));
#8074 = DIRECTION('',(0.,0.,1.));
#8075 = DIRECTION('',(1.,0.,-0.));
#8076 = ( GEOMETRIC_REPRESENTATION_CONTEXT(3) 
GLOBAL_UNCERTAINTY_ASSIGNED_CONTEXT((#8080)) 
GLOBAL_UNIT_ASSIGNED_CONTEXT((#8077,#8078,#8079)) REPRESENTATION_CONTEXT
('Context #1','3D Context with UNIT and UNCERTAINTY') );
#8077 = ( LENGTH_UNIT() NAMED_UNIT(*) SI_UNIT(.MILLI.,.METRE.) );
#8078 = ( NAMED_UNIT(*) PLANE_ANGLE_UNIT() SI_UNIT($,.RADIAN.) );
#8079 = ( NAMED_UNIT(*) SI_UNIT($,.STERADIAN.) SOLID_ANGLE_UNIT() );
#8080 = UNCERTAINTY_MEASURE_WITH_UNIT(LENGTH_MEASURE(1.E-07),#8077,
  'distance_accuracy_value','confusion accuracy');
#8081 = CONTEXT_DEPENDENT_SHAPE_REPRESENTATION(#8082,#8084);
#8082 = ( REPRESENTATION_RELATIONSHIP('','',#7925,#10) 
REPRESENTATION_RELATIONSHIP_WITH_TRANSFORMATION(#8083) 
SHAPE_REPRESENTATION_RELATIONSHIP() );
#8083 = ITEM_DEFINED_TRANSFORMATION('','',#11,#231);
#8084 = PRODUCT_DEFINITION_SHAPE('Placement','Placement of an item',
  #8085);
#8085 = NEXT_ASSEMBLY_USAGE_OCCURRENCE('55','Support_DuctHanger_03','',
  #5,#7920,$);
#8086 = PRODUCT_RELATED_PRODUCT_CATEGORY('part',$,(#7922));
#8087 = SHAPE_DEFINITION_REPRESENTATION(#8088,#8094);
#8088 = PRODUCT_DEFINITION_SHAPE('','',#8089);
#8089 = PRODUCT_DEFINITION('design','',#8090,#8093);
#8090 = PRODUCT_DEFINITION_FORMATION('','',#8091);
#8091 = PRODUCT('Support_CableTrayHanger_01',
  'Support_CableTrayHanger_01','',(#8092));
#8092 = PRODUCT_CONTEXT('',#2,'mechanical');
#8093 = PRODUCT_DEFINITION_CONTEXT('part definition',#2,'design');
#8094 = ADVANCED_BREP_SHAPE_REPRESENTATION('',(#11,#8095),#8245);
#8095 = MANIFOLD_SOLID_BREP('',#8096);
#8096 = CLOSED_SHELL('',(#8097,#8137,#8177,#8199,#8221,#8233));
#8097 = ADVANCED_FACE('',(#8098),#8132,.F.);
#8098 = FACE_BOUND('',#8099,.F.);
#8099 = EDGE_LOOP('',(#8100,#8110,#8118,#8126));
#8100 = ORIENTED_EDGE('',*,*,#8101,.F.);
#8101 = EDGE_CURVE('',#8102,#8104,#8106,.T.);
#8102 = VERTEX_POINT('',#8103);
#8103 = CARTESIAN_POINT('',(2.1E+03,2.17E+03,2.68E+03));
#8104 = VERTEX_POINT('',#8105);
#8105 = CARTESIAN_POINT('',(2.1E+03,2.17E+03,2.94E+03));
#8106 = LINE('',#8107,#8108);
#8107 = CARTESIAN_POINT('',(2.1E+03,2.17E+03,2.68E+03));
#8108 = VECTOR('',#8109,1.);
#8109 = DIRECTION('',(0.,0.,1.));
#8110 = ORIENTED_EDGE('',*,*,#8111,.T.);
#8111 = EDGE_CURVE('',#8102,#8112,#8114,.T.);
#8112 = VERTEX_POINT('',#8113);
#8113 = CARTESIAN_POINT('',(2.1E+03,2.47E+03,2.68E+03));
#8114 = LINE('',#8115,#8116);
#8115 = CARTESIAN_POINT('',(2.1E+03,2.17E+03,2.68E+03));
#8116 = VECTOR('',#8117,1.);
#8117 = DIRECTION('',(-0.,1.,0.));
#8118 = ORIENTED_EDGE('',*,*,#8119,.T.);
#8119 = EDGE_CURVE('',#8112,#8120,#8122,.T.);
#8120 = VERTEX_POINT('',#8121);
#8121 = CARTESIAN_POINT('',(2.1E+03,2.47E+03,2.94E+03));
#8122 = LINE('',#8123,#8124);
#8123 = CARTESIAN_POINT('',(2.1E+03,2.47E+03,2.68E+03));
#8124 = VECTOR('',#8125,1.);
#8125 = DIRECTION('',(0.,0.,1.));
#8126 = ORIENTED_EDGE('',*,*,#8127,.F.);
#8127 = EDGE_CURVE('',#8104,#8120,#8128,.T.);
#8128 = LINE('',#8129,#8130);
#8129 = CARTESIAN_POINT('',(2.1E+03,2.17E+03,2.94E+03));
#8130 = VECTOR('',#8131,1.);
#8131 = DIRECTION('',(-0.,1.,0.));
#8132 = PLANE('',#8133);
#8133 = AXIS2_PLACEMENT_3D('',#8134,#8135,#8136);
#8134 = CARTESIAN_POINT('',(2.1E+03,2.17E+03,2.68E+03));
#8135 = DIRECTION('',(1.,0.,-0.));
#8136 = DIRECTION('',(0.,0.,1.));
#8137 = ADVANCED_FACE('',(#8138),#8172,.T.);
#8138 = FACE_BOUND('',#8139,.T.);
#8139 = EDGE_LOOP('',(#8140,#8150,#8158,#8166));
#8140 = ORIENTED_EDGE('',*,*,#8141,.F.);
#8141 = EDGE_CURVE('',#8142,#8144,#8146,.T.);
#8142 = VERTEX_POINT('',#8143);
#8143 = CARTESIAN_POINT('',(2.16E+03,2.17E+03,2.68E+03));
#8144 = VERTEX_POINT('',#8145);
#8145 = CARTESIAN_POINT('',(2.16E+03,2.17E+03,2.94E+03));
#8146 = LINE('',#8147,#8148);
#8147 = CARTESIAN_POINT('',(2.16E+03,2.17E+03,2.68E+03));
#8148 = VECTOR('',#8149,1.);
#8149 = DIRECTION('',(0.,0.,1.));
#8150 = ORIENTED_EDGE('',*,*,#8151,.T.);
#8151 = EDGE_CURVE('',#8142,#8152,#8154,.T.);
#8152 = VERTEX_POINT('',#8153);
#8153 = CARTESIAN_POINT('',(2.16E+03,2.47E+03,2.68E+03));
#8154 = LINE('',#8155,#8156);
#8155 = CARTESIAN_POINT('',(2.16E+03,2.17E+03,2.68E+03));
#8156 = VECTOR('',#8157,1.);
#8157 = DIRECTION('',(-0.,1.,0.));
#8158 = ORIENTED_EDGE('',*,*,#8159,.T.);
#8159 = EDGE_CURVE('',#8152,#8160,#8162,.T.);
#8160 = VERTEX_POINT('',#8161);
#8161 = CARTESIAN_POINT('',(2.16E+03,2.47E+03,2.94E+03));
#8162 = LINE('',#8163,#8164);
#8163 = CARTESIAN_POINT('',(2.16E+03,2.47E+03,2.68E+03));
#8164 = VECTOR('',#8165,1.);
#8165 = DIRECTION('',(0.,0.,1.));
#8166 = ORIENTED_EDGE('',*,*,#8167,.F.);
#8167 = EDGE_CURVE('',#8144,#8160,#8168,.T.);
#8168 = LINE('',#8169,#8170);
#8169 = CARTESIAN_POINT('',(2.16E+03,2.17E+03,2.94E+03));
#8170 = VECTOR('',#8171,1.);
#8171 = DIRECTION('',(-0.,1.,0.));
#8172 = PLANE('',#8173);
#8173 = AXIS2_PLACEMENT_3D('',#8174,#8175,#8176);
#8174 = CARTESIAN_POINT('',(2.16E+03,2.17E+03,2.68E+03));
#8175 = DIRECTION('',(1.,0.,-0.));
#8176 = DIRECTION('',(0.,0.,1.));
#8177 = ADVANCED_FACE('',(#8178),#8194,.F.);
#8178 = FACE_BOUND('',#8179,.F.);
#8179 = EDGE_LOOP('',(#8180,#8186,#8187,#8193));
#8180 = ORIENTED_EDGE('',*,*,#8181,.F.);
#8181 = EDGE_CURVE('',#8102,#8142,#8182,.T.);
#8182 = LINE('',#8183,#8184);
#8183 = CARTESIAN_POINT('',(2.1E+03,2.17E+03,2.68E+03));
#8184 = VECTOR('',#8185,1.);
#8185 = DIRECTION('',(1.,0.,-0.));
#8186 = ORIENTED_EDGE('',*,*,#8101,.T.);
#8187 = ORIENTED_EDGE('',*,*,#8188,.T.);
#8188 = EDGE_CURVE('',#8104,#8144,#8189,.T.);
#8189 = LINE('',#8190,#8191);
#8190 = CARTESIAN_POINT('',(2.1E+03,2.17E+03,2.94E+03));
#8191 = VECTOR('',#8192,1.);
#8192 = DIRECTION('',(1.,0.,-0.));
#8193 = ORIENTED_EDGE('',*,*,#8141,.F.);
#8194 = PLANE('',#8195);
#8195 = AXIS2_PLACEMENT_3D('',#8196,#8197,#8198);
#8196 = CARTESIAN_POINT('',(2.1E+03,2.17E+03,2.68E+03));
#8197 = DIRECTION('',(-0.,1.,0.));
#8198 = DIRECTION('',(0.,0.,1.));
#8199 = ADVANCED_FACE('',(#8200),#8216,.T.);
#8200 = FACE_BOUND('',#8201,.T.);
#8201 = EDGE_LOOP('',(#8202,#8208,#8209,#8215));
#8202 = ORIENTED_EDGE('',*,*,#8203,.F.);
#8203 = EDGE_CURVE('',#8112,#8152,#8204,.T.);
#8204 = LINE('',#8205,#8206);
#8205 = CARTESIAN_POINT('',(2.1E+03,2.47E+03,2.68E+03));
#8206 = VECTOR('',#8207,1.);
#8207 = DIRECTION('',(1.,0.,-0.));
#8208 = ORIENTED_EDGE('',*,*,#8119,.T.);
#8209 = ORIENTED_EDGE('',*,*,#8210,.T.);
#8210 = EDGE_CURVE('',#8120,#8160,#8211,.T.);
#8211 = LINE('',#8212,#8213);
#8212 = CARTESIAN_POINT('',(2.1E+03,2.47E+03,2.94E+03));
#8213 = VECTOR('',#8214,1.);
#8214 = DIRECTION('',(1.,0.,-0.));
#8215 = ORIENTED_EDGE('',*,*,#8159,.F.);
#8216 = PLANE('',#8217);
#8217 = AXIS2_PLACEMENT_3D('',#8218,#8219,#8220);
#8218 = CARTESIAN_POINT('',(2.1E+03,2.47E+03,2.68E+03));
#8219 = DIRECTION('',(-0.,1.,0.));
#8220 = DIRECTION('',(0.,0.,1.));
#8221 = ADVANCED_FACE('',(#8222),#8228,.F.);
#8222 = FACE_BOUND('',#8223,.F.);
#8223 = EDGE_LOOP('',(#8224,#8225,#8226,#8227));
#8224 = ORIENTED_EDGE('',*,*,#8111,.F.);
#8225 = ORIENTED_EDGE('',*,*,#8181,.T.);
#8226 = ORIENTED_EDGE('',*,*,#8151,.T.);
#8227 = ORIENTED_EDGE('',*,*,#8203,.F.);
#8228 = PLANE('',#8229);
#8229 = AXIS2_PLACEMENT_3D('',#8230,#8231,#8232);
#8230 = CARTESIAN_POINT('',(2.1E+03,2.17E+03,2.68E+03));
#8231 = DIRECTION('',(0.,0.,1.));
#8232 = DIRECTION('',(1.,0.,-0.));
#8233 = ADVANCED_FACE('',(#8234),#8240,.T.);
#8234 = FACE_BOUND('',#8235,.T.);
#8235 = EDGE_LOOP('',(#8236,#8237,#8238,#8239));
#8236 = ORIENTED_EDGE('',*,*,#8127,.F.);
#8237 = ORIENTED_EDGE('',*,*,#8188,.T.);
#8238 = ORIENTED_EDGE('',*,*,#8167,.T.);
#8239 = ORIENTED_EDGE('',*,*,#8210,.F.);
#8240 = PLANE('',#8241);
#8241 = AXIS2_PLACEMENT_3D('',#8242,#8243,#8244);
#8242 = CARTESIAN_POINT('',(2.1E+03,2.17E+03,2.94E+03));
#8243 = DIRECTION('',(0.,0.,1.));
#8244 = DIRECTION('',(1.,0.,-0.));
#8245 = ( GEOMETRIC_REPRESENTATION_CONTEXT(3) 
GLOBAL_UNCERTAINTY_ASSIGNED_CONTEXT((#8249)) 
GLOBAL_UNIT_ASSIGNED_CONTEXT((#8246,#8247,#8248)) REPRESENTATION_CONTEXT
('Context #1','3D Context with UNIT and UNCERTAINTY') );
#8246 = ( LENGTH_UNIT() NAMED_UNIT(*) SI_UNIT(.MILLI.,.METRE.) );
#8247 = ( NAMED_UNIT(*) PLANE_ANGLE_UNIT() SI_UNIT($,.RADIAN.) );
#8248 = ( NAMED_UNIT(*) SI_UNIT($,.STERADIAN.) SOLID_ANGLE_UNIT() );
#8249 = UNCERTAINTY_MEASURE_WITH_UNIT(LENGTH_MEASURE(1.E-07),#8246,
  'distance_accuracy_value','confusion accuracy');
#8250 = CONTEXT_DEPENDENT_SHAPE_REPRESENTATION(#8251,#8253);
#8251 = ( REPRESENTATION_RELATIONSHIP('','',#8094,#10) 
REPRESENTATION_RELATIONSHIP_WITH_TRANSFORMATION(#8252) 
SHAPE_REPRESENTATION_RELATIONSHIP() );
#8252 = ITEM_DEFINED_TRANSFORMATION('','',#11,#235);
#8253 = PRODUCT_DEFINITION_SHAPE('Placement','Placement of an item',
  #8254);
#8254 = NEXT_ASSEMBLY_USAGE_OCCURRENCE('56','Support_CableTrayHanger_01'
  ,'',#5,#8089,$);
#8255 = PRODUCT_RELATED_PRODUCT_CATEGORY('part',$,(#8091));
#8256 = SHAPE_DEFINITION_REPRESENTATION(#8257,#8263);
#8257 = PRODUCT_DEFINITION_SHAPE('','',#8258);
#8258 = PRODUCT_DEFINITION('design','',#8259,#8262);
#8259 = PRODUCT_DEFINITION_FORMATION('','',#8260);
#8260 = PRODUCT('Support_CableTrayHanger_02',
  'Support_CableTrayHanger_02','',(#8261));
#8261 = PRODUCT_CONTEXT('',#2,'mechanical');
#8262 = PRODUCT_DEFINITION_CONTEXT('part definition',#2,'design');
#8263 = ADVANCED_BREP_SHAPE_REPRESENTATION('',(#11,#8264),#8414);
#8264 = MANIFOLD_SOLID_BREP('',#8265);
#8265 = CLOSED_SHELL('',(#8266,#8306,#8346,#8368,#8390,#8402));
#8266 = ADVANCED_FACE('',(#8267),#8301,.F.);
#8267 = FACE_BOUND('',#8268,.F.);
#8268 = EDGE_LOOP('',(#8269,#8279,#8287,#8295));
#8269 = ORIENTED_EDGE('',*,*,#8270,.F.);
#8270 = EDGE_CURVE('',#8271,#8273,#8275,.T.);
#8271 = VERTEX_POINT('',#8272);
#8272 = CARTESIAN_POINT('',(3.65E+03,2.17E+03,2.68E+03));
#8273 = VERTEX_POINT('',#8274);
#8274 = CARTESIAN_POINT('',(3.65E+03,2.17E+03,2.94E+03));
#8275 = LINE('',#8276,#8277);
#8276 = CARTESIAN_POINT('',(3.65E+03,2.17E+03,2.68E+03));
#8277 = VECTOR('',#8278,1.);
#8278 = DIRECTION('',(0.,0.,1.));
#8279 = ORIENTED_EDGE('',*,*,#8280,.T.);
#8280 = EDGE_CURVE('',#8271,#8281,#8283,.T.);
#8281 = VERTEX_POINT('',#8282);
#8282 = CARTESIAN_POINT('',(3.65E+03,2.47E+03,2.68E+03));
#8283 = LINE('',#8284,#8285);
#8284 = CARTESIAN_POINT('',(3.65E+03,2.17E+03,2.68E+03));
#8285 = VECTOR('',#8286,1.);
#8286 = DIRECTION('',(-0.,1.,0.));
#8287 = ORIENTED_EDGE('',*,*,#8288,.T.);
#8288 = EDGE_CURVE('',#8281,#8289,#8291,.T.);
#8289 = VERTEX_POINT('',#8290);
#8290 = CARTESIAN_POINT('',(3.65E+03,2.47E+03,2.94E+03));
#8291 = LINE('',#8292,#8293);
#8292 = CARTESIAN_POINT('',(3.65E+03,2.47E+03,2.68E+03));
#8293 = VECTOR('',#8294,1.);
#8294 = DIRECTION('',(0.,0.,1.));
#8295 = ORIENTED_EDGE('',*,*,#8296,.F.);
#8296 = EDGE_CURVE('',#8273,#8289,#8297,.T.);
#8297 = LINE('',#8298,#8299);
#8298 = CARTESIAN_POINT('',(3.65E+03,2.17E+03,2.94E+03));
#8299 = VECTOR('',#8300,1.);
#8300 = DIRECTION('',(-0.,1.,0.));
#8301 = PLANE('',#8302);
#8302 = AXIS2_PLACEMENT_3D('',#8303,#8304,#8305);
#8303 = CARTESIAN_POINT('',(3.65E+03,2.17E+03,2.68E+03));
#8304 = DIRECTION('',(1.,0.,-0.));
#8305 = DIRECTION('',(0.,0.,1.));
#8306 = ADVANCED_FACE('',(#8307),#8341,.T.);
#8307 = FACE_BOUND('',#8308,.T.);
#8308 = EDGE_LOOP('',(#8309,#8319,#8327,#8335));
#8309 = ORIENTED_EDGE('',*,*,#8310,.F.);
#8310 = EDGE_CURVE('',#8311,#8313,#8315,.T.);
#8311 = VERTEX_POINT('',#8312);
#8312 = CARTESIAN_POINT('',(3.71E+03,2.17E+03,2.68E+03));
#8313 = VERTEX_POINT('',#8314);
#8314 = CARTESIAN_POINT('',(3.71E+03,2.17E+03,2.94E+03));
#8315 = LINE('',#8316,#8317);
#8316 = CARTESIAN_POINT('',(3.71E+03,2.17E+03,2.68E+03));
#8317 = VECTOR('',#8318,1.);
#8318 = DIRECTION('',(0.,0.,1.));
#8319 = ORIENTED_EDGE('',*,*,#8320,.T.);
#8320 = EDGE_CURVE('',#8311,#8321,#8323,.T.);
#8321 = VERTEX_POINT('',#8322);
#8322 = CARTESIAN_POINT('',(3.71E+03,2.47E+03,2.68E+03));
#8323 = LINE('',#8324,#8325);
#8324 = CARTESIAN_POINT('',(3.71E+03,2.17E+03,2.68E+03));
#8325 = VECTOR('',#8326,1.);
#8326 = DIRECTION('',(-0.,1.,0.));
#8327 = ORIENTED_EDGE('',*,*,#8328,.T.);
#8328 = EDGE_CURVE('',#8321,#8329,#8331,.T.);
#8329 = VERTEX_POINT('',#8330);
#8330 = CARTESIAN_POINT('',(3.71E+03,2.47E+03,2.94E+03));
#8331 = LINE('',#8332,#8333);
#8332 = CARTESIAN_POINT('',(3.71E+03,2.47E+03,2.68E+03));
#8333 = VECTOR('',#8334,1.);
#8334 = DIRECTION('',(0.,0.,1.));
#8335 = ORIENTED_EDGE('',*,*,#8336,.F.);
#8336 = EDGE_CURVE('',#8313,#8329,#8337,.T.);
#8337 = LINE('',#8338,#8339);
#8338 = CARTESIAN_POINT('',(3.71E+03,2.17E+03,2.94E+03));
#8339 = VECTOR('',#8340,1.);
#8340 = DIRECTION('',(-0.,1.,0.));
#8341 = PLANE('',#8342);
#8342 = AXIS2_PLACEMENT_3D('',#8343,#8344,#8345);
#8343 = CARTESIAN_POINT('',(3.71E+03,2.17E+03,2.68E+03));
#8344 = DIRECTION('',(1.,0.,-0.));
#8345 = DIRECTION('',(0.,0.,1.));
#8346 = ADVANCED_FACE('',(#8347),#8363,.F.);
#8347 = FACE_BOUND('',#8348,.F.);
#8348 = EDGE_LOOP('',(#8349,#8355,#8356,#8362));
#8349 = ORIENTED_EDGE('',*,*,#8350,.F.);
#8350 = EDGE_CURVE('',#8271,#8311,#8351,.T.);
#8351 = LINE('',#8352,#8353);
#8352 = CARTESIAN_POINT('',(3.65E+03,2.17E+03,2.68E+03));
#8353 = VECTOR('',#8354,1.);
#8354 = DIRECTION('',(1.,0.,-0.));
#8355 = ORIENTED_EDGE('',*,*,#8270,.T.);
#8356 = ORIENTED_EDGE('',*,*,#8357,.T.);
#8357 = EDGE_CURVE('',#8273,#8313,#8358,.T.);
#8358 = LINE('',#8359,#8360);
#8359 = CARTESIAN_POINT('',(3.65E+03,2.17E+03,2.94E+03));
#8360 = VECTOR('',#8361,1.);
#8361 = DIRECTION('',(1.,0.,-0.));
#8362 = ORIENTED_EDGE('',*,*,#8310,.F.);
#8363 = PLANE('',#8364);
#8364 = AXIS2_PLACEMENT_3D('',#8365,#8366,#8367);
#8365 = CARTESIAN_POINT('',(3.65E+03,2.17E+03,2.68E+03));
#8366 = DIRECTION('',(-0.,1.,0.));
#8367 = DIRECTION('',(0.,0.,1.));
#8368 = ADVANCED_FACE('',(#8369),#8385,.T.);
#8369 = FACE_BOUND('',#8370,.T.);
#8370 = EDGE_LOOP('',(#8371,#8377,#8378,#8384));
#8371 = ORIENTED_EDGE('',*,*,#8372,.F.);
#8372 = EDGE_CURVE('',#8281,#8321,#8373,.T.);
#8373 = LINE('',#8374,#8375);
#8374 = CARTESIAN_POINT('',(3.65E+03,2.47E+03,2.68E+03));
#8375 = VECTOR('',#8376,1.);
#8376 = DIRECTION('',(1.,0.,-0.));
#8377 = ORIENTED_EDGE('',*,*,#8288,.T.);
#8378 = ORIENTED_EDGE('',*,*,#8379,.T.);
#8379 = EDGE_CURVE('',#8289,#8329,#8380,.T.);
#8380 = LINE('',#8381,#8382);
#8381 = CARTESIAN_POINT('',(3.65E+03,2.47E+03,2.94E+03));
#8382 = VECTOR('',#8383,1.);
#8383 = DIRECTION('',(1.,0.,-0.));
#8384 = ORIENTED_EDGE('',*,*,#8328,.F.);
#8385 = PLANE('',#8386);
#8386 = AXIS2_PLACEMENT_3D('',#8387,#8388,#8389);
#8387 = CARTESIAN_POINT('',(3.65E+03,2.47E+03,2.68E+03));
#8388 = DIRECTION('',(-0.,1.,0.));
#8389 = DIRECTION('',(0.,0.,1.));
#8390 = ADVANCED_FACE('',(#8391),#8397,.F.);
#8391 = FACE_BOUND('',#8392,.F.);
#8392 = EDGE_LOOP('',(#8393,#8394,#8395,#8396));
#8393 = ORIENTED_EDGE('',*,*,#8280,.F.);
#8394 = ORIENTED_EDGE('',*,*,#8350,.T.);
#8395 = ORIENTED_EDGE('',*,*,#8320,.T.);
#8396 = ORIENTED_EDGE('',*,*,#8372,.F.);
#8397 = PLANE('',#8398);
#8398 = AXIS2_PLACEMENT_3D('',#8399,#8400,#8401);
#8399 = CARTESIAN_POINT('',(3.65E+03,2.17E+03,2.68E+03));
#8400 = DIRECTION('',(0.,0.,1.));
#8401 = DIRECTION('',(1.,0.,-0.));
#8402 = ADVANCED_FACE('',(#8403),#8409,.T.);
#8403 = FACE_BOUND('',#8404,.T.);
#8404 = EDGE_LOOP('',(#8405,#8406,#8407,#8408));
#8405 = ORIENTED_EDGE('',*,*,#8296,.F.);
#8406 = ORIENTED_EDGE('',*,*,#8357,.T.);
#8407 = ORIENTED_EDGE('',*,*,#8336,.T.);
#8408 = ORIENTED_EDGE('',*,*,#8379,.F.);
#8409 = PLANE('',#8410);
#8410 = AXIS2_PLACEMENT_3D('',#8411,#8412,#8413);
#8411 = CARTESIAN_POINT('',(3.65E+03,2.17E+03,2.94E+03));
#8412 = DIRECTION('',(0.,0.,1.));
#8413 = DIRECTION('',(1.,0.,-0.));
#8414 = ( GEOMETRIC_REPRESENTATION_CONTEXT(3) 
GLOBAL_UNCERTAINTY_ASSIGNED_CONTEXT((#8418)) 
GLOBAL_UNIT_ASSIGNED_CONTEXT((#8415,#8416,#8417)) REPRESENTATION_CONTEXT
('Context #1','3D Context with UNIT and UNCERTAINTY') );
#8415 = ( LENGTH_UNIT() NAMED_UNIT(*) SI_UNIT(.MILLI.,.METRE.) );
#8416 = ( NAMED_UNIT(*) PLANE_ANGLE_UNIT() SI_UNIT($,.RADIAN.) );
#8417 = ( NAMED_UNIT(*) SI_UNIT($,.STERADIAN.) SOLID_ANGLE_UNIT() );
#8418 = UNCERTAINTY_MEASURE_WITH_UNIT(LENGTH_MEASURE(1.E-07),#8415,
  'distance_accuracy_value','confusion accuracy');
#8419 = CONTEXT_DEPENDENT_SHAPE_REPRESENTATION(#8420,#8422);
#8420 = ( REPRESENTATION_RELATIONSHIP('','',#8263,#10) 
REPRESENTATION_RELATIONSHIP_WITH_TRANSFORMATION(#8421) 
SHAPE_REPRESENTATION_RELATIONSHIP() );
#8421 = ITEM_DEFINED_TRANSFORMATION('','',#11,#239);
#8422 = PRODUCT_DEFINITION_SHAPE('Placement','Placement of an item',
  #8423);
#8423 = NEXT_ASSEMBLY_USAGE_OCCURRENCE('57','Support_CableTrayHanger_02'
  ,'',#5,#8258,$);
#8424 = PRODUCT_RELATED_PRODUCT_CATEGORY('part',$,(#8260));
#8425 = SHAPE_DEFINITION_REPRESENTATION(#8426,#8432);
#8426 = PRODUCT_DEFINITION_SHAPE('','',#8427);
#8427 = PRODUCT_DEFINITION('design','',#8428,#8431);
#8428 = PRODUCT_DEFINITION_FORMATION('','',#8429);
#8429 = PRODUCT('PipeClamp_TypeA_01','PipeClamp_TypeA_01','',(#8430));
#8430 = PRODUCT_CONTEXT('',#2,'mechanical');
#8431 = PRODUCT_DEFINITION_CONTEXT('part definition',#2,'design');
#8432 = ADVANCED_BREP_SHAPE_REPRESENTATION('',(#11,#8433),#8461);
#8433 = MANIFOLD_SOLID_BREP('',#8434);
#8434 = CLOSED_SHELL('',(#8435));
#8435 = ADVANCED_FACE('',(#8436),#8456,.T.);
#8436 = FACE_BOUND('',#8437,.T.);
#8437 = EDGE_LOOP('',(#8438,#8447,#8454,#8455));
#8438 = ORIENTED_EDGE('',*,*,#8439,.F.);
#8439 = EDGE_CURVE('',#8440,#8440,#8442,.T.);
#8440 = VERTEX_POINT('',#8441);
#8441 = CARTESIAN_POINT('',(1.9E+03,2.86E+03,1.846E+03));
#8442 = CIRCLE('',#8443,46.);
#8443 = AXIS2_PLACEMENT_3D('',#8444,#8445,#8446);
#8444 = CARTESIAN_POINT('',(1.9E+03,2.86E+03,1.8E+03));
#8445 = DIRECTION('',(1.,0.,0.));
#8446 = DIRECTION('',(-0.,0.,1.));
#8447 = ORIENTED_EDGE('',*,*,#8448,.F.);
#8448 = EDGE_CURVE('',#8440,#8440,#8449,.T.);
#8449 = CIRCLE('',#8450,6.);
#8450 = AXIS2_PLACEMENT_3D('',#8451,#8452,#8453);
#8451 = CARTESIAN_POINT('',(1.9E+03,2.86E+03,1.84E+03));
#8452 = DIRECTION('',(0.,1.,-2.449293598295E-16));
#8453 = DIRECTION('',(0.,2.449293598295E-16,1.));
#8454 = ORIENTED_EDGE('',*,*,#8439,.T.);
#8455 = ORIENTED_EDGE('',*,*,#8448,.T.);
#8456 = TOROIDAL_SURFACE('',#8457,40.,6.);
#8457 = AXIS2_PLACEMENT_3D('',#8458,#8459,#8460);
#8458 = CARTESIAN_POINT('',(1.9E+03,2.86E+03,1.8E+03));
#8459 = DIRECTION('',(1.,0.,0.));
#8460 = DIRECTION('',(-0.,0.,1.));
#8461 = ( GEOMETRIC_REPRESENTATION_CONTEXT(3) 
GLOBAL_UNCERTAINTY_ASSIGNED_CONTEXT((#8465)) 
GLOBAL_UNIT_ASSIGNED_CONTEXT((#8462,#8463,#8464)) REPRESENTATION_CONTEXT
('Context #1','3D Context with UNIT and UNCERTAINTY') );
#8462 = ( LENGTH_UNIT() NAMED_UNIT(*) SI_UNIT(.MILLI.,.METRE.) );
#8463 = ( NAMED_UNIT(*) PLANE_ANGLE_UNIT() SI_UNIT($,.RADIAN.) );
#8464 = ( NAMED_UNIT(*) SI_UNIT($,.STERADIAN.) SOLID_ANGLE_UNIT() );
#8465 = UNCERTAINTY_MEASURE_WITH_UNIT(LENGTH_MEASURE(1.E-07),#8462,
  'distance_accuracy_value','confusion accuracy');
#8466 = CONTEXT_DEPENDENT_SHAPE_REPRESENTATION(#8467,#8469);
#8467 = ( REPRESENTATION_RELATIONSHIP('','',#8432,#10) 
REPRESENTATION_RELATIONSHIP_WITH_TRANSFORMATION(#8468) 
SHAPE_REPRESENTATION_RELATIONSHIP() );
#8468 = ITEM_DEFINED_TRANSFORMATION('','',#11,#243);
#8469 = PRODUCT_DEFINITION_SHAPE('Placement','Placement of an item',
  #8470);
#8470 = NEXT_ASSEMBLY_USAGE_OCCURRENCE('58','PipeClamp_TypeA_01','',#5,
  #8427,$);
#8471 = PRODUCT_RELATED_PRODUCT_CATEGORY('part',$,(#8429));
#8472 = SHAPE_DEFINITION_REPRESENTATION(#8473,#8479);
#8473 = PRODUCT_DEFINITION_SHAPE('','',#8474);
#8474 = PRODUCT_DEFINITION('design','',#8475,#8478);
#8475 = PRODUCT_DEFINITION_FORMATION('','',#8476);
#8476 = PRODUCT('Plate_Mounting_01','Plate_Mounting_01','',(#8477));
#8477 = PRODUCT_CONTEXT('',#2,'mechanical');
#8478 = PRODUCT_DEFINITION_CONTEXT('part definition',#2,'design');
#8479 = ADVANCED_BREP_SHAPE_REPRESENTATION('',(#11,#8480),#8630);
#8480 = MANIFOLD_SOLID_BREP('',#8481);
#8481 = CLOSED_SHELL('',(#8482,#8522,#8562,#8584,#8606,#8618));
#8482 = ADVANCED_FACE('',(#8483),#8517,.F.);
#8483 = FACE_BOUND('',#8484,.F.);
#8484 = EDGE_LOOP('',(#8485,#8495,#8503,#8511));
#8485 = ORIENTED_EDGE('',*,*,#8486,.F.);
#8486 = EDGE_CURVE('',#8487,#8489,#8491,.T.);
#8487 = VERTEX_POINT('',#8488);
#8488 = CARTESIAN_POINT('',(1.76E+03,2.76E+03,200.));
#8489 = VERTEX_POINT('',#8490);
#8490 = CARTESIAN_POINT('',(1.76E+03,2.76E+03,212.));
#8491 = LINE('',#8492,#8493);
#8492 = CARTESIAN_POINT('',(1.76E+03,2.76E+03,200.));
#8493 = VECTOR('',#8494,1.);
#8494 = DIRECTION('',(0.,0.,1.));
#8495 = ORIENTED_EDGE('',*,*,#8496,.T.);
#8496 = EDGE_CURVE('',#8487,#8497,#8499,.T.);
#8497 = VERTEX_POINT('',#8498);
#8498 = CARTESIAN_POINT('',(1.76E+03,2.92E+03,200.));
#8499 = LINE('',#8500,#8501);
#8500 = CARTESIAN_POINT('',(1.76E+03,2.76E+03,200.));
#8501 = VECTOR('',#8502,1.);
#8502 = DIRECTION('',(-0.,1.,0.));
#8503 = ORIENTED_EDGE('',*,*,#8504,.T.);
#8504 = EDGE_CURVE('',#8497,#8505,#8507,.T.);
#8505 = VERTEX_POINT('',#8506);
#8506 = CARTESIAN_POINT('',(1.76E+03,2.92E+03,212.));
#8507 = LINE('',#8508,#8509);
#8508 = CARTESIAN_POINT('',(1.76E+03,2.92E+03,200.));
#8509 = VECTOR('',#8510,1.);
#8510 = DIRECTION('',(0.,0.,1.));
#8511 = ORIENTED_EDGE('',*,*,#8512,.F.);
#8512 = EDGE_CURVE('',#8489,#8505,#8513,.T.);
#8513 = LINE('',#8514,#8515);
#8514 = CARTESIAN_POINT('',(1.76E+03,2.76E+03,212.));
#8515 = VECTOR('',#8516,1.);
#8516 = DIRECTION('',(-0.,1.,0.));
#8517 = PLANE('',#8518);
#8518 = AXIS2_PLACEMENT_3D('',#8519,#8520,#8521);
#8519 = CARTESIAN_POINT('',(1.76E+03,2.76E+03,200.));
#8520 = DIRECTION('',(1.,0.,-0.));
#8521 = DIRECTION('',(0.,0.,1.));
#8522 = ADVANCED_FACE('',(#8523),#8557,.T.);
#8523 = FACE_BOUND('',#8524,.T.);
#8524 = EDGE_LOOP('',(#8525,#8535,#8543,#8551));
#8525 = ORIENTED_EDGE('',*,*,#8526,.F.);
#8526 = EDGE_CURVE('',#8527,#8529,#8531,.T.);
#8527 = VERTEX_POINT('',#8528);
#8528 = CARTESIAN_POINT('',(2.02E+03,2.76E+03,200.));
#8529 = VERTEX_POINT('',#8530);
#8530 = CARTESIAN_POINT('',(2.02E+03,2.76E+03,212.));
#8531 = LINE('',#8532,#8533);
#8532 = CARTESIAN_POINT('',(2.02E+03,2.76E+03,200.));
#8533 = VECTOR('',#8534,1.);
#8534 = DIRECTION('',(0.,0.,1.));
#8535 = ORIENTED_EDGE('',*,*,#8536,.T.);
#8536 = EDGE_CURVE('',#8527,#8537,#8539,.T.);
#8537 = VERTEX_POINT('',#8538);
#8538 = CARTESIAN_POINT('',(2.02E+03,2.92E+03,200.));
#8539 = LINE('',#8540,#8541);
#8540 = CARTESIAN_POINT('',(2.02E+03,2.76E+03,200.));
#8541 = VECTOR('',#8542,1.);
#8542 = DIRECTION('',(-0.,1.,0.));
#8543 = ORIENTED_EDGE('',*,*,#8544,.T.);
#8544 = EDGE_CURVE('',#8537,#8545,#8547,.T.);
#8545 = VERTEX_POINT('',#8546);
#8546 = CARTESIAN_POINT('',(2.02E+03,2.92E+03,212.));
#8547 = LINE('',#8548,#8549);
#8548 = CARTESIAN_POINT('',(2.02E+03,2.92E+03,200.));
#8549 = VECTOR('',#8550,1.);
#8550 = DIRECTION('',(0.,0.,1.));
#8551 = ORIENTED_EDGE('',*,*,#8552,.F.);
#8552 = EDGE_CURVE('',#8529,#8545,#8553,.T.);
#8553 = LINE('',#8554,#8555);
#8554 = CARTESIAN_POINT('',(2.02E+03,2.76E+03,212.));
#8555 = VECTOR('',#8556,1.);
#8556 = DIRECTION('',(-0.,1.,0.));
#8557 = PLANE('',#8558);
#8558 = AXIS2_PLACEMENT_3D('',#8559,#8560,#8561);
#8559 = CARTESIAN_POINT('',(2.02E+03,2.76E+03,200.));
#8560 = DIRECTION('',(1.,0.,-0.));
#8561 = DIRECTION('',(0.,0.,1.));
#8562 = ADVANCED_FACE('',(#8563),#8579,.F.);
#8563 = FACE_BOUND('',#8564,.F.);
#8564 = EDGE_LOOP('',(#8565,#8571,#8572,#8578));
#8565 = ORIENTED_EDGE('',*,*,#8566,.F.);
#8566 = EDGE_CURVE('',#8487,#8527,#8567,.T.);
#8567 = LINE('',#8568,#8569);
#8568 = CARTESIAN_POINT('',(1.76E+03,2.76E+03,200.));
#8569 = VECTOR('',#8570,1.);
#8570 = DIRECTION('',(1.,0.,-0.));
#8571 = ORIENTED_EDGE('',*,*,#8486,.T.);
#8572 = ORIENTED_EDGE('',*,*,#8573,.T.);
#8573 = EDGE_CURVE('',#8489,#8529,#8574,.T.);
#8574 = LINE('',#8575,#8576);
#8575 = CARTESIAN_POINT('',(1.76E+03,2.76E+03,212.));
#8576 = VECTOR('',#8577,1.);
#8577 = DIRECTION('',(1.,0.,-0.));
#8578 = ORIENTED_EDGE('',*,*,#8526,.F.);
#8579 = PLANE('',#8580);
#8580 = AXIS2_PLACEMENT_3D('',#8581,#8582,#8583);
#8581 = CARTESIAN_POINT('',(1.76E+03,2.76E+03,200.));
#8582 = DIRECTION('',(-0.,1.,0.));
#8583 = DIRECTION('',(0.,0.,1.));
#8584 = ADVANCED_FACE('',(#8585),#8601,.T.);
#8585 = FACE_BOUND('',#8586,.T.);
#8586 = EDGE_LOOP('',(#8587,#8593,#8594,#8600));
#8587 = ORIENTED_EDGE('',*,*,#8588,.F.);
#8588 = EDGE_CURVE('',#8497,#8537,#8589,.T.);
#8589 = LINE('',#8590,#8591);
#8590 = CARTESIAN_POINT('',(1.76E+03,2.92E+03,200.));
#8591 = VECTOR('',#8592,1.);
#8592 = DIRECTION('',(1.,0.,-0.));
#8593 = ORIENTED_EDGE('',*,*,#8504,.T.);
#8594 = ORIENTED_EDGE('',*,*,#8595,.T.);
#8595 = EDGE_CURVE('',#8505,#8545,#8596,.T.);
#8596 = LINE('',#8597,#8598);
#8597 = CARTESIAN_POINT('',(1.76E+03,2.92E+03,212.));
#8598 = VECTOR('',#8599,1.);
#8599 = DIRECTION('',(1.,0.,-0.));
#8600 = ORIENTED_EDGE('',*,*,#8544,.F.);
#8601 = PLANE('',#8602);
#8602 = AXIS2_PLACEMENT_3D('',#8603,#8604,#8605);
#8603 = CARTESIAN_POINT('',(1.76E+03,2.92E+03,200.));
#8604 = DIRECTION('',(-0.,1.,0.));
#8605 = DIRECTION('',(0.,0.,1.));
#8606 = ADVANCED_FACE('',(#8607),#8613,.F.);
#8607 = FACE_BOUND('',#8608,.F.);
#8608 = EDGE_LOOP('',(#8609,#8610,#8611,#8612));
#8609 = ORIENTED_EDGE('',*,*,#8496,.F.);
#8610 = ORIENTED_EDGE('',*,*,#8566,.T.);
#8611 = ORIENTED_EDGE('',*,*,#8536,.T.);
#8612 = ORIENTED_EDGE('',*,*,#8588,.F.);
#8613 = PLANE('',#8614);
#8614 = AXIS2_PLACEMENT_3D('',#8615,#8616,#8617);
#8615 = CARTESIAN_POINT('',(1.76E+03,2.76E+03,200.));
#8616 = DIRECTION('',(0.,0.,1.));
#8617 = DIRECTION('',(1.,0.,-0.));
#8618 = ADVANCED_FACE('',(#8619),#8625,.T.);
#8619 = FACE_BOUND('',#8620,.T.);
#8620 = EDGE_LOOP('',(#8621,#8622,#8623,#8624));
#8621 = ORIENTED_EDGE('',*,*,#8512,.F.);
#8622 = ORIENTED_EDGE('',*,*,#8573,.T.);
#8623 = ORIENTED_EDGE('',*,*,#8552,.T.);
#8624 = ORIENTED_EDGE('',*,*,#8595,.F.);
#8625 = PLANE('',#8626);
#8626 = AXIS2_PLACEMENT_3D('',#8627,#8628,#8629);
#8627 = CARTESIAN_POINT('',(1.76E+03,2.76E+03,212.));
#8628 = DIRECTION('',(0.,0.,1.));
#8629 = DIRECTION('',(1.,0.,-0.));
#8630 = ( GEOMETRIC_REPRESENTATION_CONTEXT(3) 
GLOBAL_UNCERTAINTY_ASSIGNED_CONTEXT((#8634)) 
GLOBAL_UNIT_ASSIGNED_CONTEXT((#8631,#8632,#8633)) REPRESENTATION_CONTEXT
('Context #1','3D Context with UNIT and UNCERTAINTY') );
#8631 = ( LENGTH_UNIT() NAMED_UNIT(*) SI_UNIT(.MILLI.,.METRE.) );
#8632 = ( NAMED_UNIT(*) PLANE_ANGLE_UNIT() SI_UNIT($,.RADIAN.) );
#8633 = ( NAMED_UNIT(*) SI_UNIT($,.STERADIAN.) SOLID_ANGLE_UNIT() );
#8634 = UNCERTAINTY_MEASURE_WITH_UNIT(LENGTH_MEASURE(1.E-07),#8631,
  'distance_accuracy_value','confusion accuracy');
#8635 = CONTEXT_DEPENDENT_SHAPE_REPRESENTATION(#8636,#8638);
#8636 = ( REPRESENTATION_RELATIONSHIP('','',#8479,#10) 
REPRESENTATION_RELATIONSHIP_WITH_TRANSFORMATION(#8637) 
SHAPE_REPRESENTATION_RELATIONSHIP() );
#8637 = ITEM_DEFINED_TRANSFORMATION('','',#11,#247);
#8638 = PRODUCT_DEFINITION_SHAPE('Placement','Placement of an item',
  #8639);
#8639 = NEXT_ASSEMBLY_USAGE_OCCURRENCE('59','Plate_Mounting_01','',#5,
  #8474,$);
#8640 = PRODUCT_RELATED_PRODUCT_CATEGORY('part',$,(#8476));
#8641 = SHAPE_DEFINITION_REPRESENTATION(#8642,#8648);
#8642 = PRODUCT_DEFINITION_SHAPE('','',#8643);
#8643 = PRODUCT_DEFINITION('design','',#8644,#8647);
#8644 = PRODUCT_DEFINITION_FORMATION('','',#8645);
#8645 = PRODUCT('Sleeve_WallPenetration_01','Sleeve_WallPenetration_01',
  '',(#8646));
#8646 = PRODUCT_CONTEXT('',#2,'mechanical');
#8647 = PRODUCT_DEFINITION_CONTEXT('part definition',#2,'design');
#8648 = ADVANCED_BREP_SHAPE_REPRESENTATION('',(#11,#8649),#8741);
#8649 = MANIFOLD_SOLID_BREP('',#8650);
#8650 = CLOSED_SHELL('',(#8651,#8684,#8704,#8724));
#8651 = ADVANCED_FACE('',(#8652),#8679,.T.);
#8652 = FACE_BOUND('',#8653,.T.);
#8653 = EDGE_LOOP('',(#8654,#8663,#8671,#8678));
#8654 = ORIENTED_EDGE('',*,*,#8655,.F.);
#8655 = EDGE_CURVE('',#8656,#8656,#8658,.T.);
#8656 = VERTEX_POINT('',#8657);
#8657 = CARTESIAN_POINT('',(95.,-2.32682891838E-14,240.));
#8658 = CIRCLE('',#8659,95.);
#8659 = AXIS2_PLACEMENT_3D('',#8660,#8661,#8662);
#8660 = CARTESIAN_POINT('',(0.,0.,240.));
#8661 = DIRECTION('',(0.,0.,1.));
#8662 = DIRECTION('',(1.,0.,-0.));
#8663 = ORIENTED_EDGE('',*,*,#8664,.F.);
#8664 = EDGE_CURVE('',#8665,#8656,#8667,.T.);
#8665 = VERTEX_POINT('',#8666);
#8666 = CARTESIAN_POINT('',(95.,-2.32682891838E-14,0.));
#8667 = LINE('',#8668,#8669);
#8668 = CARTESIAN_POINT('',(95.,-2.32682891838E-14,0.));
#8669 = VECTOR('',#8670,1.);
#8670 = DIRECTION('',(0.,0.,1.));
#8671 = ORIENTED_EDGE('',*,*,#8672,.T.);
#8672 = EDGE_CURVE('',#8665,#8665,#8673,.T.);
#8673 = CIRCLE('',#8674,95.);
#8674 = AXIS2_PLACEMENT_3D('',#8675,#8676,#8677);
#8675 = CARTESIAN_POINT('',(0.,0.,0.));
#8676 = DIRECTION('',(0.,0.,1.));
#8677 = DIRECTION('',(1.,0.,-0.));
#8678 = ORIENTED_EDGE('',*,*,#8664,.T.);
#8679 = CYLINDRICAL_SURFACE('',#8680,95.);
#8680 = AXIS2_PLACEMENT_3D('',#8681,#8682,#8683);
#8681 = CARTESIAN_POINT('',(0.,0.,0.));
#8682 = DIRECTION('',(0.,0.,1.));
#8683 = DIRECTION('',(1.,0.,-0.));
#8684 = ADVANCED_FACE('',(#8685,#8688),#8699,.T.);
#8685 = FACE_BOUND('',#8686,.T.);
#8686 = EDGE_LOOP('',(#8687));
#8687 = ORIENTED_EDGE('',*,*,#8655,.T.);
#8688 = FACE_BOUND('',#8689,.T.);
#8689 = EDGE_LOOP('',(#8690));
#8690 = ORIENTED_EDGE('',*,*,#8691,.F.);
#8691 = EDGE_CURVE('',#8692,#8692,#8694,.T.);
#8692 = VERTEX_POINT('',#8693);
#8693 = CARTESIAN_POINT('',(70.,-1.714505518806E-14,240.));
#8694 = CIRCLE('',#8695,70.);
#8695 = AXIS2_PLACEMENT_3D('',#8696,#8697,#8698);
#8696 = CARTESIAN_POINT('',(0.,0.,240.));
#8697 = DIRECTION('',(0.,0.,1.));
#8698 = DIRECTION('',(1.,0.,-0.));
#8699 = PLANE('',#8700);
#8700 = AXIS2_PLACEMENT_3D('',#8701,#8702,#8703);
#8701 = CARTESIAN_POINT('',(0.,0.,240.));
#8702 = DIRECTION('',(0.,0.,1.));
#8703 = DIRECTION('',(1.,0.,-0.));
#8704 = ADVANCED_FACE('',(#8705,#8708),#8719,.F.);
#8705 = FACE_BOUND('',#8706,.F.);
#8706 = EDGE_LOOP('',(#8707));
#8707 = ORIENTED_EDGE('',*,*,#8672,.T.);
#8708 = FACE_BOUND('',#8709,.F.);
#8709 = EDGE_LOOP('',(#8710));
#8710 = ORIENTED_EDGE('',*,*,#8711,.F.);
#8711 = EDGE_CURVE('',#8712,#8712,#8714,.T.);
#8712 = VERTEX_POINT('',#8713);
#8713 = CARTESIAN_POINT('',(70.,-1.714505518806E-14,0.));
#8714 = CIRCLE('',#8715,70.);
#8715 = AXIS2_PLACEMENT_3D('',#8716,#8717,#8718);
#8716 = CARTESIAN_POINT('',(0.,0.,0.));
#8717 = DIRECTION('',(0.,0.,1.));
#8718 = DIRECTION('',(1.,0.,-0.));
#8719 = PLANE('',#8720);
#8720 = AXIS2_PLACEMENT_3D('',#8721,#8722,#8723);
#8721 = CARTESIAN_POINT('',(0.,0.,0.));
#8722 = DIRECTION('',(0.,0.,1.));
#8723 = DIRECTION('',(1.,0.,-0.));
#8724 = ADVANCED_FACE('',(#8725),#8736,.F.);
#8725 = FACE_BOUND('',#8726,.F.);
#8726 = EDGE_LOOP('',(#8727,#8728,#8734,#8735));
#8727 = ORIENTED_EDGE('',*,*,#8691,.F.);
#8728 = ORIENTED_EDGE('',*,*,#8729,.F.);
#8729 = EDGE_CURVE('',#8712,#8692,#8730,.T.);
#8730 = LINE('',#8731,#8732);
#8731 = CARTESIAN_POINT('',(70.,-1.714505518806E-14,-2.));
#8732 = VECTOR('',#8733,1.);
#8733 = DIRECTION('',(0.,0.,1.));
#8734 = ORIENTED_EDGE('',*,*,#8711,.T.);
#8735 = ORIENTED_EDGE('',*,*,#8729,.T.);
#8736 = CYLINDRICAL_SURFACE('',#8737,70.);
#8737 = AXIS2_PLACEMENT_3D('',#8738,#8739,#8740);
#8738 = CARTESIAN_POINT('',(0.,0.,-2.));
#8739 = DIRECTION('',(0.,0.,1.));
#8740 = DIRECTION('',(1.,0.,-0.));
#8741 = ( GEOMETRIC_REPRESENTATION_CONTEXT(3) 
GLOBAL_UNCERTAINTY_ASSIGNED_CONTEXT((#8745)) 
GLOBAL_UNIT_ASSIGNED_CONTEXT((#8742,#8743,#8744)) REPRESENTATION_CONTEXT
('Context #1','3D Context with UNIT and UNCERTAINTY') );
#8742 = ( LENGTH_UNIT() NAMED_UNIT(*) SI_UNIT(.MILLI.,.METRE.) );
#8743 = ( NAMED_UNIT(*) PLANE_ANGLE_UNIT() SI_UNIT($,.RADIAN.) );
#8744 = ( NAMED_UNIT(*) SI_UNIT($,.STERADIAN.) SOLID_ANGLE_UNIT() );
#8745 = UNCERTAINTY_MEASURE_WITH_UNIT(LENGTH_MEASURE(1.E-07),#8742,
  'distance_accuracy_value','confusion accuracy');
#8746 = CONTEXT_DEPENDENT_SHAPE_REPRESENTATION(#8747,#8749);
#8747 = ( REPRESENTATION_RELATIONSHIP('','',#8648,#10) 
REPRESENTATION_RELATIONSHIP_WITH_TRANSFORMATION(#8748) 
SHAPE_REPRESENTATION_RELATIONSHIP() );
#8748 = ITEM_DEFINED_TRANSFORMATION('','',#11,#251);
#8749 = PRODUCT_DEFINITION_SHAPE('Placement','Placement of an item',
  #8750);
#8750 = NEXT_ASSEMBLY_USAGE_OCCURRENCE('60','Sleeve_WallPenetration_01',
  '',#5,#8643,$);
#8751 = PRODUCT_RELATED_PRODUCT_CATEGORY('part',$,(#8645));
#8752 = SHAPE_DEFINITION_REPRESENTATION(#8753,#8759);
#8753 = PRODUCT_DEFINITION_SHAPE('','',#8754);
#8754 = PRODUCT_DEFINITION('design','',#8755,#8758);
#8755 = PRODUCT_DEFINITION_FORMATION('','',#8756);
#8756 = PRODUCT('Clearance_ServiceZone_AHU_01',
  'Clearance_ServiceZone_AHU_01','',(#8757));
#8757 = PRODUCT_CONTEXT('',#2,'mechanical');
#8758 = PRODUCT_DEFINITION_CONTEXT('part definition',#2,'design');
#8759 = ADVANCED_BREP_SHAPE_REPRESENTATION('',(#11,#8760),#8910);
#8760 = MANIFOLD_SOLID_BREP('',#8761);
#8761 = CLOSED_SHELL('',(#8762,#8802,#8842,#8864,#8886,#8898));
#8762 = ADVANCED_FACE('',(#8763),#8797,.F.);
#8763 = FACE_BOUND('',#8764,.F.);
#8764 = EDGE_LOOP('',(#8765,#8775,#8783,#8791));
#8765 = ORIENTED_EDGE('',*,*,#8766,.F.);
#8766 = EDGE_CURVE('',#8767,#8769,#8771,.T.);
#8767 = VERTEX_POINT('',#8768);
#8768 = CARTESIAN_POINT('',(650.,1.7E+03,200.));
#8769 = VERTEX_POINT('',#8770);
#8770 = CARTESIAN_POINT('',(650.,1.7E+03,2.1E+03));
#8771 = LINE('',#8772,#8773);
#8772 = CARTESIAN_POINT('',(650.,1.7E+03,200.));
#8773 = VECTOR('',#8774,1.);
#8774 = DIRECTION('',(0.,0.,1.));
#8775 = ORIENTED_EDGE('',*,*,#8776,.T.);
#8776 = EDGE_CURVE('',#8767,#8777,#8779,.T.);
#8777 = VERTEX_POINT('',#8778);
#8778 = CARTESIAN_POINT('',(650.,2.7E+03,200.));
#8779 = LINE('',#8780,#8781);
#8780 = CARTESIAN_POINT('',(650.,1.7E+03,200.));
#8781 = VECTOR('',#8782,1.);
#8782 = DIRECTION('',(-0.,1.,0.));
#8783 = ORIENTED_EDGE('',*,*,#8784,.T.);
#8784 = EDGE_CURVE('',#8777,#8785,#8787,.T.);
#8785 = VERTEX_POINT('',#8786);
#8786 = CARTESIAN_POINT('',(650.,2.7E+03,2.1E+03));
#8787 = LINE('',#8788,#8789);
#8788 = CARTESIAN_POINT('',(650.,2.7E+03,200.));
#8789 = VECTOR('',#8790,1.);
#8790 = DIRECTION('',(0.,0.,1.));
#8791 = ORIENTED_EDGE('',*,*,#8792,.F.);
#8792 = EDGE_CURVE('',#8769,#8785,#8793,.T.);
#8793 = LINE('',#8794,#8795);
#8794 = CARTESIAN_POINT('',(650.,1.7E+03,2.1E+03));
#8795 = VECTOR('',#8796,1.);
#8796 = DIRECTION('',(-0.,1.,0.));
#8797 = PLANE('',#8798);
#8798 = AXIS2_PLACEMENT_3D('',#8799,#8800,#8801);
#8799 = CARTESIAN_POINT('',(650.,1.7E+03,200.));
#8800 = DIRECTION('',(1.,0.,-0.));
#8801 = DIRECTION('',(0.,0.,1.));
#8802 = ADVANCED_FACE('',(#8803),#8837,.T.);
#8803 = FACE_BOUND('',#8804,.T.);
#8804 = EDGE_LOOP('',(#8805,#8815,#8823,#8831));
#8805 = ORIENTED_EDGE('',*,*,#8806,.F.);
#8806 = EDGE_CURVE('',#8807,#8809,#8811,.T.);
#8807 = VERTEX_POINT('',#8808);
#8808 = CARTESIAN_POINT('',(2.45E+03,1.7E+03,200.));
#8809 = VERTEX_POINT('',#8810);
#8810 = CARTESIAN_POINT('',(2.45E+03,1.7E+03,2.1E+03));
#8811 = LINE('',#8812,#8813);
#8812 = CARTESIAN_POINT('',(2.45E+03,1.7E+03,200.));
#8813 = VECTOR('',#8814,1.);
#8814 = DIRECTION('',(0.,0.,1.));
#8815 = ORIENTED_EDGE('',*,*,#8816,.T.);
#8816 = EDGE_CURVE('',#8807,#8817,#8819,.T.);
#8817 = VERTEX_POINT('',#8818);
#8818 = CARTESIAN_POINT('',(2.45E+03,2.7E+03,200.));
#8819 = LINE('',#8820,#8821);
#8820 = CARTESIAN_POINT('',(2.45E+03,1.7E+03,200.));
#8821 = VECTOR('',#8822,1.);
#8822 = DIRECTION('',(-0.,1.,0.));
#8823 = ORIENTED_EDGE('',*,*,#8824,.T.);
#8824 = EDGE_CURVE('',#8817,#8825,#8827,.T.);
#8825 = VERTEX_POINT('',#8826);
#8826 = CARTESIAN_POINT('',(2.45E+03,2.7E+03,2.1E+03));
#8827 = LINE('',#8828,#8829);
#8828 = CARTESIAN_POINT('',(2.45E+03,2.7E+03,200.));
#8829 = VECTOR('',#8830,1.);
#8830 = DIRECTION('',(0.,0.,1.));
#8831 = ORIENTED_EDGE('',*,*,#8832,.F.);
#8832 = EDGE_CURVE('',#8809,#8825,#8833,.T.);
#8833 = LINE('',#8834,#8835);
#8834 = CARTESIAN_POINT('',(2.45E+03,1.7E+03,2.1E+03));
#8835 = VECTOR('',#8836,1.);
#8836 = DIRECTION('',(-0.,1.,0.));
#8837 = PLANE('',#8838);
#8838 = AXIS2_PLACEMENT_3D('',#8839,#8840,#8841);
#8839 = CARTESIAN_POINT('',(2.45E+03,1.7E+03,200.));
#8840 = DIRECTION('',(1.,0.,-0.));
#8841 = DIRECTION('',(0.,0.,1.));
#8842 = ADVANCED_FACE('',(#8843),#8859,.F.);
#8843 = FACE_BOUND('',#8844,.F.);
#8844 = EDGE_LOOP('',(#8845,#8851,#8852,#8858));
#8845 = ORIENTED_EDGE('',*,*,#8846,.F.);
#8846 = EDGE_CURVE('',#8767,#8807,#8847,.T.);
#8847 = LINE('',#8848,#8849);
#8848 = CARTESIAN_POINT('',(650.,1.7E+03,200.));
#8849 = VECTOR('',#8850,1.);
#8850 = DIRECTION('',(1.,0.,-0.));
#8851 = ORIENTED_EDGE('',*,*,#8766,.T.);
#8852 = ORIENTED_EDGE('',*,*,#8853,.T.);
#8853 = EDGE_CURVE('',#8769,#8809,#8854,.T.);
#8854 = LINE('',#8855,#8856);
#8855 = CARTESIAN_POINT('',(650.,1.7E+03,2.1E+03));
#8856 = VECTOR('',#8857,1.);
#8857 = DIRECTION('',(1.,0.,-0.));
#8858 = ORIENTED_EDGE('',*,*,#8806,.F.);
#8859 = PLANE('',#8860);
#8860 = AXIS2_PLACEMENT_3D('',#8861,#8862,#8863);
#8861 = CARTESIAN_POINT('',(650.,1.7E+03,200.));
#8862 = DIRECTION('',(-0.,1.,0.));
#8863 = DIRECTION('',(0.,0.,1.));
#8864 = ADVANCED_FACE('',(#8865),#8881,.T.);
#8865 = FACE_BOUND('',#8866,.T.);
#8866 = EDGE_LOOP('',(#8867,#8873,#8874,#8880));
#8867 = ORIENTED_EDGE('',*,*,#8868,.F.);
#8868 = EDGE_CURVE('',#8777,#8817,#8869,.T.);
#8869 = LINE('',#8870,#8871);
#8870 = CARTESIAN_POINT('',(650.,2.7E+03,200.));
#8871 = VECTOR('',#8872,1.);
#8872 = DIRECTION('',(1.,0.,-0.));
#8873 = ORIENTED_EDGE('',*,*,#8784,.T.);
#8874 = ORIENTED_EDGE('',*,*,#8875,.T.);
#8875 = EDGE_CURVE('',#8785,#8825,#8876,.T.);
#8876 = LINE('',#8877,#8878);
#8877 = CARTESIAN_POINT('',(650.,2.7E+03,2.1E+03));
#8878 = VECTOR('',#8879,1.);
#8879 = DIRECTION('',(1.,0.,-0.));
#8880 = ORIENTED_EDGE('',*,*,#8824,.F.);
#8881 = PLANE('',#8882);
#8882 = AXIS2_PLACEMENT_3D('',#8883,#8884,#8885);
#8883 = CARTESIAN_POINT('',(650.,2.7E+03,200.));
#8884 = DIRECTION('',(-0.,1.,0.));
#8885 = DIRECTION('',(0.,0.,1.));
#8886 = ADVANCED_FACE('',(#8887),#8893,.F.);
#8887 = FACE_BOUND('',#8888,.F.);
#8888 = EDGE_LOOP('',(#8889,#8890,#8891,#8892));
#8889 = ORIENTED_EDGE('',*,*,#8776,.F.);
#8890 = ORIENTED_EDGE('',*,*,#8846,.T.);
#8891 = ORIENTED_EDGE('',*,*,#8816,.T.);
#8892 = ORIENTED_EDGE('',*,*,#8868,.F.);
#8893 = PLANE('',#8894);
#8894 = AXIS2_PLACEMENT_3D('',#8895,#8896,#8897);
#8895 = CARTESIAN_POINT('',(650.,1.7E+03,200.));
#8896 = DIRECTION('',(0.,0.,1.));
#8897 = DIRECTION('',(1.,0.,-0.));
#8898 = ADVANCED_FACE('',(#8899),#8905,.T.);
#8899 = FACE_BOUND('',#8900,.T.);
#8900 = EDGE_LOOP('',(#8901,#8902,#8903,#8904));
#8901 = ORIENTED_EDGE('',*,*,#8792,.F.);
#8902 = ORIENTED_EDGE('',*,*,#8853,.T.);
#8903 = ORIENTED_EDGE('',*,*,#8832,.T.);
#8904 = ORIENTED_EDGE('',*,*,#8875,.F.);
#8905 = PLANE('',#8906);
#8906 = AXIS2_PLACEMENT_3D('',#8907,#8908,#8909);
#8907 = CARTESIAN_POINT('',(650.,1.7E+03,2.1E+03));
#8908 = DIRECTION('',(0.,0.,1.));
#8909 = DIRECTION('',(1.,0.,-0.));
#8910 = ( GEOMETRIC_REPRESENTATION_CONTEXT(3) 
GLOBAL_UNCERTAINTY_ASSIGNED_CONTEXT((#8914)) 
GLOBAL_UNIT_ASSIGNED_CONTEXT((#8911,#8912,#8913)) REPRESENTATION_CONTEXT
('Context #1','3D Context with UNIT and UNCERTAINTY') );
#8911 = ( LENGTH_UNIT() NAMED_UNIT(*) SI_UNIT(.MILLI.,.METRE.) );
#8912 = ( NAMED_UNIT(*) PLANE_ANGLE_UNIT() SI_UNIT($,.RADIAN.) );
#8913 = ( NAMED_UNIT(*) SI_UNIT($,.STERADIAN.) SOLID_ANGLE_UNIT() );
#8914 = UNCERTAINTY_MEASURE_WITH_UNIT(LENGTH_MEASURE(1.E-07),#8911,
  'distance_accuracy_value','confusion accuracy');
#8915 = CONTEXT_DEPENDENT_SHAPE_REPRESENTATION(#8916,#8918);
#8916 = ( REPRESENTATION_RELATIONSHIP('','',#8759,#10) 
REPRESENTATION_RELATIONSHIP_WITH_TRANSFORMATION(#8917) 
SHAPE_REPRESENTATION_RELATIONSHIP() );
#8917 = ITEM_DEFINED_TRANSFORMATION('','',#11,#255);
#8918 = PRODUCT_DEFINITION_SHAPE('Placement','Placement of an item',
  #8919);
#8919 = NEXT_ASSEMBLY_USAGE_OCCURRENCE('61',
  'Clearance_ServiceZone_AHU_01','',#5,#8754,$);
#8920 = PRODUCT_RELATED_PRODUCT_CATEGORY('part',$,(#8756));
#8921 = SHAPE_DEFINITION_REPRESENTATION(#8922,#8928);
#8922 = PRODUCT_DEFINITION_SHAPE('','',#8923);
#8923 = PRODUCT_DEFINITION('design','',#8924,#8927);
#8924 = PRODUCT_DEFINITION_FORMATION('','',#8925);
#8925 = PRODUCT('Group_ArchitecturalShell','Group_ArchitecturalShell',''
  ,(#8926));
#8926 = PRODUCT_CONTEXT('',#2,'mechanical');
#8927 = PRODUCT_DEFINITION_CONTEXT('part definition',#2,'design');
#8928 = SHAPE_REPRESENTATION('',(#11,#8929,#8933,#8937,#8941,#8945,#8949
    ,#8953),#8957);
#8929 = AXIS2_PLACEMENT_3D('',#8930,#8931,#8932);
#8930 = CARTESIAN_POINT('',(0.,0.,0.));
#8931 = DIRECTION('',(0.,0.,1.));
#8932 = DIRECTION('',(1.,0.,0.));
#8933 = AXIS2_PLACEMENT_3D('',#8934,#8935,#8936);
#8934 = CARTESIAN_POINT('',(0.,0.,0.));
#8935 = DIRECTION('',(0.,0.,1.));
#8936 = DIRECTION('',(1.,0.,0.));
#8937 = AXIS2_PLACEMENT_3D('',#8938,#8939,#8940);
#8938 = CARTESIAN_POINT('',(0.,0.,0.));
#8939 = DIRECTION('',(0.,0.,1.));
#8940 = DIRECTION('',(1.,0.,0.));
#8941 = AXIS2_PLACEMENT_3D('',#8942,#8943,#8944);
#8942 = CARTESIAN_POINT('',(0.,0.,0.));
#8943 = DIRECTION('',(0.,0.,1.));
#8944 = DIRECTION('',(1.,0.,0.));
#8945 = AXIS2_PLACEMENT_3D('',#8946,#8947,#8948);
#8946 = CARTESIAN_POINT('',(0.,0.,0.));
#8947 = DIRECTION('',(0.,0.,1.));
#8948 = DIRECTION('',(1.,0.,0.));
#8949 = AXIS2_PLACEMENT_3D('',#8950,#8951,#8952);
#8950 = CARTESIAN_POINT('',(0.,0.,0.));
#8951 = DIRECTION('',(0.,0.,1.));
#8952 = DIRECTION('',(1.,0.,0.));
#8953 = AXIS2_PLACEMENT_3D('',#8954,#8955,#8956);
#8954 = CARTESIAN_POINT('',(0.,0.,0.));
#8955 = DIRECTION('',(0.,0.,1.));
#8956 = DIRECTION('',(1.,0.,0.));
#8957 = ( GEOMETRIC_REPRESENTATION_CONTEXT(3) 
GLOBAL_UNCERTAINTY_ASSIGNED_CONTEXT((#8961)) 
GLOBAL_UNIT_ASSIGNED_CONTEXT((#8958,#8959,#8960)) REPRESENTATION_CONTEXT
('Context #1','3D Context with UNIT and UNCERTAINTY') );
#8958 = ( LENGTH_UNIT() NAMED_UNIT(*) SI_UNIT(.MILLI.,.METRE.) );
#8959 = ( NAMED_UNIT(*) PLANE_ANGLE_UNIT() SI_UNIT($,.RADIAN.) );
#8960 = ( NAMED_UNIT(*) SI_UNIT($,.STERADIAN.) SOLID_ANGLE_UNIT() );
#8961 = UNCERTAINTY_MEASURE_WITH_UNIT(LENGTH_MEASURE(1.E-07),#8958,
  'distance_accuracy_value','confusion accuracy');
#8962 = CONTEXT_DEPENDENT_SHAPE_REPRESENTATION(#8963,#8965);
#8963 = ( REPRESENTATION_RELATIONSHIP('','',#8928,#10) 
REPRESENTATION_RELATIONSHIP_WITH_TRANSFORMATION(#8964) 
SHAPE_REPRESENTATION_RELATIONSHIP() );
#8964 = ITEM_DEFINED_TRANSFORMATION('','',#11,#259);
#8965 = PRODUCT_DEFINITION_SHAPE('Placement','Placement of an item',
  #8966);
#8966 = NEXT_ASSEMBLY_USAGE_OCCURRENCE('69','Group_ArchitecturalShell',
  '',#5,#8923,$);
#8967 = PRODUCT_RELATED_PRODUCT_CATEGORY('part',$,(#8925));
#8968 = CONTEXT_DEPENDENT_SHAPE_REPRESENTATION(#8969,#8971);
#8969 = ( REPRESENTATION_RELATIONSHIP('','',#304,#8928) 
REPRESENTATION_RELATIONSHIP_WITH_TRANSFORMATION(#8970) 
SHAPE_REPRESENTATION_RELATIONSHIP() );
#8970 = ITEM_DEFINED_TRANSFORMATION('','',#11,#8929);
#8971 = PRODUCT_DEFINITION_SHAPE('Placement','Placement of an item',
  #8972);
#8972 = NEXT_ASSEMBLY_USAGE_OCCURRENCE('62','Slab_Concrete_Base','',
  #8923,#299,$);
#8973 = CONTEXT_DEPENDENT_SHAPE_REPRESENTATION(#8974,#8976);
#8974 = ( REPRESENTATION_RELATIONSHIP('','',#473,#8928) 
REPRESENTATION_RELATIONSHIP_WITH_TRANSFORMATION(#8975) 
SHAPE_REPRESENTATION_RELATIONSHIP() );
#8975 = ITEM_DEFINED_TRANSFORMATION('','',#11,#8933);
#8976 = PRODUCT_DEFINITION_SHAPE('Placement','Placement of an item',
  #8977);
#8977 = NEXT_ASSEMBLY_USAGE_OCCURRENCE('63','Wall_North_01','',#8923,
  #468,$);
#8978 = CONTEXT_DEPENDENT_SHAPE_REPRESENTATION(#8979,#8981);
#8979 = ( REPRESENTATION_RELATIONSHIP('','',#642,#8928) 
REPRESENTATION_RELATIONSHIP_WITH_TRANSFORMATION(#8980) 
SHAPE_REPRESENTATION_RELATIONSHIP() );
#8980 = ITEM_DEFINED_TRANSFORMATION('','',#11,#8937);
#8981 = PRODUCT_DEFINITION_SHAPE('Placement','Placement of an item',
  #8982);
#8982 = NEXT_ASSEMBLY_USAGE_OCCURRENCE('64','Wall_South_01','',#8923,
  #637,$);
#8983 = CONTEXT_DEPENDENT_SHAPE_REPRESENTATION(#8984,#8986);
#8984 = ( REPRESENTATION_RELATIONSHIP('','',#811,#8928) 
REPRESENTATION_RELATIONSHIP_WITH_TRANSFORMATION(#8985) 
SHAPE_REPRESENTATION_RELATIONSHIP() );
#8985 = ITEM_DEFINED_TRANSFORMATION('','',#11,#8941);
#8986 = PRODUCT_DEFINITION_SHAPE('Placement','Placement of an item',
  #8987);
#8987 = NEXT_ASSEMBLY_USAGE_OCCURRENCE('65','Wall_South_02','',#8923,
  #806,$);
#8988 = CONTEXT_DEPENDENT_SHAPE_REPRESENTATION(#8989,#8991);
#8989 = ( REPRESENTATION_RELATIONSHIP('','',#980,#8928) 
REPRESENTATION_RELATIONSHIP_WITH_TRANSFORMATION(#8990) 
SHAPE_REPRESENTATION_RELATIONSHIP() );
#8990 = ITEM_DEFINED_TRANSFORMATION('','',#11,#8945);
#8991 = PRODUCT_DEFINITION_SHAPE('Placement','Placement of an item',
  #8992);
#8992 = NEXT_ASSEMBLY_USAGE_OCCURRENCE('66','Wall_East_01','',#8923,#975
  ,$);
#8993 = CONTEXT_DEPENDENT_SHAPE_REPRESENTATION(#8994,#8996);
#8994 = ( REPRESENTATION_RELATIONSHIP('','',#1149,#8928) 
REPRESENTATION_RELATIONSHIP_WITH_TRANSFORMATION(#8995) 
SHAPE_REPRESENTATION_RELATIONSHIP() );
#8995 = ITEM_DEFINED_TRANSFORMATION('','',#11,#8949);
#8996 = PRODUCT_DEFINITION_SHAPE('Placement','Placement of an item',
  #8997);
#8997 = NEXT_ASSEMBLY_USAGE_OCCURRENCE('67','Wall_West_01','',#8923,
  #1144,$);
#8998 = CONTEXT_DEPENDENT_SHAPE_REPRESENTATION(#8999,#9001);
#8999 = ( REPRESENTATION_RELATIONSHIP('','',#1318,#8928) 
REPRESENTATION_RELATIONSHIP_WITH_TRANSFORMATION(#9000) 
SHAPE_REPRESENTATION_RELATIONSHIP() );
#9000 = ITEM_DEFINED_TRANSFORMATION('','',#11,#8953);
#9001 = PRODUCT_DEFINITION_SHAPE('Placement','Placement of an item',
  #9002);
#9002 = NEXT_ASSEMBLY_USAGE_OCCURRENCE('68','Door_Access_01','',#8923,
  #1313,$);
#9003 = SHAPE_DEFINITION_REPRESENTATION(#9004,#9010);
#9004 = PRODUCT_DEFINITION_SHAPE('','',#9005);
#9005 = PRODUCT_DEFINITION('design','',#9006,#9009);
#9006 = PRODUCT_DEFINITION_FORMATION('','',#9007);
#9007 = PRODUCT('Group_MechanicalEquipment','Group_MechanicalEquipment',
  '',(#9008));
#9008 = PRODUCT_CONTEXT('',#2,'mechanical');
#9009 = PRODUCT_DEFINITION_CONTEXT('part definition',#2,'design');
#9010 = SHAPE_REPRESENTATION('',(#11,#9011,#9015,#9019,#9023,#9027,#9031
    ,#9035,#9039,#9043,#9047,#9051,#9055,#9059,#9063,#9067,#9071,#9075),
  #9079);
#9011 = AXIS2_PLACEMENT_3D('',#9012,#9013,#9014);
#9012 = CARTESIAN_POINT('',(0.,0.,0.));
#9013 = DIRECTION('',(0.,0.,1.));
#9014 = DIRECTION('',(1.,0.,0.));
#9015 = AXIS2_PLACEMENT_3D('',#9016,#9017,#9018);
#9016 = CARTESIAN_POINT('',(0.,0.,0.));
#9017 = DIRECTION('',(0.,0.,1.));
#9018 = DIRECTION('',(1.,0.,0.));
#9019 = AXIS2_PLACEMENT_3D('',#9020,#9021,#9022);
#9020 = CARTESIAN_POINT('',(0.,0.,0.));
#9021 = DIRECTION('',(0.,0.,1.));
#9022 = DIRECTION('',(1.,0.,0.));
#9023 = AXIS2_PLACEMENT_3D('',#9024,#9025,#9026);
#9024 = CARTESIAN_POINT('',(0.,0.,0.));
#9025 = DIRECTION('',(0.,0.,1.));
#9026 = DIRECTION('',(1.,0.,0.));
#9027 = AXIS2_PLACEMENT_3D('',#9028,#9029,#9030);
#9028 = CARTESIAN_POINT('',(1.94E+03,760.,875.));
#9029 = DIRECTION('',(0.,-1.,2.22044604925E-16));
#9030 = DIRECTION('',(1.,0.,0.));
#9031 = AXIS2_PLACEMENT_3D('',#9032,#9033,#9034);
#9032 = CARTESIAN_POINT('',(0.,0.,0.));
#9033 = DIRECTION('',(0.,0.,1.));
#9034 = DIRECTION('',(1.,0.,0.));
#9035 = AXIS2_PLACEMENT_3D('',#9036,#9037,#9038);
#9036 = CARTESIAN_POINT('',(0.,0.,0.));
#9037 = DIRECTION('',(0.,0.,1.));
#9038 = DIRECTION('',(1.,0.,0.));
#9039 = AXIS2_PLACEMENT_3D('',#9040,#9041,#9042);
#9040 = CARTESIAN_POINT('',(0.,0.,0.));
#9041 = DIRECTION('',(0.,0.,1.));
#9042 = DIRECTION('',(1.,0.,0.));
#9043 = AXIS2_PLACEMENT_3D('',#9044,#9045,#9046);
#9044 = CARTESIAN_POINT('',(0.,0.,0.));
#9045 = DIRECTION('',(0.,0.,1.));
#9046 = DIRECTION('',(1.,0.,0.));
#9047 = AXIS2_PLACEMENT_3D('',#9048,#9049,#9050);
#9048 = CARTESIAN_POINT('',(0.,0.,0.));
#9049 = DIRECTION('',(0.,0.,1.));
#9050 = DIRECTION('',(1.,0.,0.));
#9051 = AXIS2_PLACEMENT_3D('',#9052,#9053,#9054);
#9052 = CARTESIAN_POINT('',(0.,0.,0.));
#9053 = DIRECTION('',(0.,0.,1.));
#9054 = DIRECTION('',(1.,0.,0.));
#9055 = AXIS2_PLACEMENT_3D('',#9056,#9057,#9058);
#9056 = CARTESIAN_POINT('',(4.05E+03,930.,650.));
#9057 = DIRECTION('',(1.,-0.,2.22044604925E-16));
#9058 = DIRECTION('',(2.22044604925E-16,0.,-1.));
#9059 = AXIS2_PLACEMENT_3D('',#9060,#9061,#9062);
#9060 = CARTESIAN_POINT('',(4.05E+03,1.16E+03,650.));
#9061 = DIRECTION('',(1.,-0.,2.22044604925E-16));
#9062 = DIRECTION('',(2.22044604925E-16,0.,-1.));
#9063 = AXIS2_PLACEMENT_3D('',#9064,#9065,#9066);
#9064 = CARTESIAN_POINT('',(4.5E+03,930.,620.));
#9065 = DIRECTION('',(1.,-0.,2.22044604925E-16));
#9066 = DIRECTION('',(2.22044604925E-16,0.,-1.));
#9067 = AXIS2_PLACEMENT_3D('',#9068,#9069,#9070);
#9068 = CARTESIAN_POINT('',(4.5E+03,1.16E+03,620.));
#9069 = DIRECTION('',(1.,-0.,2.22044604925E-16));
#9070 = DIRECTION('',(2.22044604925E-16,0.,-1.));
#9071 = AXIS2_PLACEMENT_3D('',#9072,#9073,#9074);
#9072 = CARTESIAN_POINT('',(0.,0.,0.));
#9073 = DIRECTION('',(0.,0.,1.));
#9074 = DIRECTION('',(1.,0.,0.));
#9075 = AXIS2_PLACEMENT_3D('',#9076,#9077,#9078);
#9076 = CARTESIAN_POINT('',(0.,0.,0.));
#9077 = DIRECTION('',(0.,0.,1.));
#9078 = DIRECTION('',(1.,0.,0.));
#9079 = ( GEOMETRIC_REPRESENTATION_CONTEXT(3) 
GLOBAL_UNCERTAINTY_ASSIGNED_CONTEXT((#9083)) 
GLOBAL_UNIT_ASSIGNED_CONTEXT((#9080,#9081,#9082)) REPRESENTATION_CONTEXT
('Context #1','3D Context with UNIT and UNCERTAINTY') );
#9080 = ( LENGTH_UNIT() NAMED_UNIT(*) SI_UNIT(.MILLI.,.METRE.) );
#9081 = ( NAMED_UNIT(*) PLANE_ANGLE_UNIT() SI_UNIT($,.RADIAN.) );
#9082 = ( NAMED_UNIT(*) SI_UNIT($,.STERADIAN.) SOLID_ANGLE_UNIT() );
#9083 = UNCERTAINTY_MEASURE_WITH_UNIT(LENGTH_MEASURE(1.E-07),#9080,
  'distance_accuracy_value','confusion accuracy');
#9084 = CONTEXT_DEPENDENT_SHAPE_REPRESENTATION(#9085,#9087);
#9085 = ( REPRESENTATION_RELATIONSHIP('','',#9010,#10) 
REPRESENTATION_RELATIONSHIP_WITH_TRANSFORMATION(#9086) 
SHAPE_REPRESENTATION_RELATIONSHIP() );
#9086 = ITEM_DEFINED_TRANSFORMATION('','',#11,#263);
#9087 = PRODUCT_DEFINITION_SHAPE('Placement','Placement of an item',
  #9088);
#9088 = NEXT_ASSEMBLY_USAGE_OCCURRENCE('87','Group_MechanicalEquipment',
  '',#5,#9005,$);
#9089 = PRODUCT_RELATED_PRODUCT_CATEGORY('part',$,(#9007));
#9090 = CONTEXT_DEPENDENT_SHAPE_REPRESENTATION(#9091,#9093);
#9091 = ( REPRESENTATION_RELATIONSHIP('','',#1487,#9010) 
REPRESENTATION_RELATIONSHIP_WITH_TRANSFORMATION(#9092) 
SHAPE_REPRESENTATION_RELATIONSHIP() );
#9092 = ITEM_DEFINED_TRANSFORMATION('','',#11,#9011);
#9093 = PRODUCT_DEFINITION_SHAPE('Placement','Placement of an item',
  #9094);
#9094 = NEXT_ASSEMBLY_USAGE_OCCURRENCE('70','EquipmentPad_AHU_01','',
  #9005,#1482,$);
#9095 = CONTEXT_DEPENDENT_SHAPE_REPRESENTATION(#9096,#9098);
#9096 = ( REPRESENTATION_RELATIONSHIP('','',#1656,#9010) 
REPRESENTATION_RELATIONSHIP_WITH_TRANSFORMATION(#9097) 
SHAPE_REPRESENTATION_RELATIONSHIP() );
#9097 = ITEM_DEFINED_TRANSFORMATION('','',#11,#9015);
#9098 = PRODUCT_DEFINITION_SHAPE('Placement','Placement of an item',
  #9099);
#9099 = NEXT_ASSEMBLY_USAGE_OCCURRENCE('71','Equipment_AHU_01','',#9005,
  #1651,$);
#9100 = CONTEXT_DEPENDENT_SHAPE_REPRESENTATION(#9101,#9103);
#9101 = ( REPRESENTATION_RELATIONSHIP('','',#1825,#9010) 
REPRESENTATION_RELATIONSHIP_WITH_TRANSFORMATION(#9102) 
SHAPE_REPRESENTATION_RELATIONSHIP() );
#9102 = ITEM_DEFINED_TRANSFORMATION('','',#11,#9019);
#9103 = PRODUCT_DEFINITION_SHAPE('Placement','Placement of an item',
  #9104);
#9104 = NEXT_ASSEMBLY_USAGE_OCCURRENCE('72','AHU_FilterBank_01','',#9005
  ,#1820,$);
#9105 = CONTEXT_DEPENDENT_SHAPE_REPRESENTATION(#9106,#9108);
#9106 = ( REPRESENTATION_RELATIONSHIP('','',#1994,#9010) 
REPRESENTATION_RELATIONSHIP_WITH_TRANSFORMATION(#9107) 
SHAPE_REPRESENTATION_RELATIONSHIP() );
#9107 = ITEM_DEFINED_TRANSFORMATION('','',#11,#9023);
#9108 = PRODUCT_DEFINITION_SHAPE('Placement','Placement of an item',
  #9109);
#9109 = NEXT_ASSEMBLY_USAGE_OCCURRENCE('73','AHU_ServicePanel_01','',
  #9005,#1989,$);
#9110 = CONTEXT_DEPENDENT_SHAPE_REPRESENTATION(#9111,#9113);
#9111 = ( REPRESENTATION_RELATIONSHIP('','',#2163,#9010) 
REPRESENTATION_RELATIONSHIP_WITH_TRANSFORMATION(#9112) 
SHAPE_REPRESENTATION_RELATIONSHIP() );
#9112 = ITEM_DEFINED_TRANSFORMATION('','',#11,#9027);
#9113 = PRODUCT_DEFINITION_SHAPE('Placement','Placement of an item',
  #9114);
#9114 = NEXT_ASSEMBLY_USAGE_OCCURRENCE('74','AHU_FanHousing_01','',#9005
  ,#2158,$);
#9115 = CONTEXT_DEPENDENT_SHAPE_REPRESENTATION(#9116,#9118);
#9116 = ( REPRESENTATION_RELATIONSHIP('','',#2573,#9010) 
REPRESENTATION_RELATIONSHIP_WITH_TRANSFORMATION(#9117) 
SHAPE_REPRESENTATION_RELATIONSHIP() );
#9117 = ITEM_DEFINED_TRANSFORMATION('','',#11,#9031);
#9118 = PRODUCT_DEFINITION_SHAPE('Placement','Placement of an item',
  #9119);
#9119 = NEXT_ASSEMBLY_USAGE_OCCURRENCE('75','EquipmentPad_PumpSkid_01',
  '',#9005,#2568,$);
#9120 = CONTEXT_DEPENDENT_SHAPE_REPRESENTATION(#9121,#9123);
#9121 = ( REPRESENTATION_RELATIONSHIP('','',#2742,#9010) 
REPRESENTATION_RELATIONSHIP_WITH_TRANSFORMATION(#9122) 
SHAPE_REPRESENTATION_RELATIONSHIP() );
#9122 = ITEM_DEFINED_TRANSFORMATION('','',#11,#9035);
#9123 = PRODUCT_DEFINITION_SHAPE('Placement','Placement of an item',
  #9124);
#9124 = NEXT_ASSEMBLY_USAGE_OCCURRENCE('76','Equipment_PumpSkid_01','',
  #9005,#2737,$);
#9125 = CONTEXT_DEPENDENT_SHAPE_REPRESENTATION(#9126,#9128);
#9126 = ( REPRESENTATION_RELATIONSHIP('','',#2911,#9010) 
REPRESENTATION_RELATIONSHIP_WITH_TRANSFORMATION(#9127) 
SHAPE_REPRESENTATION_RELATIONSHIP() );
#9127 = ITEM_DEFINED_TRANSFORMATION('','',#11,#9039);
#9128 = PRODUCT_DEFINITION_SHAPE('Placement','Placement of an item',
  #9129);
#9129 = NEXT_ASSEMBLY_USAGE_OCCURRENCE('77','PumpSkid_Rail_North_01','',
  #9005,#2906,$);
#9130 = CONTEXT_DEPENDENT_SHAPE_REPRESENTATION(#9131,#9133);
#9131 = ( REPRESENTATION_RELATIONSHIP('','',#3080,#9010) 
REPRESENTATION_RELATIONSHIP_WITH_TRANSFORMATION(#9132) 
SHAPE_REPRESENTATION_RELATIONSHIP() );
#9132 = ITEM_DEFINED_TRANSFORMATION('','',#11,#9043);
#9133 = PRODUCT_DEFINITION_SHAPE('Placement','Placement of an item',
  #9134);
#9134 = NEXT_ASSEMBLY_USAGE_OCCURRENCE('78','PumpSkid_Rail_South_01','',
  #9005,#3075,$);
#9135 = CONTEXT_DEPENDENT_SHAPE_REPRESENTATION(#9136,#9138);
#9136 = ( REPRESENTATION_RELATIONSHIP('','',#3249,#9010) 
REPRESENTATION_RELATIONSHIP_WITH_TRANSFORMATION(#9137) 
SHAPE_REPRESENTATION_RELATIONSHIP() );
#9137 = ITEM_DEFINED_TRANSFORMATION('','',#11,#9047);
#9138 = PRODUCT_DEFINITION_SHAPE('Placement','Placement of an item',
  #9139);
#9139 = NEXT_ASSEMBLY_USAGE_OCCURRENCE('79','PumpSkid_Crossmember_01',''
  ,#9005,#3244,$);
#9140 = CONTEXT_DEPENDENT_SHAPE_REPRESENTATION(#9141,#9143);
#9141 = ( REPRESENTATION_RELATIONSHIP('','',#3418,#9010) 
REPRESENTATION_RELATIONSHIP_WITH_TRANSFORMATION(#9142) 
SHAPE_REPRESENTATION_RELATIONSHIP() );
#9142 = ITEM_DEFINED_TRANSFORMATION('','',#11,#9051);
#9143 = PRODUCT_DEFINITION_SHAPE('Placement','Placement of an item',
  #9144);
#9144 = NEXT_ASSEMBLY_USAGE_OCCURRENCE('80','PumpSkid_Crossmember_02',''
  ,#9005,#3413,$);
#9145 = CONTEXT_DEPENDENT_SHAPE_REPRESENTATION(#9146,#9148);
#9146 = ( REPRESENTATION_RELATIONSHIP('','',#3587,#9010) 
REPRESENTATION_RELATIONSHIP_WITH_TRANSFORMATION(#9147) 
SHAPE_REPRESENTATION_RELATIONSHIP() );
#9147 = ITEM_DEFINED_TRANSFORMATION('','',#11,#9055);
#9148 = PRODUCT_DEFINITION_SHAPE('Placement','Placement of an item',
  #9149);
#9149 = NEXT_ASSEMBLY_USAGE_OCCURRENCE('81','Pump_Motor_01','',#9005,
  #3582,$);
#9150 = CONTEXT_DEPENDENT_SHAPE_REPRESENTATION(#9151,#9153);
#9151 = ( REPRESENTATION_RELATIONSHIP('','',#3659,#9010) 
REPRESENTATION_RELATIONSHIP_WITH_TRANSFORMATION(#9152) 
SHAPE_REPRESENTATION_RELATIONSHIP() );
#9152 = ITEM_DEFINED_TRANSFORMATION('','',#11,#9059);
#9153 = PRODUCT_DEFINITION_SHAPE('Placement','Placement of an item',
  #9154);
#9154 = NEXT_ASSEMBLY_USAGE_OCCURRENCE('82','Pump_Motor_02','',#9005,
  #3654,$);
#9155 = CONTEXT_DEPENDENT_SHAPE_REPRESENTATION(#9156,#9158);
#9156 = ( REPRESENTATION_RELATIONSHIP('','',#3731,#9010) 
REPRESENTATION_RELATIONSHIP_WITH_TRANSFORMATION(#9157) 
SHAPE_REPRESENTATION_RELATIONSHIP() );
#9157 = ITEM_DEFINED_TRANSFORMATION('','',#11,#9063);
#9158 = PRODUCT_DEFINITION_SHAPE('Placement','Placement of an item',
  #9159);
#9159 = NEXT_ASSEMBLY_USAGE_OCCURRENCE('83','Pump_Volute_01','',#9005,
  #3726,$);
#9160 = CONTEXT_DEPENDENT_SHAPE_REPRESENTATION(#9161,#9163);
#9161 = ( REPRESENTATION_RELATIONSHIP('','',#3803,#9010) 
REPRESENTATION_RELATIONSHIP_WITH_TRANSFORMATION(#9162) 
SHAPE_REPRESENTATION_RELATIONSHIP() );
#9162 = ITEM_DEFINED_TRANSFORMATION('','',#11,#9067);
#9163 = PRODUCT_DEFINITION_SHAPE('Placement','Placement of an item',
  #9164);
#9164 = NEXT_ASSEMBLY_USAGE_OCCURRENCE('84','Pump_Volute_02','',#9005,
  #3798,$);
#9165 = CONTEXT_DEPENDENT_SHAPE_REPRESENTATION(#9166,#9168);
#9166 = ( REPRESENTATION_RELATIONSHIP('','',#3875,#9010) 
REPRESENTATION_RELATIONSHIP_WITH_TRANSFORMATION(#9167) 
SHAPE_REPRESENTATION_RELATIONSHIP() );
#9167 = ITEM_DEFINED_TRANSFORMATION('','',#11,#9071);
#9168 = PRODUCT_DEFINITION_SHAPE('Placement','Placement of an item',
  #9169);
#9169 = NEXT_ASSEMBLY_USAGE_OCCURRENCE('85','Pump_CouplingGuard_01','',
  #9005,#3870,$);
#9170 = CONTEXT_DEPENDENT_SHAPE_REPRESENTATION(#9171,#9173);
#9171 = ( REPRESENTATION_RELATIONSHIP('','',#4044,#9010) 
REPRESENTATION_RELATIONSHIP_WITH_TRANSFORMATION(#9172) 
SHAPE_REPRESENTATION_RELATIONSHIP() );
#9172 = ITEM_DEFINED_TRANSFORMATION('','',#11,#9075);
#9173 = PRODUCT_DEFINITION_SHAPE('Placement','Placement of an item',
  #9174);
#9174 = NEXT_ASSEMBLY_USAGE_OCCURRENCE('86','Pump_CouplingGuard_02','',
  #9005,#4039,$);
#9175 = SHAPE_DEFINITION_REPRESENTATION(#9176,#9182);
#9176 = PRODUCT_DEFINITION_SHAPE('','',#9177);
#9177 = PRODUCT_DEFINITION('design','',#9178,#9181);
#9178 = PRODUCT_DEFINITION_FORMATION('','',#9179);
#9179 = PRODUCT('Group_FlowSegments','Group_FlowSegments','',(#9180));
#9180 = PRODUCT_CONTEXT('',#2,'mechanical');
#9181 = PRODUCT_DEFINITION_CONTEXT('part definition',#2,'design');
#9182 = SHAPE_REPRESENTATION('',(#11,#9183,#9187,#9191,#9195,#9199,#9203
    ,#9207,#9211,#9215,#9219,#9223,#9227),#9231);
#9183 = AXIS2_PLACEMENT_3D('',#9184,#9185,#9186);
#9184 = CARTESIAN_POINT('',(900.,2.86E+03,1.8E+03));
#9185 = DIRECTION('',(1.,-0.,2.22044604925E-16));
#9186 = DIRECTION('',(2.22044604925E-16,0.,-1.));
#9187 = AXIS2_PLACEMENT_3D('',#9188,#9189,#9190);
#9188 = CARTESIAN_POINT('',(900.,3.06E+03,1.62E+03));
#9189 = DIRECTION('',(1.,-0.,2.22044604925E-16));
#9190 = DIRECTION('',(2.22044604925E-16,0.,-1.));
#9191 = AXIS2_PLACEMENT_3D('',#9192,#9193,#9194);
#9192 = CARTESIAN_POINT('',(4.5E+03,2.86E+03,900.));
#9193 = DIRECTION('',(0.,-1.,2.22044604925E-16));
#9194 = DIRECTION('',(1.,0.,0.));
#9195 = AXIS2_PLACEMENT_3D('',#9196,#9197,#9198);
#9196 = CARTESIAN_POINT('',(0.,0.,0.));
#9197 = DIRECTION('',(0.,0.,1.));
#9198 = DIRECTION('',(1.,0.,0.));
#9199 = AXIS2_PLACEMENT_3D('',#9200,#9201,#9202);
#9200 = CARTESIAN_POINT('',(0.,0.,0.));
#9201 = DIRECTION('',(0.,0.,1.));
#9202 = DIRECTION('',(1.,0.,0.));
#9203 = AXIS2_PLACEMENT_3D('',#9204,#9205,#9206);
#9204 = CARTESIAN_POINT('',(4.62E+03,1.32E+03,760.));
#9205 = DIRECTION('',(0.,-1.,2.22044604925E-16));
#9206 = DIRECTION('',(1.,0.,0.));
#9207 = AXIS2_PLACEMENT_3D('',#9208,#9209,#9210);
#9208 = CARTESIAN_POINT('',(4.82E+03,1.32E+03,600.));
#9209 = DIRECTION('',(0.,-1.,2.22044604925E-16));
#9210 = DIRECTION('',(1.,0.,0.));
#9211 = AXIS2_PLACEMENT_3D('',#9212,#9213,#9214);
#9212 = CARTESIAN_POINT('',(0.,0.,0.));
#9213 = DIRECTION('',(0.,0.,1.));
#9214 = DIRECTION('',(1.,0.,0.));
#9215 = AXIS2_PLACEMENT_3D('',#9216,#9217,#9218);
#9216 = CARTESIAN_POINT('',(0.,0.,0.));
#9217 = DIRECTION('',(0.,0.,1.));
#9218 = DIRECTION('',(1.,0.,0.));
#9219 = AXIS2_PLACEMENT_3D('',#9220,#9221,#9222);
#9220 = CARTESIAN_POINT('',(0.,0.,0.));
#9221 = DIRECTION('',(0.,0.,1.));
#9222 = DIRECTION('',(1.,0.,0.));
#9223 = AXIS2_PLACEMENT_3D('',#9224,#9225,#9226);
#9224 = CARTESIAN_POINT('',(0.,0.,0.));
#9225 = DIRECTION('',(0.,0.,1.));
#9226 = DIRECTION('',(1.,0.,0.));
#9227 = AXIS2_PLACEMENT_3D('',#9228,#9229,#9230);
#9228 = CARTESIAN_POINT('',(0.,0.,0.));
#9229 = DIRECTION('',(0.,0.,1.));
#9230 = DIRECTION('',(1.,0.,0.));
#9231 = ( GEOMETRIC_REPRESENTATION_CONTEXT(3) 
GLOBAL_UNCERTAINTY_ASSIGNED_CONTEXT((#9235)) 
GLOBAL_UNIT_ASSIGNED_CONTEXT((#9232,#9233,#9234)) REPRESENTATION_CONTEXT
('Context #1','3D Context with UNIT and UNCERTAINTY') );
#9232 = ( LENGTH_UNIT() NAMED_UNIT(*) SI_UNIT(.MILLI.,.METRE.) );
#9233 = ( NAMED_UNIT(*) PLANE_ANGLE_UNIT() SI_UNIT($,.RADIAN.) );
#9234 = ( NAMED_UNIT(*) SI_UNIT($,.STERADIAN.) SOLID_ANGLE_UNIT() );
#9235 = UNCERTAINTY_MEASURE_WITH_UNIT(LENGTH_MEASURE(1.E-07),#9232,
  'distance_accuracy_value','confusion accuracy');
#9236 = CONTEXT_DEPENDENT_SHAPE_REPRESENTATION(#9237,#9239);
#9237 = ( REPRESENTATION_RELATIONSHIP('','',#9182,#10) 
REPRESENTATION_RELATIONSHIP_WITH_TRANSFORMATION(#9238) 
SHAPE_REPRESENTATION_RELATIONSHIP() );
#9238 = ITEM_DEFINED_TRANSFORMATION('','',#11,#267);
#9239 = PRODUCT_DEFINITION_SHAPE('Placement','Placement of an item',
  #9240);
#9240 = NEXT_ASSEMBLY_USAGE_OCCURRENCE('100','Group_FlowSegments','',#5,
  #9177,$);
#9241 = PRODUCT_RELATED_PRODUCT_CATEGORY('part',$,(#9179));
#9242 = CONTEXT_DEPENDENT_SHAPE_REPRESENTATION(#9243,#9245);
#9243 = ( REPRESENTATION_RELATIONSHIP('','',#4213,#9182) 
REPRESENTATION_RELATIONSHIP_WITH_TRANSFORMATION(#9244) 
SHAPE_REPRESENTATION_RELATIONSHIP() );
#9244 = ITEM_DEFINED_TRANSFORMATION('','',#11,#9183);
#9245 = PRODUCT_DEFINITION_SHAPE('Placement','Placement of an item',
  #9246);
#9246 = NEXT_ASSEMBLY_USAGE_OCCURRENCE('88','Pipe_Supply_01','',#9177,
  #4208,$);
#9247 = CONTEXT_DEPENDENT_SHAPE_REPRESENTATION(#9248,#9250);
#9248 = ( REPRESENTATION_RELATIONSHIP('','',#4285,#9182) 
REPRESENTATION_RELATIONSHIP_WITH_TRANSFORMATION(#9249) 
SHAPE_REPRESENTATION_RELATIONSHIP() );
#9249 = ITEM_DEFINED_TRANSFORMATION('','',#11,#9187);
#9250 = PRODUCT_DEFINITION_SHAPE('Placement','Placement of an item',
  #9251);
#9251 = NEXT_ASSEMBLY_USAGE_OCCURRENCE('89','Pipe_Return_01','',#9177,
  #4280,$);
#9252 = CONTEXT_DEPENDENT_SHAPE_REPRESENTATION(#9253,#9255);
#9253 = ( REPRESENTATION_RELATIONSHIP('','',#4357,#9182) 
REPRESENTATION_RELATIONSHIP_WITH_TRANSFORMATION(#9254) 
SHAPE_REPRESENTATION_RELATIONSHIP() );
#9254 = ITEM_DEFINED_TRANSFORMATION('','',#11,#9191);
#9255 = PRODUCT_DEFINITION_SHAPE('Placement','Placement of an item',
  #9256);
#9256 = NEXT_ASSEMBLY_USAGE_OCCURRENCE('90','Pipe_Elbow_Drop_01','',
  #9177,#4352,$);
#9257 = CONTEXT_DEPENDENT_SHAPE_REPRESENTATION(#9258,#9260);
#9258 = ( REPRESENTATION_RELATIONSHIP('','',#4429,#9182) 
REPRESENTATION_RELATIONSHIP_WITH_TRANSFORMATION(#9259) 
SHAPE_REPRESENTATION_RELATIONSHIP() );
#9259 = ITEM_DEFINED_TRANSFORMATION('','',#11,#9195);
#9260 = PRODUCT_DEFINITION_SHAPE('Placement','Placement of an item',
  #9261);
#9261 = NEXT_ASSEMBLY_USAGE_OCCURRENCE('91','Pipe_Supply_Drop_AHU_01',''
  ,#9177,#4424,$);
#9262 = CONTEXT_DEPENDENT_SHAPE_REPRESENTATION(#9263,#9265);
#9263 = ( REPRESENTATION_RELATIONSHIP('','',#4501,#9182) 
REPRESENTATION_RELATIONSHIP_WITH_TRANSFORMATION(#9264) 
SHAPE_REPRESENTATION_RELATIONSHIP() );
#9264 = ITEM_DEFINED_TRANSFORMATION('','',#11,#9199);
#9265 = PRODUCT_DEFINITION_SHAPE('Placement','Placement of an item',
  #9266);
#9266 = NEXT_ASSEMBLY_USAGE_OCCURRENCE('92','Pipe_Return_Drop_AHU_01',''
  ,#9177,#4496,$);
#9267 = CONTEXT_DEPENDENT_SHAPE_REPRESENTATION(#9268,#9270);
#9268 = ( REPRESENTATION_RELATIONSHIP('','',#4573,#9182) 
REPRESENTATION_RELATIONSHIP_WITH_TRANSFORMATION(#9269) 
SHAPE_REPRESENTATION_RELATIONSHIP() );
#9269 = ITEM_DEFINED_TRANSFORMATION('','',#11,#9203);
#9270 = PRODUCT_DEFINITION_SHAPE('Placement','Placement of an item',
  #9271);
#9271 = NEXT_ASSEMBLY_USAGE_OCCURRENCE('93','Pipe_Supply_ToPump_01','',
  #9177,#4568,$);
#9272 = CONTEXT_DEPENDENT_SHAPE_REPRESENTATION(#9273,#9275);
#9273 = ( REPRESENTATION_RELATIONSHIP('','',#4645,#9182) 
REPRESENTATION_RELATIONSHIP_WITH_TRANSFORMATION(#9274) 
SHAPE_REPRESENTATION_RELATIONSHIP() );
#9274 = ITEM_DEFINED_TRANSFORMATION('','',#11,#9207);
#9275 = PRODUCT_DEFINITION_SHAPE('Placement','Placement of an item',
  #9276);
#9276 = NEXT_ASSEMBLY_USAGE_OCCURRENCE('94','Pipe_Return_FromPump_01',''
  ,#9177,#4640,$);
#9277 = CONTEXT_DEPENDENT_SHAPE_REPRESENTATION(#9278,#9280);
#9278 = ( REPRESENTATION_RELATIONSHIP('','',#4717,#9182) 
REPRESENTATION_RELATIONSHIP_WITH_TRANSFORMATION(#9279) 
SHAPE_REPRESENTATION_RELATIONSHIP() );
#9279 = ITEM_DEFINED_TRANSFORMATION('','',#11,#9211);
#9280 = PRODUCT_DEFINITION_SHAPE('Placement','Placement of an item',
  #9281);
#9281 = NEXT_ASSEMBLY_USAGE_OCCURRENCE('95','Valve_Isolation_Supply_01',
  '',#9177,#4712,$);
#9282 = CONTEXT_DEPENDENT_SHAPE_REPRESENTATION(#9283,#9285);
#9283 = ( REPRESENTATION_RELATIONSHIP('','',#4886,#9182) 
REPRESENTATION_RELATIONSHIP_WITH_TRANSFORMATION(#9284) 
SHAPE_REPRESENTATION_RELATIONSHIP() );
#9284 = ITEM_DEFINED_TRANSFORMATION('','',#11,#9215);
#9285 = PRODUCT_DEFINITION_SHAPE('Placement','Placement of an item',
  #9286);
#9286 = NEXT_ASSEMBLY_USAGE_OCCURRENCE('96','Valve_Isolation_Return_01',
  '',#9177,#4881,$);
#9287 = CONTEXT_DEPENDENT_SHAPE_REPRESENTATION(#9288,#9290);
#9288 = ( REPRESENTATION_RELATIONSHIP('','',#5055,#9182) 
REPRESENTATION_RELATIONSHIP_WITH_TRANSFORMATION(#9289) 
SHAPE_REPRESENTATION_RELATIONSHIP() );
#9289 = ITEM_DEFINED_TRANSFORMATION('','',#11,#9219);
#9290 = PRODUCT_DEFINITION_SHAPE('Placement','Placement of an item',
  #9291);
#9291 = NEXT_ASSEMBLY_USAGE_OCCURRENCE('97','Flange_Supply_01','',#9177,
  #5050,$);
#9292 = CONTEXT_DEPENDENT_SHAPE_REPRESENTATION(#9293,#9295);
#9293 = ( REPRESENTATION_RELATIONSHIP('','',#5102,#9182) 
REPRESENTATION_RELATIONSHIP_WITH_TRANSFORMATION(#9294) 
SHAPE_REPRESENTATION_RELATIONSHIP() );
#9294 = ITEM_DEFINED_TRANSFORMATION('','',#11,#9223);
#9295 = PRODUCT_DEFINITION_SHAPE('Placement','Placement of an item',
  #9296);
#9296 = NEXT_ASSEMBLY_USAGE_OCCURRENCE('98','Flange_Return_01','',#9177,
  #5097,$);
#9297 = CONTEXT_DEPENDENT_SHAPE_REPRESENTATION(#9298,#9300);
#9298 = ( REPRESENTATION_RELATIONSHIP('','',#5149,#9182) 
REPRESENTATION_RELATIONSHIP_WITH_TRANSFORMATION(#9299) 
SHAPE_REPRESENTATION_RELATIONSHIP() );
#9299 = ITEM_DEFINED_TRANSFORMATION('','',#11,#9227);
#9300 = PRODUCT_DEFINITION_SHAPE('Placement','Placement of an item',
  #9301);
#9301 = NEXT_ASSEMBLY_USAGE_OCCURRENCE('99','Gauge_Pressure_01','',#9177
  ,#5144,$);
#9302 = SHAPE_DEFINITION_REPRESENTATION(#9303,#9309);
#9303 = PRODUCT_DEFINITION_SHAPE('','',#9304);
#9304 = PRODUCT_DEFINITION('design','',#9305,#9308);
#9305 = PRODUCT_DEFINITION_FORMATION('','',#9306);
#9306 = PRODUCT('Group_Ductwork','Group_Ductwork','',(#9307));
#9307 = PRODUCT_CONTEXT('',#2,'mechanical');
#9308 = PRODUCT_DEFINITION_CONTEXT('part definition',#2,'design');
#9309 = SHAPE_REPRESENTATION('',(#11,#9310,#9314,#9318,#9322,#9326,#9330
    ,#9334),#9338);
#9310 = AXIS2_PLACEMENT_3D('',#9311,#9312,#9313);
#9311 = CARTESIAN_POINT('',(0.,0.,0.));
#9312 = DIRECTION('',(0.,0.,1.));
#9313 = DIRECTION('',(1.,0.,0.));
#9314 = AXIS2_PLACEMENT_3D('',#9315,#9316,#9317);
#9315 = CARTESIAN_POINT('',(0.,0.,0.));
#9316 = DIRECTION('',(0.,0.,1.));
#9317 = DIRECTION('',(1.,0.,0.));
#9318 = AXIS2_PLACEMENT_3D('',#9319,#9320,#9321);
#9319 = CARTESIAN_POINT('',(0.,0.,0.));
#9320 = DIRECTION('',(0.,0.,1.));
#9321 = DIRECTION('',(1.,0.,0.));
#9322 = AXIS2_PLACEMENT_3D('',#9323,#9324,#9325);
#9323 = CARTESIAN_POINT('',(0.,0.,0.));
#9324 = DIRECTION('',(0.,0.,1.));
#9325 = DIRECTION('',(1.,0.,0.));
#9326 = AXIS2_PLACEMENT_3D('',#9327,#9328,#9329);
#9327 = CARTESIAN_POINT('',(0.,0.,0.));
#9328 = DIRECTION('',(0.,0.,1.));
#9329 = DIRECTION('',(1.,0.,0.));
#9330 = AXIS2_PLACEMENT_3D('',#9331,#9332,#9333);
#9331 = CARTESIAN_POINT('',(0.,0.,0.));
#9332 = DIRECTION('',(0.,0.,1.));
#9333 = DIRECTION('',(1.,0.,0.));
#9334 = AXIS2_PLACEMENT_3D('',#9335,#9336,#9337);
#9335 = CARTESIAN_POINT('',(0.,0.,0.));
#9336 = DIRECTION('',(0.,0.,1.));
#9337 = DIRECTION('',(1.,0.,0.));
#9338 = ( GEOMETRIC_REPRESENTATION_CONTEXT(3) 
GLOBAL_UNCERTAINTY_ASSIGNED_CONTEXT((#9342)) 
GLOBAL_UNIT_ASSIGNED_CONTEXT((#9339,#9340,#9341)) REPRESENTATION_CONTEXT
('Context #1','3D Context with UNIT and UNCERTAINTY') );
#9339 = ( LENGTH_UNIT() NAMED_UNIT(*) SI_UNIT(.MILLI.,.METRE.) );
#9340 = ( NAMED_UNIT(*) PLANE_ANGLE_UNIT() SI_UNIT($,.RADIAN.) );
#9341 = ( NAMED_UNIT(*) SI_UNIT($,.STERADIAN.) SOLID_ANGLE_UNIT() );
#9342 = UNCERTAINTY_MEASURE_WITH_UNIT(LENGTH_MEASURE(1.E-07),#9339,
  'distance_accuracy_value','confusion accuracy');
#9343 = CONTEXT_DEPENDENT_SHAPE_REPRESENTATION(#9344,#9346);
#9344 = ( REPRESENTATION_RELATIONSHIP('','',#9309,#10) 
REPRESENTATION_RELATIONSHIP_WITH_TRANSFORMATION(#9345) 
SHAPE_REPRESENTATION_RELATIONSHIP() );
#9345 = ITEM_DEFINED_TRANSFORMATION('','',#11,#271);
#9346 = PRODUCT_DEFINITION_SHAPE('Placement','Placement of an item',
  #9347);
#9347 = NEXT_ASSEMBLY_USAGE_OCCURRENCE('108','Group_Ductwork','',#5,
  #9304,$);
#9348 = PRODUCT_RELATED_PRODUCT_CATEGORY('part',$,(#9306));
#9349 = CONTEXT_DEPENDENT_SHAPE_REPRESENTATION(#9350,#9352);
#9350 = ( REPRESENTATION_RELATIONSHIP('','',#2235,#9309) 
REPRESENTATION_RELATIONSHIP_WITH_TRANSFORMATION(#9351) 
SHAPE_REPRESENTATION_RELATIONSHIP() );
#9351 = ITEM_DEFINED_TRANSFORMATION('','',#11,#9310);
#9352 = PRODUCT_DEFINITION_SHAPE('Placement','Placement of an item',
  #9353);
#9353 = NEXT_ASSEMBLY_USAGE_OCCURRENCE('101','AHU_SupplyTransition_01',
  '',#9304,#2230,$);
#9354 = CONTEXT_DEPENDENT_SHAPE_REPRESENTATION(#9355,#9357);
#9355 = ( REPRESENTATION_RELATIONSHIP('','',#2404,#9309) 
REPRESENTATION_RELATIONSHIP_WITH_TRANSFORMATION(#9356) 
SHAPE_REPRESENTATION_RELATIONSHIP() );
#9356 = ITEM_DEFINED_TRANSFORMATION('','',#11,#9314);
#9357 = PRODUCT_DEFINITION_SHAPE('Placement','Placement of an item',
  #9358);
#9358 = NEXT_ASSEMBLY_USAGE_OCCURRENCE('102','AHU_ReturnPlenum_01','',
  #9304,#2399,$);
#9359 = CONTEXT_DEPENDENT_SHAPE_REPRESENTATION(#9360,#9362);
#9360 = ( REPRESENTATION_RELATIONSHIP('','',#5221,#9309) 
REPRESENTATION_RELATIONSHIP_WITH_TRANSFORMATION(#9361) 
SHAPE_REPRESENTATION_RELATIONSHIP() );
#9361 = ITEM_DEFINED_TRANSFORMATION('','',#11,#9318);
#9362 = PRODUCT_DEFINITION_SHAPE('Placement','Placement of an item',
  #9363);
#9363 = NEXT_ASSEMBLY_USAGE_OCCURRENCE('103','Duct_Main_01','',#9304,
  #5216,$);
#9364 = CONTEXT_DEPENDENT_SHAPE_REPRESENTATION(#9365,#9367);
#9365 = ( REPRESENTATION_RELATIONSHIP('','',#5390,#9309) 
REPRESENTATION_RELATIONSHIP_WITH_TRANSFORMATION(#9366) 
SHAPE_REPRESENTATION_RELATIONSHIP() );
#9366 = ITEM_DEFINED_TRANSFORMATION('','',#11,#9322);
#9367 = PRODUCT_DEFINITION_SHAPE('Placement','Placement of an item',
  #9368);
#9368 = NEXT_ASSEMBLY_USAGE_OCCURRENCE('104','Duct_Return_Branch_01','',
  #9304,#5385,$);
#9369 = CONTEXT_DEPENDENT_SHAPE_REPRESENTATION(#9370,#9372);
#9370 = ( REPRESENTATION_RELATIONSHIP('','',#5559,#9309) 
REPRESENTATION_RELATIONSHIP_WITH_TRANSFORMATION(#9371) 
SHAPE_REPRESENTATION_RELATIONSHIP() );
#9371 = ITEM_DEFINED_TRANSFORMATION('','',#11,#9326);
#9372 = PRODUCT_DEFINITION_SHAPE('Placement','Placement of an item',
  #9373);
#9373 = NEXT_ASSEMBLY_USAGE_OCCURRENCE('105','Duct_Supply_Drop_01','',
  #9304,#5554,$);
#9374 = CONTEXT_DEPENDENT_SHAPE_REPRESENTATION(#9375,#9377);
#9375 = ( REPRESENTATION_RELATIONSHIP('','',#5728,#9309) 
REPRESENTATION_RELATIONSHIP_WITH_TRANSFORMATION(#9376) 
SHAPE_REPRESENTATION_RELATIONSHIP() );
#9376 = ITEM_DEFINED_TRANSFORMATION('','',#11,#9330);
#9377 = PRODUCT_DEFINITION_SHAPE('Placement','Placement of an item',
  #9378);
#9378 = NEXT_ASSEMBLY_USAGE_OCCURRENCE('106','Duct_FireDamper_01','',
  #9304,#5723,$);
#9379 = CONTEXT_DEPENDENT_SHAPE_REPRESENTATION(#9380,#9382);
#9380 = ( REPRESENTATION_RELATIONSHIP('','',#5897,#9309) 
REPRESENTATION_RELATIONSHIP_WITH_TRANSFORMATION(#9381) 
SHAPE_REPRESENTATION_RELATIONSHIP() );
#9381 = ITEM_DEFINED_TRANSFORMATION('','',#11,#9334);
#9382 = PRODUCT_DEFINITION_SHAPE('Placement','Placement of an item',
  #9383);
#9383 = NEXT_ASSEMBLY_USAGE_OCCURRENCE('107','Diffuser_Supply_01','',
  #9304,#5892,$);
#9384 = SHAPE_DEFINITION_REPRESENTATION(#9385,#9391);
#9385 = PRODUCT_DEFINITION_SHAPE('','',#9386);
#9386 = PRODUCT_DEFINITION('design','',#9387,#9390);
#9387 = PRODUCT_DEFINITION_FORMATION('','',#9388);
#9388 = PRODUCT('Group_ElectricalRouting','Group_ElectricalRouting','',(
    #9389));
#9389 = PRODUCT_CONTEXT('',#2,'mechanical');
#9390 = PRODUCT_DEFINITION_CONTEXT('part definition',#2,'design');
#9391 = SHAPE_REPRESENTATION('',(#11,#9392,#9396,#9400,#9404,#9408,#9412
    ),#9416);
#9392 = AXIS2_PLACEMENT_3D('',#9393,#9394,#9395);
#9393 = CARTESIAN_POINT('',(0.,0.,0.));
#9394 = DIRECTION('',(0.,0.,1.));
#9395 = DIRECTION('',(1.,0.,0.));
#9396 = AXIS2_PLACEMENT_3D('',#9397,#9398,#9399);
#9397 = CARTESIAN_POINT('',(0.,0.,0.));
#9398 = DIRECTION('',(0.,0.,1.));
#9399 = DIRECTION('',(1.,0.,0.));
#9400 = AXIS2_PLACEMENT_3D('',#9401,#9402,#9403);
#9401 = CARTESIAN_POINT('',(0.,0.,0.));
#9402 = DIRECTION('',(0.,0.,1.));
#9403 = DIRECTION('',(1.,0.,0.));
#9404 = AXIS2_PLACEMENT_3D('',#9405,#9406,#9407);
#9405 = CARTESIAN_POINT('',(0.,0.,0.));
#9406 = DIRECTION('',(0.,0.,1.));
#9407 = DIRECTION('',(1.,0.,0.));
#9408 = AXIS2_PLACEMENT_3D('',#9409,#9410,#9411);
#9409 = CARTESIAN_POINT('',(0.,0.,0.));
#9410 = DIRECTION('',(0.,0.,1.));
#9411 = DIRECTION('',(1.,0.,0.));
#9412 = AXIS2_PLACEMENT_3D('',#9413,#9414,#9415);
#9413 = CARTESIAN_POINT('',(0.,0.,0.));
#9414 = DIRECTION('',(0.,0.,1.));
#9415 = DIRECTION('',(1.,0.,0.));
#9416 = ( GEOMETRIC_REPRESENTATION_CONTEXT(3) 
GLOBAL_UNCERTAINTY_ASSIGNED_CONTEXT((#9420)) 
GLOBAL_UNIT_ASSIGNED_CONTEXT((#9417,#9418,#9419)) REPRESENTATION_CONTEXT
('Context #1','3D Context with UNIT and UNCERTAINTY') );
#9417 = ( LENGTH_UNIT() NAMED_UNIT(*) SI_UNIT(.MILLI.,.METRE.) );
#9418 = ( NAMED_UNIT(*) PLANE_ANGLE_UNIT() SI_UNIT($,.RADIAN.) );
#9419 = ( NAMED_UNIT(*) SI_UNIT($,.STERADIAN.) SOLID_ANGLE_UNIT() );
#9420 = UNCERTAINTY_MEASURE_WITH_UNIT(LENGTH_MEASURE(1.E-07),#9417,
  'distance_accuracy_value','confusion accuracy');
#9421 = CONTEXT_DEPENDENT_SHAPE_REPRESENTATION(#9422,#9424);
#9422 = ( REPRESENTATION_RELATIONSHIP('','',#9391,#10) 
REPRESENTATION_RELATIONSHIP_WITH_TRANSFORMATION(#9423) 
SHAPE_REPRESENTATION_RELATIONSHIP() );
#9423 = ITEM_DEFINED_TRANSFORMATION('','',#11,#275);
#9424 = PRODUCT_DEFINITION_SHAPE('Placement','Placement of an item',
  #9425);
#9425 = NEXT_ASSEMBLY_USAGE_OCCURRENCE('115','Group_ElectricalRouting',
  '',#5,#9386,$);
#9426 = PRODUCT_RELATED_PRODUCT_CATEGORY('part',$,(#9388));
#9427 = CONTEXT_DEPENDENT_SHAPE_REPRESENTATION(#9428,#9430);
#9428 = ( REPRESENTATION_RELATIONSHIP('','',#6066,#9391) 
REPRESENTATION_RELATIONSHIP_WITH_TRANSFORMATION(#9429) 
SHAPE_REPRESENTATION_RELATIONSHIP() );
#9429 = ITEM_DEFINED_TRANSFORMATION('','',#11,#9392);
#9430 = PRODUCT_DEFINITION_SHAPE('Placement','Placement of an item',
  #9431);
#9431 = NEXT_ASSEMBLY_USAGE_OCCURRENCE('109','CableTray_Overhead_01','',
  #9386,#6061,$);
#9432 = CONTEXT_DEPENDENT_SHAPE_REPRESENTATION(#9433,#9435);
#9433 = ( REPRESENTATION_RELATIONSHIP('','',#6235,#9391) 
REPRESENTATION_RELATIONSHIP_WITH_TRANSFORMATION(#9434) 
SHAPE_REPRESENTATION_RELATIONSHIP() );
#9434 = ITEM_DEFINED_TRANSFORMATION('','',#11,#9396);
#9435 = PRODUCT_DEFINITION_SHAPE('Placement','Placement of an item',
  #9436);
#9436 = NEXT_ASSEMBLY_USAGE_OCCURRENCE('110','CableTray_Rung_01','',
  #9386,#6230,$);
#9437 = CONTEXT_DEPENDENT_SHAPE_REPRESENTATION(#9438,#9440);
#9438 = ( REPRESENTATION_RELATIONSHIP('','',#6404,#9391) 
REPRESENTATION_RELATIONSHIP_WITH_TRANSFORMATION(#9439) 
SHAPE_REPRESENTATION_RELATIONSHIP() );
#9439 = ITEM_DEFINED_TRANSFORMATION('','',#11,#9400);
#9440 = PRODUCT_DEFINITION_SHAPE('Placement','Placement of an item',
  #9441);
#9441 = NEXT_ASSEMBLY_USAGE_OCCURRENCE('111','CableTray_Rung_02','',
  #9386,#6399,$);
#9442 = CONTEXT_DEPENDENT_SHAPE_REPRESENTATION(#9443,#9445);
#9443 = ( REPRESENTATION_RELATIONSHIP('','',#6573,#9391) 
REPRESENTATION_RELATIONSHIP_WITH_TRANSFORMATION(#9444) 
SHAPE_REPRESENTATION_RELATIONSHIP() );
#9444 = ITEM_DEFINED_TRANSFORMATION('','',#11,#9404);
#9445 = PRODUCT_DEFINITION_SHAPE('Placement','Placement of an item',
  #9446);
#9446 = NEXT_ASSEMBLY_USAGE_OCCURRENCE('112','CableTray_Rung_03','',
  #9386,#6568,$);
#9447 = CONTEXT_DEPENDENT_SHAPE_REPRESENTATION(#9448,#9450);
#9448 = ( REPRESENTATION_RELATIONSHIP('','',#6742,#9391) 
REPRESENTATION_RELATIONSHIP_WITH_TRANSFORMATION(#9449) 
SHAPE_REPRESENTATION_RELATIONSHIP() );
#9449 = ITEM_DEFINED_TRANSFORMATION('','',#11,#9408);
#9450 = PRODUCT_DEFINITION_SHAPE('Placement','Placement of an item',
  #9451);
#9451 = NEXT_ASSEMBLY_USAGE_OCCURRENCE('113','CableTray_Rung_04','',
  #9386,#6737,$);
#9452 = CONTEXT_DEPENDENT_SHAPE_REPRESENTATION(#9453,#9455);
#9453 = ( REPRESENTATION_RELATIONSHIP('','',#6911,#9391) 
REPRESENTATION_RELATIONSHIP_WITH_TRANSFORMATION(#9454) 
SHAPE_REPRESENTATION_RELATIONSHIP() );
#9454 = ITEM_DEFINED_TRANSFORMATION('','',#11,#9412);
#9455 = PRODUCT_DEFINITION_SHAPE('Placement','Placement of an item',
  #9456);
#9456 = NEXT_ASSEMBLY_USAGE_OCCURRENCE('114','CableTray_Drop_01','',
  #9386,#6906,$);
#9457 = SHAPE_DEFINITION_REPRESENTATION(#9458,#9464);
#9458 = PRODUCT_DEFINITION_SHAPE('','',#9459);
#9459 = PRODUCT_DEFINITION('design','',#9460,#9463);
#9460 = PRODUCT_DEFINITION_FORMATION('','',#9461);
#9461 = PRODUCT('Group_Supports','Group_Supports','',(#9462));
#9462 = PRODUCT_CONTEXT('',#2,'mechanical');
#9463 = PRODUCT_DEFINITION_CONTEXT('part definition',#2,'design');
#9464 = SHAPE_REPRESENTATION('',(#11,#9465,#9469,#9473,#9477,#9481,#9485
    ,#9489,#9493,#9497,#9501),#9505);
#9465 = AXIS2_PLACEMENT_3D('',#9466,#9467,#9468);
#9466 = CARTESIAN_POINT('',(0.,0.,0.));
#9467 = DIRECTION('',(0.,0.,1.));
#9468 = DIRECTION('',(1.,0.,0.));
#9469 = AXIS2_PLACEMENT_3D('',#9470,#9471,#9472);
#9470 = CARTESIAN_POINT('',(0.,0.,0.));
#9471 = DIRECTION('',(0.,0.,1.));
#9472 = DIRECTION('',(1.,0.,0.));
#9473 = AXIS2_PLACEMENT_3D('',#9474,#9475,#9476);
#9474 = CARTESIAN_POINT('',(0.,0.,0.));
#9475 = DIRECTION('',(0.,0.,1.));
#9476 = DIRECTION('',(1.,0.,0.));
#9477 = AXIS2_PLACEMENT_3D('',#9478,#9479,#9480);
#9478 = CARTESIAN_POINT('',(0.,0.,0.));
#9479 = DIRECTION('',(0.,0.,1.));
#9480 = DIRECTION('',(1.,0.,0.));
#9481 = AXIS2_PLACEMENT_3D('',#9482,#9483,#9484);
#9482 = CARTESIAN_POINT('',(0.,0.,0.));
#9483 = DIRECTION('',(0.,0.,1.));
#9484 = DIRECTION('',(1.,0.,0.));
#9485 = AXIS2_PLACEMENT_3D('',#9486,#9487,#9488);
#9486 = CARTESIAN_POINT('',(0.,0.,0.));
#9487 = DIRECTION('',(0.,0.,1.));
#9488 = DIRECTION('',(1.,0.,0.));
#9489 = AXIS2_PLACEMENT_3D('',#9490,#9491,#9492);
#9490 = CARTESIAN_POINT('',(0.,0.,0.));
#9491 = DIRECTION('',(0.,0.,1.));
#9492 = DIRECTION('',(1.,0.,0.));
#9493 = AXIS2_PLACEMENT_3D('',#9494,#9495,#9496);
#9494 = CARTESIAN_POINT('',(0.,0.,0.));
#9495 = DIRECTION('',(0.,0.,1.));
#9496 = DIRECTION('',(1.,0.,0.));
#9497 = AXIS2_PLACEMENT_3D('',#9498,#9499,#9500);
#9498 = CARTESIAN_POINT('',(0.,0.,0.));
#9499 = DIRECTION('',(0.,0.,1.));
#9500 = DIRECTION('',(1.,0.,0.));
#9501 = AXIS2_PLACEMENT_3D('',#9502,#9503,#9504);
#9502 = CARTESIAN_POINT('',(0.,0.,0.));
#9503 = DIRECTION('',(0.,0.,1.));
#9504 = DIRECTION('',(1.,0.,0.));
#9505 = ( GEOMETRIC_REPRESENTATION_CONTEXT(3) 
GLOBAL_UNCERTAINTY_ASSIGNED_CONTEXT((#9509)) 
GLOBAL_UNIT_ASSIGNED_CONTEXT((#9506,#9507,#9508)) REPRESENTATION_CONTEXT
('Context #1','3D Context with UNIT and UNCERTAINTY') );
#9506 = ( LENGTH_UNIT() NAMED_UNIT(*) SI_UNIT(.MILLI.,.METRE.) );
#9507 = ( NAMED_UNIT(*) PLANE_ANGLE_UNIT() SI_UNIT($,.RADIAN.) );
#9508 = ( NAMED_UNIT(*) SI_UNIT($,.STERADIAN.) SOLID_ANGLE_UNIT() );
#9509 = UNCERTAINTY_MEASURE_WITH_UNIT(LENGTH_MEASURE(1.E-07),#9506,
  'distance_accuracy_value','confusion accuracy');
#9510 = CONTEXT_DEPENDENT_SHAPE_REPRESENTATION(#9511,#9513);
#9511 = ( REPRESENTATION_RELATIONSHIP('','',#9464,#10) 
REPRESENTATION_RELATIONSHIP_WITH_TRANSFORMATION(#9512) 
SHAPE_REPRESENTATION_RELATIONSHIP() );
#9512 = ITEM_DEFINED_TRANSFORMATION('','',#11,#279);
#9513 = PRODUCT_DEFINITION_SHAPE('Placement','Placement of an item',
  #9514);
#9514 = NEXT_ASSEMBLY_USAGE_OCCURRENCE('126','Group_Supports','',#5,
  #9459,$);
#9515 = PRODUCT_RELATED_PRODUCT_CATEGORY('part',$,(#9461));
#9516 = CONTEXT_DEPENDENT_SHAPE_REPRESENTATION(#9517,#9519);
#9517 = ( REPRESENTATION_RELATIONSHIP('','',#7080,#9464) 
REPRESENTATION_RELATIONSHIP_WITH_TRANSFORMATION(#9518) 
SHAPE_REPRESENTATION_RELATIONSHIP() );
#9518 = ITEM_DEFINED_TRANSFORMATION('','',#11,#9465);
#9519 = PRODUCT_DEFINITION_SHAPE('Placement','Placement of an item',
  #9520);
#9520 = NEXT_ASSEMBLY_USAGE_OCCURRENCE('116','Support_PipeBracket_01',''
  ,#9459,#7075,$);
#9521 = CONTEXT_DEPENDENT_SHAPE_REPRESENTATION(#9522,#9524);
#9522 = ( REPRESENTATION_RELATIONSHIP('','',#7249,#9464) 
REPRESENTATION_RELATIONSHIP_WITH_TRANSFORMATION(#9523) 
SHAPE_REPRESENTATION_RELATIONSHIP() );
#9523 = ITEM_DEFINED_TRANSFORMATION('','',#11,#9469);
#9524 = PRODUCT_DEFINITION_SHAPE('Placement','Placement of an item',
  #9525);
#9525 = NEXT_ASSEMBLY_USAGE_OCCURRENCE('117','Support_PipeBracket_02',''
  ,#9459,#7244,$);
#9526 = CONTEXT_DEPENDENT_SHAPE_REPRESENTATION(#9527,#9529);
#9527 = ( REPRESENTATION_RELATIONSHIP('','',#7418,#9464) 
REPRESENTATION_RELATIONSHIP_WITH_TRANSFORMATION(#9528) 
SHAPE_REPRESENTATION_RELATIONSHIP() );
#9528 = ITEM_DEFINED_TRANSFORMATION('','',#11,#9473);
#9529 = PRODUCT_DEFINITION_SHAPE('Placement','Placement of an item',
  #9530);
#9530 = NEXT_ASSEMBLY_USAGE_OCCURRENCE('118','Support_PipeBracket_03',''
  ,#9459,#7413,$);
#9531 = CONTEXT_DEPENDENT_SHAPE_REPRESENTATION(#9532,#9534);
#9532 = ( REPRESENTATION_RELATIONSHIP('','',#7587,#9464) 
REPRESENTATION_RELATIONSHIP_WITH_TRANSFORMATION(#9533) 
SHAPE_REPRESENTATION_RELATIONSHIP() );
#9533 = ITEM_DEFINED_TRANSFORMATION('','',#11,#9477);
#9534 = PRODUCT_DEFINITION_SHAPE('Placement','Placement of an item',
  #9535);
#9535 = NEXT_ASSEMBLY_USAGE_OCCURRENCE('119','Support_DuctHanger_01','',
  #9459,#7582,$);
#9536 = CONTEXT_DEPENDENT_SHAPE_REPRESENTATION(#9537,#9539);
#9537 = ( REPRESENTATION_RELATIONSHIP('','',#7756,#9464) 
REPRESENTATION_RELATIONSHIP_WITH_TRANSFORMATION(#9538) 
SHAPE_REPRESENTATION_RELATIONSHIP() );
#9538 = ITEM_DEFINED_TRANSFORMATION('','',#11,#9481);
#9539 = PRODUCT_DEFINITION_SHAPE('Placement','Placement of an item',
  #9540);
#9540 = NEXT_ASSEMBLY_USAGE_OCCURRENCE('120','Support_DuctHanger_02','',
  #9459,#7751,$);
#9541 = CONTEXT_DEPENDENT_SHAPE_REPRESENTATION(#9542,#9544);
#9542 = ( REPRESENTATION_RELATIONSHIP('','',#7925,#9464) 
REPRESENTATION_RELATIONSHIP_WITH_TRANSFORMATION(#9543) 
SHAPE_REPRESENTATION_RELATIONSHIP() );
#9543 = ITEM_DEFINED_TRANSFORMATION('','',#11,#9485);
#9544 = PRODUCT_DEFINITION_SHAPE('Placement','Placement of an item',
  #9545);
#9545 = NEXT_ASSEMBLY_USAGE_OCCURRENCE('121','Support_DuctHanger_03','',
  #9459,#7920,$);
#9546 = CONTEXT_DEPENDENT_SHAPE_REPRESENTATION(#9547,#9549);
#9547 = ( REPRESENTATION_RELATIONSHIP('','',#8094,#9464) 
REPRESENTATION_RELATIONSHIP_WITH_TRANSFORMATION(#9548) 
SHAPE_REPRESENTATION_RELATIONSHIP() );
#9548 = ITEM_DEFINED_TRANSFORMATION('','',#11,#9489);
#9549 = PRODUCT_DEFINITION_SHAPE('Placement','Placement of an item',
  #9550);
#9550 = NEXT_ASSEMBLY_USAGE_OCCURRENCE('122',
  'Support_CableTrayHanger_01','',#9459,#8089,$);
#9551 = CONTEXT_DEPENDENT_SHAPE_REPRESENTATION(#9552,#9554);
#9552 = ( REPRESENTATION_RELATIONSHIP('','',#8263,#9464) 
REPRESENTATION_RELATIONSHIP_WITH_TRANSFORMATION(#9553) 
SHAPE_REPRESENTATION_RELATIONSHIP() );
#9553 = ITEM_DEFINED_TRANSFORMATION('','',#11,#9493);
#9554 = PRODUCT_DEFINITION_SHAPE('Placement','Placement of an item',
  #9555);
#9555 = NEXT_ASSEMBLY_USAGE_OCCURRENCE('123',
  'Support_CableTrayHanger_02','',#9459,#8258,$);
#9556 = CONTEXT_DEPENDENT_SHAPE_REPRESENTATION(#9557,#9559);
#9557 = ( REPRESENTATION_RELATIONSHIP('','',#8432,#9464) 
REPRESENTATION_RELATIONSHIP_WITH_TRANSFORMATION(#9558) 
SHAPE_REPRESENTATION_RELATIONSHIP() );
#9558 = ITEM_DEFINED_TRANSFORMATION('','',#11,#9497);
#9559 = PRODUCT_DEFINITION_SHAPE('Placement','Placement of an item',
  #9560);
#9560 = NEXT_ASSEMBLY_USAGE_OCCURRENCE('124','PipeClamp_TypeA_01','',
  #9459,#8427,$);
#9561 = CONTEXT_DEPENDENT_SHAPE_REPRESENTATION(#9562,#9564);
#9562 = ( REPRESENTATION_RELATIONSHIP('','',#8479,#9464) 
REPRESENTATION_RELATIONSHIP_WITH_TRANSFORMATION(#9563) 
SHAPE_REPRESENTATION_RELATIONSHIP() );
#9563 = ITEM_DEFINED_TRANSFORMATION('','',#11,#9501);
#9564 = PRODUCT_DEFINITION_SHAPE('Placement','Placement of an item',
  #9565);
#9565 = NEXT_ASSEMBLY_USAGE_OCCURRENCE('125','Plate_Mounting_01','',
  #9459,#8474,$);
#9566 = SHAPE_DEFINITION_REPRESENTATION(#9567,#9573);
#9567 = PRODUCT_DEFINITION_SHAPE('','',#9568);
#9568 = PRODUCT_DEFINITION('design','',#9569,#9572);
#9569 = PRODUCT_DEFINITION_FORMATION('','',#9570);
#9570 = PRODUCT('Group_Penetrations','Group_Penetrations','',(#9571));
#9571 = PRODUCT_CONTEXT('',#2,'mechanical');
#9572 = PRODUCT_DEFINITION_CONTEXT('part definition',#2,'design');
#9573 = SHAPE_REPRESENTATION('',(#11,#9574),#9578);
#9574 = AXIS2_PLACEMENT_3D('',#9575,#9576,#9577);
#9575 = CARTESIAN_POINT('',(5.7E+03,2.8E+03,1.8E+03));
#9576 = DIRECTION('',(1.,-0.,2.22044604925E-16));
#9577 = DIRECTION('',(2.22044604925E-16,0.,-1.));
#9578 = ( GEOMETRIC_REPRESENTATION_CONTEXT(3) 
GLOBAL_UNCERTAINTY_ASSIGNED_CONTEXT((#9582)) 
GLOBAL_UNIT_ASSIGNED_CONTEXT((#9579,#9580,#9581)) REPRESENTATION_CONTEXT
('Context #1','3D Context with UNIT and UNCERTAINTY') );
#9579 = ( LENGTH_UNIT() NAMED_UNIT(*) SI_UNIT(.MILLI.,.METRE.) );
#9580 = ( NAMED_UNIT(*) PLANE_ANGLE_UNIT() SI_UNIT($,.RADIAN.) );
#9581 = ( NAMED_UNIT(*) SI_UNIT($,.STERADIAN.) SOLID_ANGLE_UNIT() );
#9582 = UNCERTAINTY_MEASURE_WITH_UNIT(LENGTH_MEASURE(1.E-07),#9579,
  'distance_accuracy_value','confusion accuracy');
#9583 = CONTEXT_DEPENDENT_SHAPE_REPRESENTATION(#9584,#9586);
#9584 = ( REPRESENTATION_RELATIONSHIP('','',#9573,#10) 
REPRESENTATION_RELATIONSHIP_WITH_TRANSFORMATION(#9585) 
SHAPE_REPRESENTATION_RELATIONSHIP() );
#9585 = ITEM_DEFINED_TRANSFORMATION('','',#11,#283);
#9586 = PRODUCT_DEFINITION_SHAPE('Placement','Placement of an item',
  #9587);
#9587 = NEXT_ASSEMBLY_USAGE_OCCURRENCE('128','Group_Penetrations','',#5,
  #9568,$);
#9588 = PRODUCT_RELATED_PRODUCT_CATEGORY('part',$,(#9570));
#9589 = CONTEXT_DEPENDENT_SHAPE_REPRESENTATION(#9590,#9592);
#9590 = ( REPRESENTATION_RELATIONSHIP('','',#8648,#9573) 
REPRESENTATION_RELATIONSHIP_WITH_TRANSFORMATION(#9591) 
SHAPE_REPRESENTATION_RELATIONSHIP() );
#9591 = ITEM_DEFINED_TRANSFORMATION('','',#11,#9574);
#9592 = PRODUCT_DEFINITION_SHAPE('Placement','Placement of an item',
  #9593);
#9593 = NEXT_ASSEMBLY_USAGE_OCCURRENCE('127','Sleeve_WallPenetration_01'
  ,'',#9568,#8643,$);
#9594 = SHAPE_DEFINITION_REPRESENTATION(#9595,#9601);
#9595 = PRODUCT_DEFINITION_SHAPE('','',#9596);
#9596 = PRODUCT_DEFINITION('design','',#9597,#9600);
#9597 = PRODUCT_DEFINITION_FORMATION('','',#9598);
#9598 = PRODUCT('Group_ClearanceZones','Group_ClearanceZones','',(#9599)
  );
#9599 = PRODUCT_CONTEXT('',#2,'mechanical');
#9600 = PRODUCT_DEFINITION_CONTEXT('part definition',#2,'design');
#9601 = SHAPE_REPRESENTATION('',(#11,#9602),#9606);
#9602 = AXIS2_PLACEMENT_3D('',#9603,#9604,#9605);
#9603 = CARTESIAN_POINT('',(0.,0.,0.));
#9604 = DIRECTION('',(0.,0.,1.));
#9605 = DIRECTION('',(1.,0.,0.));
#9606 = ( GEOMETRIC_REPRESENTATION_CONTEXT(3) 
GLOBAL_UNCERTAINTY_ASSIGNED_CONTEXT((#9610)) 
GLOBAL_UNIT_ASSIGNED_CONTEXT((#9607,#9608,#9609)) REPRESENTATION_CONTEXT
('Context #1','3D Context with UNIT and UNCERTAINTY') );
#9607 = ( LENGTH_UNIT() NAMED_UNIT(*) SI_UNIT(.MILLI.,.METRE.) );
#9608 = ( NAMED_UNIT(*) PLANE_ANGLE_UNIT() SI_UNIT($,.RADIAN.) );
#9609 = ( NAMED_UNIT(*) SI_UNIT($,.STERADIAN.) SOLID_ANGLE_UNIT() );
#9610 = UNCERTAINTY_MEASURE_WITH_UNIT(LENGTH_MEASURE(1.E-07),#9607,
  'distance_accuracy_value','confusion accuracy');
#9611 = CONTEXT_DEPENDENT_SHAPE_REPRESENTATION(#9612,#9614);
#9612 = ( REPRESENTATION_RELATIONSHIP('','',#9601,#10) 
REPRESENTATION_RELATIONSHIP_WITH_TRANSFORMATION(#9613) 
SHAPE_REPRESENTATION_RELATIONSHIP() );
#9613 = ITEM_DEFINED_TRANSFORMATION('','',#11,#287);
#9614 = PRODUCT_DEFINITION_SHAPE('Placement','Placement of an item',
  #9615);
#9615 = NEXT_ASSEMBLY_USAGE_OCCURRENCE('130','Group_ClearanceZones','',
  #5,#9596,$);
#9616 = PRODUCT_RELATED_PRODUCT_CATEGORY('part',$,(#9598));
#9617 = CONTEXT_DEPENDENT_SHAPE_REPRESENTATION(#9618,#9620);
#9618 = ( REPRESENTATION_RELATIONSHIP('','',#8759,#9601) 
REPRESENTATION_RELATIONSHIP_WITH_TRANSFORMATION(#9619) 
SHAPE_REPRESENTATION_RELATIONSHIP() );
#9619 = ITEM_DEFINED_TRANSFORMATION('','',#11,#9602);
#9620 = PRODUCT_DEFINITION_SHAPE('Placement','Placement of an item',
  #9621);
#9621 = NEXT_ASSEMBLY_USAGE_OCCURRENCE('129',
  'Clearance_ServiceZone_AHU_01','',#9596,#8754,$);
ENDSEC;
END-ISO-10303-21;
