solid openscad_cable_tray_segment_type_b
  facet normal -1 0 0
    outer loop
      vertex -250 -80 -2
      vertex -250 -80 60
      vertex -250 -76 2
    endloop
  endfacet
  facet normal -1 0 0
    outer loop
      vertex -250 -80 -2
      vertex -250 -76 2
      vertex -250 80 -2
    endloop
  endfacet
  facet normal 0 0 -1
    outer loop
      vertex -250 -80 -2
      vertex -250 80 -2
      vertex -176.928 36 -2
    endloop
  endfacet
  facet normal 0 0 -1
    outer loop
      vertex -250 -80 -2
      vertex -178 -40 -2
      vertex -177.878 -41.3892 -2
    endloop
  endfacet
  facet normal 0 0 -1
    outer loop
      vertex -250 -80 -2
      vertex -177.878 -41.3892 -2
      vertex -177.518 -42.7362 -2
    endloop
  endfacet
  facet normal 0 0 -1
    outer loop
      vertex -250 -80 -2
      vertex -177.878 -38.6108 -2
      vertex -178 -40 -2
    endloop
  endfacet
  facet normal 0 0 -1
    outer loop
      vertex -250 -80 -2
      vertex -177.518 -42.7362 -2
      vertex -176.928 -44 -2
    endloop
  endfacet
  facet normal 0 0 -1
    outer loop
      vertex -250 -80 -2
      vertex -177.518 -37.2638 -2
      vertex -177.878 -38.6108 -2
    endloop
  endfacet
  facet normal 0 0 -1
    outer loop
      vertex -250 -80 -2
      vertex -176.928 -44 -2
      vertex -176.128 -45.1423 -2
    endloop
  endfacet
  facet normal 0 0 -1
    outer loop
      vertex -250 -80 -2
      vertex -176.928 -36 -2
      vertex -177.518 -37.2638 -2
    endloop
  endfacet
  facet normal 0 0 -1
    outer loop
      vertex -250 -80 -2
      vertex -176.928 36 -2
      vertex -176.928 -36 -2
    endloop
  endfacet
  facet normal 0 0 -1
    outer loop
      vertex -250 -80 -2
      vertex -176.128 -45.1423 -2
      vertex -175.142 -46.1284 -2
    endloop
  endfacet
  facet normal 0 0 -1
    outer loop
      vertex -250 -80 -2
      vertex -175.142 -46.1284 -2
      vertex -174 -46.9282 -2
    endloop
  endfacet
  facet normal 0 0 -1
    outer loop
      vertex -250 -80 -2
      vertex -174 -46.9282 -2
      vertex -172.736 -47.5175 -2
    endloop
  endfacet
  facet normal 0 0 -1
    outer loop
      vertex -250 -80 -2
      vertex -172.736 -47.5175 -2
      vertex -171.389 -47.8785 -2
    endloop
  endfacet
  facet normal 0 0 -1
    outer loop
      vertex -250 -80 -2
      vertex -171.389 -47.8785 -2
      vertex -170 -48 -2
    endloop
  endfacet
  facet normal 0 0 -1
    outer loop
      vertex -250 -80 -2
      vertex -170 -48 -2
      vertex -168.611 -47.8785 -2
    endloop
  endfacet
  facet normal 0 0 -1
    outer loop
      vertex -250 -80 -2
      vertex -168.611 -47.8785 -2
      vertex -91.3892 -47.8785 -2
    endloop
  endfacet
  facet normal 0 0 -1
    outer loop
      vertex -250 -80 -2
      vertex -91.3892 -47.8785 -2
      vertex -90 -48 -2
    endloop
  endfacet
  facet normal 0 0 -1
    outer loop
      vertex -250 -80 -2
      vertex -90 -48 -2
      vertex -10 -48 -2
    endloop
  endfacet
  facet normal 0 0 -1
    outer loop
      vertex -250 -80 -2
      vertex -10 -48 -2
      vertex 250 -80 -2
    endloop
  endfacet
  facet normal 0 -1 0
    outer loop
      vertex -250 -80 -2
      vertex 250 -80 -2
      vertex 250 -80 60
    endloop
  endfacet
  facet normal 0 -1 0
    outer loop
      vertex -250 -80 -2
      vertex 250 -80 60
      vertex -250 -80 60
    endloop
  endfacet
  facet normal -1 0 0
    outer loop
      vertex -250 -80 60
      vertex -250 -76 60
      vertex -250 -76 2
    endloop
  endfacet
  facet normal 0 0 1
    outer loop
      vertex -250 -80 60
      vertex 250 -80 60
      vertex -250 -76 60
    endloop
  endfacet
  facet normal 0 1 0
    outer loop
      vertex -250 -76 2
      vertex -250 -76 60
      vertex 250 -76 2
    endloop
  endfacet
  facet normal -1 0 0
    outer loop
      vertex -250 -76 2
      vertex -250 76 2
      vertex -250 80 -2
    endloop
  endfacet
  facet normal 0 0 1
    outer loop
      vertex -250 -76 2
      vertex -178 -40 2
      vertex -177.878 -38.6108 2
    endloop
  endfacet
  facet normal 0 0 1
    outer loop
      vertex -250 -76 2
      vertex -177.878 -41.3892 2
      vertex -178 -40 2
    endloop
  endfacet
  facet normal 0 0 1
    outer loop
      vertex -250 -76 2
      vertex -177.878 -38.6108 2
      vertex -177.518 -37.2638 2
    endloop
  endfacet
  facet normal 0 0 1
    outer loop
      vertex -250 -76 2
      vertex -177.518 -42.7362 2
      vertex -177.878 -41.3892 2
    endloop
  endfacet
  facet normal 0 0 1
    outer loop
      vertex -250 -76 2
      vertex -177.518 -37.2638 2
      vertex -176.928 -36 2
    endloop
  endfacet
  facet normal 0 0 1
    outer loop
      vertex -250 -76 2
      vertex -176.928 -44 2
      vertex -177.518 -42.7362 2
    endloop
  endfacet
  facet normal 0 0 1
    outer loop
      vertex -250 -76 2
      vertex -176.928 -36 2
      vertex -250 76 2
    endloop
  endfacet
  facet normal 0 0 1
    outer loop
      vertex -250 -76 2
      vertex -176.128 -45.1423 2
      vertex -176.928 -44 2
    endloop
  endfacet
  facet normal 0 0 1
    outer loop
      vertex -250 -76 2
      vertex -175.142 -46.1284 2
      vertex -176.128 -45.1423 2
    endloop
  endfacet
  facet normal 0 0 1
    outer loop
      vertex -250 -76 2
      vertex -174 -46.9282 2
      vertex -175.142 -46.1284 2
    endloop
  endfacet
  facet normal 0 0 1
    outer loop
      vertex -250 -76 2
      vertex -172.736 -47.5175 2
      vertex -174 -46.9282 2
    endloop
  endfacet
  facet normal 0 0 1
    outer loop
      vertex -250 -76 2
      vertex -171.389 -47.8785 2
      vertex -172.736 -47.5175 2
    endloop
  endfacet
  facet normal 0 0 1
    outer loop
      vertex -250 -76 2
      vertex -170 -48 2
      vertex -171.389 -47.8785 2
    endloop
  endfacet
  facet normal 0 0 1
    outer loop
      vertex -250 -76 2
      vertex -168.611 -47.8785 2
      vertex -170 -48 2
    endloop
  endfacet
  facet normal 0 0 1
    outer loop
      vertex -250 -76 2
      vertex -91.3892 -47.8785 2
      vertex -168.611 -47.8785 2
    endloop
  endfacet
  facet normal 0 0 1
    outer loop
      vertex -250 -76 2
      vertex -90 -48 2
      vertex -91.3892 -47.8785 2
    endloop
  endfacet
  facet normal 0 0 1
    outer loop
      vertex -250 -76 2
      vertex -10 -48 2
      vertex -90 -48 2
    endloop
  endfacet
  facet normal 0 0 1
    outer loop
      vertex -250 -76 2
      vertex 250 -76 2
      vertex -10 -48 2
    endloop
  endfacet
  facet normal 0 0 1
    outer loop
      vertex -250 -76 60
      vertex 250 -80 60
      vertex 250 -76 60
    endloop
  endfacet
  facet normal 0 1 0
    outer loop
      vertex -250 -76 60
      vertex 250 -76 60
      vertex 250 -76 2
    endloop
  endfacet
  facet normal -1 0 0
    outer loop
      vertex -250 76 2
      vertex -250 76 60
      vertex -250 80 60
    endloop
  endfacet
  facet normal -1 0 0
    outer loop
      vertex -250 76 2
      vertex -250 80 60
      vertex -250 80 -2
    endloop
  endfacet
  facet normal 0 0 1
    outer loop
      vertex -250 76 2
      vertex -178 40 2
      vertex -177.878 41.3892 2
    endloop
  endfacet
  facet normal 0 0 1
    outer loop
      vertex -250 76 2
      vertex -177.878 38.6108 2
      vertex -178 40 2
    endloop
  endfacet
  facet normal 0 0 1
    outer loop
      vertex -250 76 2
      vertex -177.878 41.3892 2
      vertex -177.518 42.7362 2
    endloop
  endfacet
  facet normal 0 0 1
    outer loop
      vertex -250 76 2
      vertex -177.518 37.2638 2
      vertex -177.878 38.6108 2
    endloop
  endfacet
  facet normal 0 0 1
    outer loop
      vertex -250 76 2
      vertex -177.518 42.7362 2
      vertex -176.928 44 2
    endloop
  endfacet
  facet normal 0 0 1
    outer loop
      vertex -250 76 2
      vertex -176.928 -36 2
      vertex -176.928 36 2
    endloop
  endfacet
  facet normal 0 0 1
    outer loop
      vertex -250 76 2
      vertex -176.928 36 2
      vertex -177.518 37.2638 2
    endloop
  endfacet
  facet normal 0 0 1
    outer loop
      vertex -250 76 2
      vertex -176.928 44 2
      vertex -176.128 45.1423 2
    endloop
  endfacet
  facet normal 0 0 1
    outer loop
      vertex -250 76 2
      vertex -176.128 45.1423 2
      vertex -175.142 46.1284 2
    endloop
  endfacet
  facet normal 0 0 1
    outer loop
      vertex -250 76 2
      vertex -175.142 46.1284 2
      vertex -174 46.9282 2
    endloop
  endfacet
  facet normal 0 0 1
    outer loop
      vertex -250 76 2
      vertex -174 46.9282 2
      vertex -172.736 47.5175 2
    endloop
  endfacet
  facet normal 0 0 1
    outer loop
      vertex -250 76 2
      vertex -172.736 47.5175 2
      vertex -171.389 47.8785 2
    endloop
  endfacet
  facet normal 0 0 1
    outer loop
      vertex -250 76 2
      vertex -171.389 47.8785 2
      vertex -170 48 2
    endloop
  endfacet
  facet normal 0 0 1
    outer loop
      vertex -250 76 2
      vertex -170 48 2
      vertex -168.611 47.8785 2
    endloop
  endfacet
  facet normal 0 0 1
    outer loop
      vertex -250 76 2
      vertex -168.611 47.8785 2
      vertex -91.3892 47.8785 2
    endloop
  endfacet
  facet normal 0 0 1
    outer loop
      vertex -250 76 2
      vertex -91.3892 47.8785 2
      vertex -90 48 2
    endloop
  endfacet
  facet normal 0 0 1
    outer loop
      vertex -250 76 2
      vertex -90 48 2
      vertex -10 48 2
    endloop
  endfacet
  facet normal 0 0 1
    outer loop
      vertex -250 76 2
      vertex -10 48 2
      vertex 250 76 2
    endloop
  endfacet
  facet normal 0 -1 0
    outer loop
      vertex -250 76 2
      vertex 250 76 2
      vertex 250 76 60
    endloop
  endfacet
  facet normal 0 -1 0
    outer loop
      vertex -250 76 2
      vertex 250 76 60
      vertex -250 76 60
    endloop
  endfacet
  facet normal 0 0 1
    outer loop
      vertex -250 76 60
      vertex 250 76 60
      vertex -250 80 60
    endloop
  endfacet
  facet normal 0 1 0
    outer loop
      vertex -250 80 -2
      vertex -250 80 60
      vertex 250 80 -2
    endloop
  endfacet
  facet normal 0 0 -1
    outer loop
      vertex -250 80 -2
      vertex -178 40 -2
      vertex -177.878 38.6108 -2
    endloop
  endfacet
  facet normal 0 0 -1
    outer loop
      vertex -250 80 -2
      vertex -177.878 38.6108 -2
      vertex -177.518 37.2638 -2
    endloop
  endfacet
  facet normal 0 0 -1
    outer loop
      vertex -250 80 -2
      vertex -177.878 41.3892 -2
      vertex -178 40 -2
    endloop
  endfacet
  facet normal 0 0 -1
    outer loop
      vertex -250 80 -2
      vertex -177.518 37.2638 -2
      vertex -176.928 36 -2
    endloop
  endfacet
  facet normal 0 0 -1
    outer loop
      vertex -250 80 -2
      vertex -177.518 42.7362 -2
      vertex -177.878 41.3892 -2
    endloop
  endfacet
  facet normal 0 0 -1
    outer loop
      vertex -250 80 -2
      vertex -176.928 44 -2
      vertex -177.518 42.7362 -2
    endloop
  endfacet
  facet normal 0 0 -1
    outer loop
      vertex -250 80 -2
      vertex -176.128 45.1423 -2
      vertex -176.928 44 -2
    endloop
  endfacet
  facet normal 0 0 -1
    outer loop
      vertex -250 80 -2
      vertex -175.142 46.1284 -2
      vertex -176.128 45.1423 -2
    endloop
  endfacet
  facet normal 0 0 -1
    outer loop
      vertex -250 80 -2
      vertex -174 46.9282 -2
      vertex -175.142 46.1284 -2
    endloop
  endfacet
  facet normal 0 0 -1
    outer loop
      vertex -250 80 -2
      vertex -172.736 47.5175 -2
      vertex -174 46.9282 -2
    endloop
  endfacet
  facet normal 0 0 -1
    outer loop
      vertex -250 80 -2
      vertex -171.389 47.8785 -2
      vertex -172.736 47.5175 -2
    endloop
  endfacet
  facet normal 0 0 -1
    outer loop
      vertex -250 80 -2
      vertex -170 48 -2
      vertex -171.389 47.8785 -2
    endloop
  endfacet
  facet normal 0 0 -1
    outer loop
      vertex -250 80 -2
      vertex -168.611 47.8785 -2
      vertex -170 48 -2
    endloop
  endfacet
  facet normal 0 0 -1
    outer loop
      vertex -250 80 -2
      vertex -91.3892 47.8785 -2
      vertex -168.611 47.8785 -2
    endloop
  endfacet
  facet normal 0 0 -1
    outer loop
      vertex -250 80 -2
      vertex -90 48 -2
      vertex -91.3892 47.8785 -2
    endloop
  endfacet
  facet normal 0 0 -1
    outer loop
      vertex -250 80 -2
      vertex -10 48 -2
      vertex -90 48 -2
    endloop
  endfacet
  facet normal 0 0 -1
    outer loop
      vertex -250 80 -2
      vertex 250 80 -2
      vertex -10 48 -2
    endloop
  endfacet
  facet normal 0 0 1
    outer loop
      vertex -250 80 60
      vertex 250 76 60
      vertex 250 80 60
    endloop
  endfacet
  facet normal 0 1 0
    outer loop
      vertex -250 80 60
      vertex 250 80 60
      vertex 250 80 -2
    endloop
  endfacet
  facet normal 0.996166 0.0874836 0
    outer loop
      vertex -178 -40 -2
      vertex -178 -40 2
      vertex -177.878 -41.3892 2
    endloop
  endfacet
  facet normal 0.996166 0.0874836 0
    outer loop
      vertex -178 -40 -2
      vertex -177.878 -41.3892 2
      vertex -177.878 -41.3892 -2
    endloop
  endfacet
  facet normal 0.996166 -0.0874836 0
    outer loop
      vertex -178 -40 -2
      vertex -177.878 -38.6108 -2
      vertex -178 -40 2
    endloop
  endfacet
  facet normal 0.996166 -0.0874836 0
    outer loop
      vertex -178 -40 2
      vertex -177.878 -38.6108 -2
      vertex -177.878 -38.6108 2
    endloop
  endfacet
  facet normal 0.996166 0.0874836 0
    outer loop
      vertex -178 40 -2
      vertex -178 40 2
      vertex -177.878 38.6108 2
    endloop
  endfacet
  facet normal 0.996166 0.0874836 0
    outer loop
      vertex -178 40 -2
      vertex -177.878 38.6108 2
      vertex -177.878 38.6108 -2
    endloop
  endfacet
  facet normal 0.996166 -0.0874836 0
    outer loop
      vertex -178 40 -2
      vertex -177.878 41.3892 -2
      vertex -178 40 2
    endloop
  endfacet
  facet normal 0.996166 -0.0874836 0
    outer loop
      vertex -178 40 2
      vertex -177.878 41.3892 -2
      vertex -177.878 41.3892 2
    endloop
  endfacet
  facet normal 0.966092 0.258198 0
    outer loop
      vertex -177.878 -41.3892 -2
      vertex -177.878 -41.3892 2
      vertex -177.518 -42.7362 2
    endloop
  endfacet
  facet normal 0.966092 0.258198 0
    outer loop
      vertex -177.878 -41.3892 -2
      vertex -177.518 -42.7362 2
      vertex -177.518 -42.7362 -2
    endloop
  endfacet
  facet normal 0.966092 -0.258198 0
    outer loop
      vertex -177.878 -38.6108 -2
      vertex -177.518 -37.2638 -2
      vertex -177.878 -38.6108 2
    endloop
  endfacet
  facet normal 0.966092 -0.258198 0
    outer loop
      vertex -177.878 -38.6108 2
      vertex -177.518 -37.2638 -2
      vertex -177.518 -37.2638 2
    endloop
  endfacet
  facet normal 0.966092 0.258198 0
    outer loop
      vertex -177.878 38.6108 -2
      vertex -177.878 38.6108 2
      vertex -177.518 37.2638 2
    endloop
  endfacet
  facet normal 0.966092 0.258198 0
    outer loop
      vertex -177.878 38.6108 -2
      vertex -177.518 37.2638 2
      vertex -177.518 37.2638 -2
    endloop
  endfacet
  facet normal 0.966092 -0.258198 0
    outer loop
      vertex -177.878 41.3892 -2
      vertex -177.518 42.7362 -2
      vertex -177.878 41.3892 2
    endloop
  endfacet
  facet normal 0.966092 -0.258198 0
    outer loop
      vertex -177.878 41.3892 2
      vertex -177.518 42.7362 -2
      vertex -177.518 42.7362 2
    endloop
  endfacet
  facet normal 0.906121 0.423019 0
    outer loop
      vertex -177.518 -42.7362 -2
      vertex -177.518 -42.7362 2
      vertex -176.928 -44 2
    endloop
  endfacet
  facet normal 0.906121 0.423019 0
    outer loop
      vertex -177.518 -42.7362 -2
      vertex -176.928 -44 2
      vertex -176.928 -44 -2
    endloop
  endfacet
  facet normal 0.906121 -0.423019 0
    outer loop
      vertex -177.518 -37.2638 -2
      vertex -176.928 -36 -2
      vertex -177.518 -37.2638 2
    endloop
  endfacet
  facet normal 0.906121 -0.423019 0
    outer loop
      vertex -177.518 -37.2638 2
      vertex -176.928 -36 -2
      vertex -176.928 -36 2
    endloop
  endfacet
  facet normal 0.906121 0.423019 0
    outer loop
      vertex -177.518 37.2638 -2
      vertex -177.518 37.2638 2
      vertex -176.928 36 2
    endloop
  endfacet
  facet normal 0.906121 0.423019 0
    outer loop
      vertex -177.518 37.2638 -2
      vertex -176.928 36 2
      vertex -176.928 36 -2
    endloop
  endfacet
  facet normal 0.906121 -0.423019 0
    outer loop
      vertex -177.518 42.7362 -2
      vertex -176.928 44 -2
      vertex -177.518 42.7362 2
    endloop
  endfacet
  facet normal 0.906121 -0.423019 0
    outer loop
      vertex -177.518 42.7362 2
      vertex -176.928 44 -2
      vertex -176.928 44 2
    endloop
  endfacet
  facet normal 0.819101 0.57365 0
    outer loop
      vertex -176.928 -44 -2
      vertex -176.928 -44 2
      vertex -176.128 -45.1423 2
    endloop
  endfacet
  facet normal 0.819101 0.57365 0
    outer loop
      vertex -176.928 -44 -2
      vertex -176.128 -45.1423 2
      vertex -176.128 -45.1423 -2
    endloop
  endfacet
  facet normal 0 0 -1
    outer loop
      vertex -176.928 -36 -2
      vertex -176.928 36 -2
      vertex -176.128 34.8577 -2
    endloop
  endfacet
  facet normal 0.819101 -0.57365 0
    outer loop
      vertex -176.928 -36 -2
      vertex -176.128 -34.8577 -2
      vertex -176.928 -36 2
    endloop
  endfacet
  facet normal 0 0 -1
    outer loop
      vertex -176.928 -36 -2
      vertex -176.128 34.8577 -2
      vertex -176.128 -34.8577 -2
    endloop
  endfacet
  facet normal 0.819101 -0.57365 0
    outer loop
      vertex -176.928 -36 2
      vertex -176.128 -34.8577 -2
      vertex -176.128 -34.8577 2
    endloop
  endfacet
  facet normal 0 0 1
    outer loop
      vertex -176.928 -36 2
      vertex -176.128 -34.8577 2
      vertex -176.928 36 2
    endloop
  endfacet
  facet normal 0.819101 0.57365 0
    outer loop
      vertex -176.928 36 -2
      vertex -176.928 36 2
      vertex -176.128 34.8577 2
    endloop
  endfacet
  facet normal 0.819101 0.57365 0
    outer loop
      vertex -176.928 36 -2
      vertex -176.128 34.8577 2
      vertex -176.128 34.8577 -2
    endloop
  endfacet
  facet normal 0 0 1
    outer loop
      vertex -176.928 36 2
      vertex -176.128 -34.8577 2
      vertex -176.128 34.8577 2
    endloop
  endfacet
  facet normal 0.819101 -0.57365 0
    outer loop
      vertex -176.928 44 -2
      vertex -176.128 45.1423 -2
      vertex -176.928 44 2
    endloop
  endfacet
  facet normal 0.819101 -0.57365 0
    outer loop
      vertex -176.928 44 2
      vertex -176.128 45.1423 -2
      vertex -176.128 45.1423 2
    endloop
  endfacet
  facet normal 0.707143 0.707071 0
    outer loop
      vertex -176.128 -45.1423 -2
      vertex -176.128 -45.1423 2
      vertex -175.142 -46.1284 2
    endloop
  endfacet
  facet normal 0.707143 0.707071 0
    outer loop
      vertex -176.128 -45.1423 -2
      vertex -175.142 -46.1284 2
      vertex -175.142 -46.1284 -2
    endloop
  endfacet
  facet normal 0 0 -1
    outer loop
      vertex -176.128 -34.8577 -2
      vertex -176.128 34.8577 -2
      vertex -175.142 33.8716 -2
    endloop
  endfacet
  facet normal 0.707143 -0.707071 0
    outer loop
      vertex -176.128 -34.8577 -2
      vertex -175.142 -33.8716 -2
      vertex -176.128 -34.8577 2
    endloop
  endfacet
  facet normal 0 0 -1
    outer loop
      vertex -176.128 -34.8577 -2
      vertex -175.142 33.8716 -2
      vertex -175.142 -33.8716 -2
    endloop
  endfacet
  facet normal 0.707143 -0.707071 0
    outer loop
      vertex -176.128 -34.8577 2
      vertex -175.142 -33.8716 -2
      vertex -175.142 -33.8716 2
    endloop
  endfacet
  facet normal 0 0 1
    outer loop
      vertex -176.128 -34.8577 2
      vertex -175.142 -33.8716 2
      vertex -176.128 34.8577 2
    endloop
  endfacet
  facet normal 0.707143 0.707071 0
    outer loop
      vertex -176.128 34.8577 -2
      vertex -176.128 34.8577 2
      vertex -175.142 33.8716 2
    endloop
  endfacet
  facet normal 0.707143 0.707071 0
    outer loop
      vertex -176.128 34.8577 -2
      vertex -175.142 33.8716 2
      vertex -175.142 33.8716 -2
    endloop
  endfacet
  facet normal 0 0 1
    outer loop
      vertex -176.128 34.8577 2
      vertex -175.142 -33.8716 2
      vertex -175.142 33.8716 2
    endloop
  endfacet
  facet normal 0.707143 -0.707071 0
    outer loop
      vertex -176.128 45.1423 -2
      vertex -175.142 46.1284 -2
      vertex -176.128 45.1423 2
    endloop
  endfacet
  facet normal 0.707143 -0.707071 0
    outer loop
      vertex -176.128 45.1423 2
      vertex -175.142 46.1284 -2
      vertex -175.142 46.1284 2
    endloop
  endfacet
  facet normal 0.573655 0.819097 0
    outer loop
      vertex -175.142 -46.1284 -2
      vertex -175.142 -46.1284 2
      vertex -174 -46.9282 -2
    endloop
  endfacet
  facet normal 0.573655 0.819097 0
    outer loop
      vertex -175.142 -46.1284 2
      vertex -174 -46.9282 2
      vertex -174 -46.9282 -2
    endloop
  endfacet
  facet normal 0 0 -1
    outer loop
      vertex -175.142 -33.8716 -2
      vertex -175.142 33.8716 -2
      vertex -174 33.0718 -2
    endloop
  endfacet
  facet normal 0.573655 -0.819097 0
    outer loop
      vertex -175.142 -33.8716 -2
      vertex -174 -33.0718 -2
      vertex -174 -33.0718 2
    endloop
  endfacet
  facet normal 0.573655 -0.819097 0
    outer loop
      vertex -175.142 -33.8716 -2
      vertex -174 -33.0718 2
      vertex -175.142 -33.8716 2
    endloop
  endfacet
  facet normal 0 0 -1
    outer loop
      vertex -175.142 -33.8716 -2
      vertex -174 33.0718 -2
      vertex -174 -33.0718 -2
    endloop
  endfacet
  facet normal 0 0 1
    outer loop
      vertex -175.142 -33.8716 2
      vertex -174 -33.0718 2
      vertex -175.142 33.8716 2
    endloop
  endfacet
  facet normal 0.573655 0.819097 0
    outer loop
      vertex -175.142 33.8716 -2
      vertex -175.142 33.8716 2
      vertex -174 33.0718 -2
    endloop
  endfacet
  facet normal 0 0 1
    outer loop
      vertex -175.142 33.8716 2
      vertex -174 -33.0718 2
      vertex -174 33.0718 2
    endloop
  endfacet
  facet normal 0.573655 0.819097 0
    outer loop
      vertex -175.142 33.8716 2
      vertex -174 33.0718 2
      vertex -174 33.0718 -2
    endloop
  endfacet
  facet normal 0.573655 -0.819097 0
    outer loop
      vertex -175.142 46.1284 -2
      vertex -174 46.9282 -2
      vertex -174 46.9282 2
    endloop
  endfacet
  facet normal 0.573655 -0.819097 0
    outer loop
      vertex -175.142 46.1284 -2
      vertex -174 46.9282 2
      vertex -175.142 46.1284 2
    endloop
  endfacet
  facet normal 0.422552 0.906339 0
    outer loop
      vertex -174 -46.9282 -2
      vertex -174 -46.9282 2
      vertex -172.736 -47.5175 -2
    endloop
  endfacet
  facet normal 0.422552 0.906339 0
    outer loop
      vertex -174 -46.9282 2
      vertex -172.736 -47.5175 2
      vertex -172.736 -47.5175 -2
    endloop
  endfacet
  facet normal 0 0 -1
    outer loop
      vertex -174 -33.0718 -2
      vertex -174 33.0718 -2
      vertex -172.736 32.4825 -2
    endloop
  endfacet
  facet normal 0.422552 -0.906339 0
    outer loop
      vertex -174 -33.0718 -2
      vertex -172.736 -32.4825 -2
      vertex -172.736 -32.4825 2
    endloop
  endfacet
  facet normal 0.422552 -0.906339 0
    outer loop
      vertex -174 -33.0718 -2
      vertex -172.736 -32.4825 2
      vertex -174 -33.0718 2
    endloop
  endfacet
  facet normal 0 0 -1
    outer loop
      vertex -174 -33.0718 -2
      vertex -172.736 32.4825 -2
      vertex -172.736 -32.4825 -2
    endloop
  endfacet
  facet normal 0 0 1
    outer loop
      vertex -174 -33.0718 2
      vertex -172.736 -32.4825 2
      vertex -174 33.0718 2
    endloop
  endfacet
  facet normal 0.422552 0.906339 0
    outer loop
      vertex -174 33.0718 -2
      vertex -174 33.0718 2
      vertex -172.736 32.4825 -2
    endloop
  endfacet
  facet normal 0 0 1
    outer loop
      vertex -174 33.0718 2
      vertex -172.736 -32.4825 2
      vertex -172.736 32.4825 2
    endloop
  endfacet
  facet normal 0.422552 0.906339 0
    outer loop
      vertex -174 33.0718 2
      vertex -172.736 32.4825 2
      vertex -172.736 32.4825 -2
    endloop
  endfacet
  facet normal 0.422552 -0.906339 0
    outer loop
      vertex -174 46.9282 -2
      vertex -172.736 47.5175 -2
      vertex -172.736 47.5175 2
    endloop
  endfacet
  facet normal 0.422552 -0.906339 0
    outer loop
      vertex -174 46.9282 -2
      vertex -172.736 47.5175 2
      vertex -174 46.9282 2
    endloop
  endfacet
  facet normal 0.258868 0.965913 0
    outer loop
      vertex -172.736 -47.5175 -2
      vertex -172.736 -47.5175 2
      vertex -171.389 -47.8785 -2
    endloop
  endfacet
  facet normal 0.258868 0.965913 0
    outer loop
      vertex -172.736 -47.5175 2
      vertex -171.389 -47.8785 2
      vertex -171.389 -47.8785 -2
    endloop
  endfacet
  facet normal 0 0 -1
    outer loop
      vertex -172.736 -32.4825 -2
      vertex -172.736 32.4825 -2
      vertex -171.389 32.1215 -2
    endloop
  endfacet
  facet normal 0.258868 -0.965913 0
    outer loop
      vertex -172.736 -32.4825 -2
      vertex -171.389 -32.1215 -2
      vertex -171.389 -32.1215 2
    endloop
  endfacet
  facet normal 0.258868 -0.965913 0
    outer loop
      vertex -172.736 -32.4825 -2
      vertex -171.389 -32.1215 2
      vertex -172.736 -32.4825 2
    endloop
  endfacet
  facet normal 0 0 -1
    outer loop
      vertex -172.736 -32.4825 -2
      vertex -171.389 32.1215 -2
      vertex -171.389 -32.1215 -2
    endloop
  endfacet
  facet normal 0 0 1
    outer loop
      vertex -172.736 -32.4825 2
      vertex -171.389 -32.1215 2
      vertex -172.736 32.4825 2
    endloop
  endfacet
  facet normal 0.258868 0.965913 0
    outer loop
      vertex -172.736 32.4825 -2
      vertex -172.736 32.4825 2
      vertex -171.389 32.1215 -2
    endloop
  endfacet
  facet normal 0 0 1
    outer loop
      vertex -172.736 32.4825 2
      vertex -171.389 -32.1215 2
      vertex -171.389 32.1215 2
    endloop
  endfacet
  facet normal 0.258868 0.965913 0
    outer loop
      vertex -172.736 32.4825 2
      vertex -171.389 32.1215 2
      vertex -171.389 32.1215 -2
    endloop
  endfacet
  facet normal 0.258868 -0.965913 0
    outer loop
      vertex -172.736 47.5175 -2
      vertex -171.389 47.8785 -2
      vertex -171.389 47.8785 2
    endloop
  endfacet
  facet normal 0.258868 -0.965913 0
    outer loop
      vertex -172.736 47.5175 -2
      vertex -171.389 47.8785 2
      vertex -172.736 47.5175 2
    endloop
  endfacet
  facet normal 0.0871403 0.996196 0
    outer loop
      vertex -171.389 -47.8785 -2
      vertex -171.389 -47.8785 2
      vertex -170 -48 -2
    endloop
  endfacet
  facet normal 0.0871403 0.996196 0
    outer loop
      vertex -171.389 -47.8785 2
      vertex -170 -48 2
      vertex -170 -48 -2
    endloop
  endfacet
  facet normal 0 0 -1
    outer loop
      vertex -171.389 -32.1215 -2
      vertex -171.389 32.1215 -2
      vertex -170 32 -2
    endloop
  endfacet
  facet normal 0.0871403 -0.996196 0
    outer loop
      vertex -171.389 -32.1215 -2
      vertex -170 -32 -2
      vertex -170 -32 2
    endloop
  endfacet
  facet normal 0.0871403 -0.996196 0
    outer loop
      vertex -171.389 -32.1215 -2
      vertex -170 -32 2
      vertex -171.389 -32.1215 2
    endloop
  endfacet
  facet normal 0 0 -1
    outer loop
      vertex -171.389 -32.1215 -2
      vertex -170 32 -2
      vertex -170 -32 -2
    endloop
  endfacet
  facet normal 0 0 1
    outer loop
      vertex -171.389 -32.1215 2
      vertex -170 -32 2
      vertex -171.389 32.1215 2
    endloop
  endfacet
  facet normal 0.0871403 0.996196 0
    outer loop
      vertex -171.389 32.1215 -2
      vertex -171.389 32.1215 2
      vertex -170 32 -2
    endloop
  endfacet
  facet normal 0 0 1
    outer loop
      vertex -171.389 32.1215 2
      vertex -170 -32 2
      vertex -170 32 2
    endloop
  endfacet
  facet normal 0.0871403 0.996196 0
    outer loop
      vertex -171.389 32.1215 2
      vertex -170 32 2
      vertex -170 32 -2
    endloop
  endfacet
  facet normal 0.0871403 -0.996196 0
    outer loop
      vertex -171.389 47.8785 -2
      vertex -170 48 -2
      vertex -170 48 2
    endloop
  endfacet
  facet normal 0.0871403 -0.996196 0
    outer loop
      vertex -171.389 47.8785 -2
      vertex -170 48 2
      vertex -171.389 47.8785 2
    endloop
  endfacet
  facet normal -0.0871403 0.996196 0
    outer loop
      vertex -170 -48 -2
      vertex -170 -48 2
      vertex -168.611 -47.8785 -2
    endloop
  endfacet
  facet normal -0.0871403 0.996196 0
    outer loop
      vertex -170 -48 2
      vertex -168.611 -47.8785 2
      vertex -168.611 -47.8785 -2
    endloop
  endfacet
  facet normal 0 0 -1
    outer loop
      vertex -170 -32 -2
      vertex -170 32 -2
      vertex -168.611 32.1215 -2
    endloop
  endfacet
  facet normal -0.0871403 -0.996196 0
    outer loop
      vertex -170 -32 -2
      vertex -168.611 -32.1215 -2
      vertex -168.611 -32.1215 2
    endloop
  endfacet
  facet normal -0.0871403 -0.996196 0
    outer loop
      vertex -170 -32 -2
      vertex -168.611 -32.1215 2
      vertex -170 -32 2
    endloop
  endfacet
  facet normal 0 0 -1
    outer loop
      vertex -170 -32 -2
      vertex -168.611 32.1215 -2
      vertex -168.611 -32.1215 -2
    endloop
  endfacet
  facet normal 0 0 1
    outer loop
      vertex -170 -32 2
      vertex -168.611 -32.1215 2
      vertex -170 32 2
    endloop
  endfacet
  facet normal -0.0871403 0.996196 0
    outer loop
      vertex -170 32 -2
      vertex -170 32 2
      vertex -168.611 32.1215 -2
    endloop
  endfacet
  facet normal 0 0 1
    outer loop
      vertex -170 32 2
      vertex -168.611 -32.1215 2
      vertex -168.611 32.1215 2
    endloop
  endfacet
  facet normal -0.0871403 0.996196 0
    outer loop
      vertex -170 32 2
      vertex -168.611 32.1215 2
      vertex -168.611 32.1215 -2
    endloop
  endfacet
  facet normal -0.0871403 -0.996196 0
    outer loop
      vertex -170 48 -2
      vertex -168.611 47.8785 -2
      vertex -168.611 47.8785 2
    endloop
  endfacet
  facet normal -0.0871403 -0.996196 0
    outer loop
      vertex -170 48 -2
      vertex -168.611 47.8785 2
      vertex -170 48 2
    endloop
  endfacet
  facet normal -0.258868 0.965913 0
    outer loop
      vertex -168.611 -47.8785 -2
      vertex -168.611 -47.8785 2
      vertex -167.264 -47.5175 -2
    endloop
  endfacet
  facet normal 0 0 -1
    outer loop
      vertex -168.611 -47.8785 -2
      vertex -167.264 -47.5175 -2
      vertex -91.3892 -47.8785 -2
    endloop
  endfacet
  facet normal -0.258868 0.965913 0
    outer loop
      vertex -168.611 -47.8785 2
      vertex -167.264 -47.5175 2
      vertex -167.264 -47.5175 -2
    endloop
  endfacet
  facet normal 0 0 1
    outer loop
      vertex -168.611 -47.8785 2
      vertex -91.3892 -47.8785 2
      vertex -167.264 -47.5175 2
    endloop
  endfacet
  facet normal 0 0 -1
    outer loop
      vertex -168.611 -32.1215 -2
      vertex -168.611 32.1215 -2
      vertex -167.264 32.4825 -2
    endloop
  endfacet
  facet normal -0.258868 -0.965913 0
    outer loop
      vertex -168.611 -32.1215 -2
      vertex -167.264 -32.4825 -2
      vertex -167.264 -32.4825 2
    endloop
  endfacet
  facet normal -0.258868 -0.965913 0
    outer loop
      vertex -168.611 -32.1215 -2
      vertex -167.264 -32.4825 2
      vertex -168.611 -32.1215 2
    endloop
  endfacet
  facet normal 0 0 -1
    outer loop
      vertex -168.611 -32.1215 -2
      vertex -167.264 32.4825 -2
      vertex -167.264 -32.4825 -2
    endloop
  endfacet
  facet normal 0 0 1
    outer loop
      vertex -168.611 -32.1215 2
      vertex -167.264 -32.4825 2
      vertex -168.611 32.1215 2
    endloop
  endfacet
  facet normal -0.258868 0.965913 0
    outer loop
      vertex -168.611 32.1215 -2
      vertex -168.611 32.1215 2
      vertex -167.264 32.4825 -2
    endloop
  endfacet
  facet normal 0 0 1
    outer loop
      vertex -168.611 32.1215 2
      vertex -167.264 -32.4825 2
      vertex -167.264 32.4825 2
    endloop
  endfacet
  facet normal -0.258868 0.965913 0
    outer loop
      vertex -168.611 32.1215 2
      vertex -167.264 32.4825 2
      vertex -167.264 32.4825 -2
    endloop
  endfacet
  facet normal -0.258868 -0.965913 0
    outer loop
      vertex -168.611 47.8785 -2
      vertex -167.264 47.5175 -2
      vertex -167.264 47.5175 2
    endloop
  endfacet
  facet normal -0.258868 -0.965913 0
    outer loop
      vertex -168.611 47.8785 -2
      vertex -167.264 47.5175 2
      vertex -168.611 47.8785 2
    endloop
  endfacet
  facet normal 0 0 -1
    outer loop
      vertex -168.611 47.8785 -2
      vertex -91.3892 47.8785 -2
      vertex -167.264 47.5175 -2
    endloop
  endfacet
  facet normal 0 0 1
    outer loop
      vertex -168.611 47.8785 2
      vertex -167.264 47.5175 2
      vertex -91.3892 47.8785 2
    endloop
  endfacet
  facet normal -0.422552 0.906339 0
    outer loop
      vertex -167.264 -47.5175 -2
      vertex -167.264 -47.5175 2
      vertex -166 -46.9282 -2
    endloop
  endfacet
  facet normal 0 0 -1
    outer loop
      vertex -167.264 -47.5175 -2
      vertex -166 -46.9282 -2
      vertex -92.7362 -47.5175 -2
    endloop
  endfacet
  facet normal 0 0 -1
    outer loop
      vertex -167.264 -47.5175 -2
      vertex -92.7362 -47.5175 -2
      vertex -91.3892 -47.8785 -2
    endloop
  endfacet
  facet normal -0.422552 0.906339 0
    outer loop
      vertex -167.264 -47.5175 2
      vertex -166 -46.9282 2
      vertex -166 -46.9282 -2
    endloop
  endfacet
  facet normal 0 0 1
    outer loop
      vertex -167.264 -47.5175 2
      vertex -92.7362 -47.5175 2
      vertex -166 -46.9282 2
    endloop
  endfacet
  facet normal 0 0 1
    outer loop
      vertex -167.264 -47.5175 2
      vertex -91.3892 -47.8785 2
      vertex -92.7362 -47.5175 2
    endloop
  endfacet
  facet normal 0 0 -1
    outer loop
      vertex -167.264 -32.4825 -2
      vertex -167.264 32.4825 -2
      vertex -166 33.0718 -2
    endloop
  endfacet
  facet normal -0.422552 -0.906339 0
    outer loop
      vertex -167.264 -32.4825 -2
      vertex -166 -33.0718 -2
      vertex -166 -33.0718 2
    endloop
  endfacet
  facet normal -0.422552 -0.906339 0
    outer loop
      vertex -167.264 -32.4825 -2
      vertex -166 -33.0718 2
      vertex -167.264 -32.4825 2
    endloop
  endfacet
  facet normal 0 0 -1
    outer loop
      vertex -167.264 -32.4825 -2
      vertex -166 33.0718 -2
      vertex -166 -33.0718 -2
    endloop
  endfacet
  facet normal 0 0 1
    outer loop
      vertex -167.264 -32.4825 2
      vertex -166 -33.0718 2
      vertex -167.264 32.4825 2
    endloop
  endfacet
  facet normal -0.422552 0.906339 0
    outer loop
      vertex -167.264 32.4825 -2
      vertex -167.264 32.4825 2
      vertex -166 33.0718 -2
    endloop
  endfacet
  facet normal 0 0 1
    outer loop
      vertex -167.264 32.4825 2
      vertex -166 -33.0718 2
      vertex -166 33.0718 2
    endloop
  endfacet
  facet normal -0.422552 0.906339 0
    outer loop
      vertex -167.264 32.4825 2
      vertex -166 33.0718 2
      vertex -166 33.0718 -2
    endloop
  endfacet
  facet normal -0.422552 -0.906339 0
    outer loop
      vertex -167.264 47.5175 -2
      vertex -166 46.9282 -2
      vertex -166 46.9282 2
    endloop
  endfacet
  facet normal -0.422552 -0.906339 0
    outer loop
      vertex -167.264 47.5175 -2
      vertex -166 46.9282 2
      vertex -167.264 47.5175 2
    endloop
  endfacet
  facet normal 0 0 -1
    outer loop
      vertex -167.264 47.5175 -2
      vertex -92.7362 47.5175 -2
      vertex -166 46.9282 -2
    endloop
  endfacet
  facet normal 0 0 -1
    outer loop
      vertex -167.264 47.5175 -2
      vertex -91.3892 47.8785 -2
      vertex -92.7362 47.5175 -2
    endloop
  endfacet
  facet normal 0 0 1
    outer loop
      vertex -167.264 47.5175 2
      vertex -166 46.9282 2
      vertex -92.7362 47.5175 2
    endloop
  endfacet
  facet normal 0 0 1
    outer loop
      vertex -167.264 47.5175 2
      vertex -92.7362 47.5175 2
      vertex -91.3892 47.8785 2
    endloop
  endfacet
  facet normal -0.573655 0.819097 0
    outer loop
      vertex -166 -46.9282 -2
      vertex -166 -46.9282 2
      vertex -164.858 -46.1284 -2
    endloop
  endfacet
  facet normal 0 0 -1
    outer loop
      vertex -166 -46.9282 -2
      vertex -164.858 -46.1284 -2
      vertex -94 -46.9282 -2
    endloop
  endfacet
  facet normal 0 0 -1
    outer loop
      vertex -166 -46.9282 -2
      vertex -94 -46.9282 -2
      vertex -92.7362 -47.5175 -2
    endloop
  endfacet
  facet normal -0.573655 0.819097 0
    outer loop
      vertex -166 -46.9282 2
      vertex -164.858 -46.1284 2
      vertex -164.858 -46.1284 -2
    endloop
  endfacet
  facet normal 0 0 1
    outer loop
      vertex -166 -46.9282 2
      vertex -94 -46.9282 2
      vertex -164.858 -46.1284 2
    endloop
  endfacet
  facet normal 0 0 1
    outer loop
      vertex -166 -46.9282 2
      vertex -92.7362 -47.5175 2
      vertex -94 -46.9282 2
    endloop
  endfacet
  facet normal 0 0 -1
    outer loop
      vertex -166 -33.0718 -2
      vertex -166 33.0718 -2
      vertex -164.858 33.8716 -2
    endloop
  endfacet
  facet normal -0.573655 -0.819097 0
    outer loop
      vertex -166 -33.0718 -2
      vertex -164.858 -33.8716 -2
      vertex -164.858 -33.8716 2
    endloop
  endfacet
  facet normal -0.573655 -0.819097 0
    outer loop
      vertex -166 -33.0718 -2
      vertex -164.858 -33.8716 2
      vertex -166 -33.0718 2
    endloop
  endfacet
  facet normal 0 0 -1
    outer loop
      vertex -166 -33.0718 -2
      vertex -164.858 33.8716 -2
      vertex -164.858 -33.8716 -2
    endloop
  endfacet
  facet normal 0 0 1
    outer loop
      vertex -166 -33.0718 2
      vertex -164.858 -33.8716 2
      vertex -166 33.0718 2
    endloop
  endfacet
  facet normal -0.573655 0.819097 0
    outer loop
      vertex -166 33.0718 -2
      vertex -166 33.0718 2
      vertex -164.858 33.8716 -2
    endloop
  endfacet
  facet normal 0 0 1
    outer loop
      vertex -166 33.0718 2
      vertex -164.858 -33.8716 2
      vertex -164.858 33.8716 2
    endloop
  endfacet
  facet normal -0.573655 0.819097 0
    outer loop
      vertex -166 33.0718 2
      vertex -164.858 33.8716 2
      vertex -164.858 33.8716 -2
    endloop
  endfacet
  facet normal -0.573655 -0.819097 0
    outer loop
      vertex -166 46.9282 -2
      vertex -164.858 46.1284 -2
      vertex -164.858 46.1284 2
    endloop
  endfacet
  facet normal -0.573655 -0.819097 0
    outer loop
      vertex -166 46.9282 -2
      vertex -164.858 46.1284 2
      vertex -166 46.9282 2
    endloop
  endfacet
  facet normal 0 0 -1
    outer loop
      vertex -166 46.9282 -2
      vertex -94 46.9282 -2
      vertex -164.858 46.1284 -2
    endloop
  endfacet
  facet normal 0 0 -1
    outer loop
      vertex -166 46.9282 -2
      vertex -92.7362 47.5175 -2
      vertex -94 46.9282 -2
    endloop
  endfacet
  facet normal 0 0 1
    outer loop
      vertex -166 46.9282 2
      vertex -164.858 46.1284 2
      vertex -94 46.9282 2
    endloop
  endfacet
  facet normal 0 0 1
    outer loop
      vertex -166 46.9282 2
      vertex -94 46.9282 2
      vertex -92.7362 47.5175 2
    endloop
  endfacet
  facet normal -0.707143 0.707071 0
    outer loop
      vertex -164.858 -46.1284 -2
      vertex -164.858 -46.1284 2
      vertex -163.872 -45.1423 2
    endloop
  endfacet
  facet normal 0 0 -1
    outer loop
      vertex -164.858 -46.1284 -2
      vertex -163.872 -45.1423 -2
      vertex -95.1423 -46.1284 -2
    endloop
  endfacet
  facet normal -0.707143 0.707071 0
    outer loop
      vertex -164.858 -46.1284 -2
      vertex -163.872 -45.1423 2
      vertex -163.872 -45.1423 -2
    endloop
  endfacet
  facet normal 0 0 -1
    outer loop
      vertex -164.858 -46.1284 -2
      vertex -95.1423 -46.1284 -2
      vertex -94 -46.9282 -2
    endloop
  endfacet
  facet normal 0 0 1
    outer loop
      vertex -164.858 -46.1284 2
      vertex -95.1423 -46.1284 2
      vertex -163.872 -45.1423 2
    endloop
  endfacet
  facet normal 0 0 1
    outer loop
      vertex -164.858 -46.1284 2
      vertex -94 -46.9282 2
      vertex -95.1423 -46.1284 2
    endloop
  endfacet
  facet normal 0 0 -1
    outer loop
      vertex -164.858 -33.8716 -2
      vertex -164.858 33.8716 -2
      vertex -163.872 34.8577 -2
    endloop
  endfacet
  facet normal -0.707143 -0.707071 0
    outer loop
      vertex -164.858 -33.8716 -2
      vertex -163.872 -34.8577 -2
      vertex -164.858 -33.8716 2
    endloop
  endfacet
  facet normal 0 0 -1
    outer loop
      vertex -164.858 -33.8716 -2
      vertex -163.872 34.8577 -2
      vertex -163.872 -34.8577 -2
    endloop
  endfacet
  facet normal -0.707143 -0.707071 0
    outer loop
      vertex -164.858 -33.8716 2
      vertex -163.872 -34.8577 -2
      vertex -163.872 -34.8577 2
    endloop
  endfacet
  facet normal 0 0 1
    outer loop
      vertex -164.858 -33.8716 2
      vertex -163.872 -34.8577 2
      vertex -164.858 33.8716 2
    endloop
  endfacet
  facet normal -0.707143 0.707071 0
    outer loop
      vertex -164.858 33.8716 -2
      vertex -164.858 33.8716 2
      vertex -163.872 34.8577 2
    endloop
  endfacet
  facet normal -0.707143 0.707071 0
    outer loop
      vertex -164.858 33.8716 -2
      vertex -163.872 34.8577 2
      vertex -163.872 34.8577 -2
    endloop
  endfacet
  facet normal 0 0 1
    outer loop
      vertex -164.858 33.8716 2
      vertex -163.872 -34.8577 2
      vertex -163.872 34.8577 2
    endloop
  endfacet
  facet normal -0.707143 -0.707071 0
    outer loop
      vertex -164.858 46.1284 -2
      vertex -163.872 45.1423 -2
      vertex -164.858 46.1284 2
    endloop
  endfacet
  facet normal 0 0 -1
    outer loop
      vertex -164.858 46.1284 -2
      vertex -95.1423 46.1284 -2
      vertex -163.872 45.1423 -2
    endloop
  endfacet
  facet normal 0 0 -1
    outer loop
      vertex -164.858 46.1284 -2
      vertex -94 46.9282 -2
      vertex -95.1423 46.1284 -2
    endloop
  endfacet
  facet normal -0.707143 -0.707071 0
    outer loop
      vertex -164.858 46.1284 2
      vertex -163.872 45.1423 -2
      vertex -163.872 45.1423 2
    endloop
  endfacet
  facet normal 0 0 1
    outer loop
      vertex -164.858 46.1284 2
      vertex -163.872 45.1423 2
      vertex -95.1423 46.1284 2
    endloop
  endfacet
  facet normal 0 0 1
    outer loop
      vertex -164.858 46.1284 2
      vertex -95.1423 46.1284 2
      vertex -94 46.9282 2
    endloop
  endfacet
  facet normal -0.819101 0.57365 0
    outer loop
      vertex -163.872 -45.1423 -2
      vertex -163.872 -45.1423 2
      vertex -163.072 -44 2
    endloop
  endfacet
  facet normal 0 0 -1
    outer loop
      vertex -163.872 -45.1423 -2
      vertex -163.072 -44 -2
      vertex -96.1284 -45.1423 -2
    endloop
  endfacet
  facet normal -0.819101 0.57365 0
    outer loop
      vertex -163.872 -45.1423 -2
      vertex -163.072 -44 2
      vertex -163.072 -44 -2
    endloop
  endfacet
  facet normal 0 0 -1
    outer loop
      vertex -163.872 -45.1423 -2
      vertex -96.1284 -45.1423 -2
      vertex -95.1423 -46.1284 -2
    endloop
  endfacet
  facet normal 0 0 1
    outer loop
      vertex -163.872 -45.1423 2
      vertex -96.1284 -45.1423 2
      vertex -163.072 -44 2
    endloop
  endfacet
  facet normal 0 0 1
    outer loop
      vertex -163.872 -45.1423 2
      vertex -95.1423 -46.1284 2
      vertex -96.1284 -45.1423 2
    endloop
  endfacet
  facet normal 0 0 -1
    outer loop
      vertex -163.872 -34.8577 -2
      vertex -163.872 34.8577 -2
      vertex -96.1284 34.8577 -2
    endloop
  endfacet
  facet normal -0.819101 -0.57365 0
    outer loop
      vertex -163.872 -34.8577 -2
      vertex -163.072 -36 -2
      vertex -163.872 -34.8577 2
    endloop
  endfacet
  facet normal 0 0 -1
    outer loop
      vertex -163.872 -34.8577 -2
      vertex -96.1284 -34.8577 -2
      vertex -163.072 -36 -2
    endloop
  endfacet
  facet normal 0 0 -1
    outer loop
      vertex -163.872 -34.8577 -2
      vertex -96.1284 34.8577 -2
      vertex -96.1284 -34.8577 -2
    endloop
  endfacet
  facet normal -0.819101 -0.57365 0
    outer loop
      vertex -163.872 -34.8577 2
      vertex -163.072 -36 -2
      vertex -163.072 -36 2
    endloop
  endfacet
  facet normal 0 0 1
    outer loop
      vertex -163.872 -34.8577 2
      vertex -163.072 -36 2
      vertex -96.1284 -34.8577 2
    endloop
  endfacet
  facet normal 0 0 1
    outer loop
      vertex -163.872 -34.8577 2
      vertex -96.1284 -34.8577 2
      vertex -163.872 34.8577 2
    endloop
  endfacet
  facet normal -0.819101 0.57365 0
    outer loop
      vertex -163.872 34.8577 -2
      vertex -163.872 34.8577 2
      vertex -163.072 36 2
    endloop
  endfacet
  facet normal 0 0 -1
    outer loop
      vertex -163.872 34.8577 -2
      vertex -163.072 36 -2
      vertex -96.1284 34.8577 -2
    endloop
  endfacet
  facet normal -0.819101 0.57365 0
    outer loop
      vertex -163.872 34.8577 -2
      vertex -163.072 36 2
      vertex -163.072 36 -2
    endloop
  endfacet
  facet normal 0 0 1
    outer loop
      vertex -163.872 34.8577 2
      vertex -96.1284 -34.8577 2
      vertex -96.1284 34.8577 2
    endloop
  endfacet
  facet normal 0 0 1
    outer loop
      vertex -163.872 34.8577 2
      vertex -96.1284 34.8577 2
      vertex -163.072 36 2
    endloop
  endfacet
  facet normal -0.819101 -0.57365 0
    outer loop
      vertex -163.872 45.1423 -2
      vertex -163.072 44 -2
      vertex -163.872 45.1423 2
    endloop
  endfacet
  facet normal 0 0 -1
    outer loop
      vertex -163.872 45.1423 -2
      vertex -96.1284 45.1423 -2
      vertex -163.072 44 -2
    endloop
  endfacet
  facet normal 0 0 -1
    outer loop
      vertex -163.872 45.1423 -2
      vertex -95.1423 46.1284 -2
      vertex -96.1284 45.1423 -2
    endloop
  endfacet
  facet normal -0.819101 -0.57365 0
    outer loop
      vertex -163.872 45.1423 2
      vertex -163.072 44 -2
      vertex -163.072 44 2
    endloop
  endfacet
  facet normal 0 0 1
    outer loop
      vertex -163.872 45.1423 2
      vertex -163.072 44 2
      vertex -96.1284 45.1423 2
    endloop
  endfacet
  facet normal 0 0 1
    outer loop
      vertex -163.872 45.1423 2
      vertex -96.1284 45.1423 2
      vertex -95.1423 46.1284 2
    endloop
  endfacet
  facet normal -0.906121 0.423019 0
    outer loop
      vertex -163.072 -44 -2
      vertex -163.072 -44 2
      vertex -162.482 -42.7362 2
    endloop
  endfacet
  facet normal 0 0 -1
    outer loop
      vertex -163.072 -44 -2
      vertex -162.482 -42.7362 -2
      vertex -96.9282 -44 -2
    endloop
  endfacet
  facet normal -0.906121 0.423019 0
    outer loop
      vertex -163.072 -44 -2
      vertex -162.482 -42.7362 2
      vertex -162.482 -42.7362 -2
    endloop
  endfacet
  facet normal 0 0 -1
    outer loop
      vertex -163.072 -44 -2
      vertex -96.9282 -44 -2
      vertex -96.1284 -45.1423 -2
    endloop
  endfacet
  facet normal 0 0 1
    outer loop
      vertex -163.072 -44 2
      vertex -96.9282 -44 2
      vertex -162.482 -42.7362 2
    endloop
  endfacet
  facet normal 0 0 1
    outer loop
      vertex -163.072 -44 2
      vertex -96.1284 -45.1423 2
      vertex -96.9282 -44 2
    endloop
  endfacet
  facet normal -0.906121 -0.423019 0
    outer loop
      vertex -163.072 -36 -2
      vertex -162.482 -37.2638 -2
      vertex -163.072 -36 2
    endloop
  endfacet
  facet normal 0 0 -1
    outer loop
      vertex -163.072 -36 -2
      vertex -96.9282 -36 -2
      vertex -162.482 -37.2638 -2
    endloop
  endfacet
  facet normal 0 0 -1
    outer loop
      vertex -163.072 -36 -2
      vertex -96.1284 -34.8577 -2
      vertex -96.9282 -36 -2
    endloop
  endfacet
  facet normal -0.906121 -0.423019 0
    outer loop
      vertex -163.072 -36 2
      vertex -162.482 -37.2638 -2
      vertex -162.482 -37.2638 2
    endloop
  endfacet
  facet normal 0 0 1
    outer loop
      vertex -163.072 -36 2
      vertex -162.482 -37.2638 2
      vertex -96.1284 -34.8577 2
    endloop
  endfacet
  facet normal -0.906121 0.423019 0
    outer loop
      vertex -163.072 36 -2
      vertex -163.072 36 2
      vertex -162.482 37.2638 2
    endloop
  endfacet
  facet normal 0 0 -1
    outer loop
      vertex -163.072 36 -2
      vertex -162.482 37.2638 -2
      vertex -96.1284 34.8577 -2
    endloop
  endfacet
  facet normal -0.906121 0.423019 0
    outer loop
      vertex -163.072 36 -2
      vertex -162.482 37.2638 2
      vertex -162.482 37.2638 -2
    endloop
  endfacet
  facet normal 0 0 1
    outer loop
      vertex -163.072 36 2
      vertex -96.9282 36 2
      vertex -162.482 37.2638 2
    endloop
  endfacet
  facet normal 0 0 1
    outer loop
      vertex -163.072 36 2
      vertex -96.1284 34.8577 2
      vertex -96.9282 36 2
    endloop
  endfacet
  facet normal -0.906121 -0.423019 0
    outer loop
      vertex -163.072 44 -2
      vertex -162.482 42.7362 -2
      vertex -163.072 44 2
    endloop
  endfacet
  facet normal 0 0 -1
    outer loop
      vertex -163.072 44 -2
      vertex -96.9282 44 -2
      vertex -162.482 42.7362 -2
    endloop
  endfacet
  facet normal 0 0 -1
    outer loop
      vertex -163.072 44 -2
      vertex -96.1284 45.1423 -2
      vertex -96.9282 44 -2
    endloop
  endfacet
  facet normal -0.906121 -0.423019 0
    outer loop
      vertex -163.072 44 2
      vertex -162.482 42.7362 -2
      vertex -162.482 42.7362 2
    endloop
  endfacet
  facet normal 0 0 1
    outer loop
      vertex -163.072 44 2
      vertex -162.482 42.7362 2
      vertex -96.9282 44 2
    endloop
  endfacet
  facet normal 0 0 1
    outer loop
      vertex -163.072 44 2
      vertex -96.9282 44 2
      vertex -96.1284 45.1423 2
    endloop
  endfacet
  facet normal -0.966092 0.258198 0
    outer loop
      vertex -162.482 -42.7362 -2
      vertex -162.482 -42.7362 2
      vertex -162.122 -41.3892 2
    endloop
  endfacet
  facet normal 0 0 -1
    outer loop
      vertex -162.482 -42.7362 -2
      vertex -162.122 -41.3892 -2
      vertex -97.5175 -42.7362 -2
    endloop
  endfacet
  facet normal -0.966092 0.258198 0
    outer loop
      vertex -162.482 -42.7362 -2
      vertex -162.122 -41.3892 2
      vertex -162.122 -41.3892 -2
    endloop
  endfacet
  facet normal 0 0 -1
    outer loop
      vertex -162.482 -42.7362 -2
      vertex -97.5175 -42.7362 -2
      vertex -96.9282 -44 -2
    endloop
  endfacet
  facet normal 0 0 1
    outer loop
      vertex -162.482 -42.7362 2
      vertex -97.5175 -42.7362 2
      vertex -162.122 -41.3892 2
    endloop
  endfacet
  facet normal 0 0 1
    outer loop
      vertex -162.482 -42.7362 2
      vertex -96.9282 -44 2
      vertex -97.5175 -42.7362 2
    endloop
  endfacet
  facet normal -0.966092 -0.258198 0
    outer loop
      vertex -162.482 -37.2638 -2
      vertex -162.122 -38.6108 -2
      vertex -162.482 -37.2638 2
    endloop
  endfacet
  facet normal 0 0 -1
    outer loop
      vertex -162.482 -37.2638 -2
      vertex -97.5175 -37.2638 -2
      vertex -162.122 -38.6108 -2
    endloop
  endfacet
  facet normal 0 0 -1
    outer loop
      vertex -162.482 -37.2638 -2
      vertex -96.9282 -36 -2
      vertex -97.5175 -37.2638 -2
    endloop
  endfacet
  facet normal -0.966092 -0.258198 0
    outer loop
      vertex -162.482 -37.2638 2
      vertex -162.122 -38.6108 -2
      vertex -162.122 -38.6108 2
    endloop
  endfacet
  facet normal 0 0 1
    outer loop
      vertex -162.482 -37.2638 2
      vertex -162.122 -38.6108 2
      vertex -96.1284 -34.8577 2
    endloop
  endfacet
  facet normal -0.966092 0.258198 0
    outer loop
      vertex -162.482 37.2638 -2
      vertex -162.482 37.2638 2
      vertex -162.122 38.6108 2
    endloop
  endfacet
  facet normal 0 0 -1
    outer loop
      vertex -162.482 37.2638 -2
      vertex -162.122 38.6108 -2
      vertex -96.1284 34.8577 -2
    endloop
  endfacet
  facet normal -0.966092 0.258198 0
    outer loop
      vertex -162.482 37.2638 -2
      vertex -162.122 38.6108 2
      vertex -162.122 38.6108 -2
    endloop
  endfacet
  facet normal 0 0 1
    outer loop
      vertex -162.482 37.2638 2
      vertex -97.5175 37.2638 2
      vertex -162.122 38.6108 2
    endloop
  endfacet
  facet normal 0 0 1
    outer loop
      vertex -162.482 37.2638 2
      vertex -96.9282 36 2
      vertex -97.5175 37.2638 2
    endloop
  endfacet
  facet normal -0.966092 -0.258198 0
    outer loop
      vertex -162.482 42.7362 -2
      vertex -162.122 41.3892 -2
      vertex -162.482 42.7362 2
    endloop
  endfacet
  facet normal 0 0 -1
    outer loop
      vertex -162.482 42.7362 -2
      vertex -97.5175 42.7362 -2
      vertex -162.122 41.3892 -2
    endloop
  endfacet
  facet normal 0 0 -1
    outer loop
      vertex -162.482 42.7362 -2
      vertex -96.9282 44 -2
      vertex -97.5175 42.7362 -2
    endloop
  endfacet
  facet normal -0.966092 -0.258198 0
    outer loop
      vertex -162.482 42.7362 2
      vertex -162.122 41.3892 -2
      vertex -162.122 41.3892 2
    endloop
  endfacet
  facet normal 0 0 1
    outer loop
      vertex -162.482 42.7362 2
      vertex -162.122 41.3892 2
      vertex -97.5175 42.7362 2
    endloop
  endfacet
  facet normal 0 0 1
    outer loop
      vertex -162.482 42.7362 2
      vertex -97.5175 42.7362 2
      vertex -96.9282 44 2
    endloop
  endfacet
  facet normal -0.996166 0.0874836 0
    outer loop
      vertex -162.122 -41.3892 -2
      vertex -162.122 -41.3892 2
      vertex -162 -40 2
    endloop
  endfacet
  facet normal 0 0 -1
    outer loop
      vertex -162.122 -41.3892 -2
      vertex -162 -40 -2
      vertex -97.8785 -41.3892 -2
    endloop
  endfacet
  facet normal -0.996166 0.0874836 0
    outer loop
      vertex -162.122 -41.3892 -2
      vertex -162 -40 2
      vertex -162 -40 -2
    endloop
  endfacet
  facet normal 0 0 -1
    outer loop
      vertex -162.122 -41.3892 -2
      vertex -97.8785 -41.3892 -2
      vertex -97.5175 -42.7362 -2
    endloop
  endfacet
  facet normal 0 0 1
    outer loop
      vertex -162.122 -41.3892 2
      vertex -97.8785 -41.3892 2
      vertex -162 -40 2
    endloop
  endfacet
  facet normal 0 0 1
    outer loop
      vertex -162.122 -41.3892 2
      vertex -97.5175 -42.7362 2
      vertex -97.8785 -41.3892 2
    endloop
  endfacet
  facet normal -0.996166 -0.0874836 0
    outer loop
      vertex -162.122 -38.6108 -2
      vertex -162 -40 -2
      vertex -162.122 -38.6108 2
    endloop
  endfacet
  facet normal 0 0 -1
    outer loop
      vertex -162.122 -38.6108 -2
      vertex -97.8785 -38.6108 -2
      vertex -162 -40 -2
    endloop
  endfacet
  facet normal 0 0 -1
    outer loop
      vertex -162.122 -38.6108 -2
      vertex -97.5175 -37.2638 -2
      vertex -97.8785 -38.6108 -2
    endloop
  endfacet
  facet normal -0.996166 -0.0874836 0
    outer loop
      vertex -162.122 -38.6108 2
      vertex -162 -40 -2
      vertex -162 -40 2
    endloop
  endfacet
  facet normal 0 0 1
    outer loop
      vertex -162.122 -38.6108 2
      vertex -162 -40 2
      vertex -96.1284 -34.8577 2
    endloop
  endfacet
  facet normal -0.996166 0.0874836 0
    outer loop
      vertex -162.122 38.6108 -2
      vertex -162.122 38.6108 2
      vertex -162 40 2
    endloop
  endfacet
  facet normal 0 0 -1
    outer loop
      vertex -162.122 38.6108 -2
      vertex -162 40 -2
      vertex -96.1284 34.8577 -2
    endloop
  endfacet
  facet normal -0.996166 0.0874836 0
    outer loop
      vertex -162.122 38.6108 -2
      vertex -162 40 2
      vertex -162 40 -2
    endloop
  endfacet
  facet normal 0 0 1
    outer loop
      vertex -162.122 38.6108 2
      vertex -97.8785 38.6108 2
      vertex -162 40 2
    endloop
  endfacet
  facet normal 0 0 1
    outer loop
      vertex -162.122 38.6108 2
      vertex -97.5175 37.2638 2
      vertex -97.8785 38.6108 2
    endloop
  endfacet
  facet normal -0.996166 -0.0874836 0
    outer loop
      vertex -162.122 41.3892 -2
      vertex -162 40 -2
      vertex -162.122 41.3892 2
    endloop
  endfacet
  facet normal 0 0 -1
    outer loop
      vertex -162.122 41.3892 -2
      vertex -97.8785 41.3892 -2
      vertex -162 40 -2
    endloop
  endfacet
  facet normal 0 0 -1
    outer loop
      vertex -162.122 41.3892 -2
      vertex -97.5175 42.7362 -2
      vertex -97.8785 41.3892 -2
    endloop
  endfacet
  facet normal -0.996166 -0.0874836 0
    outer loop
      vertex -162.122 41.3892 2
      vertex -162 40 -2
      vertex -162 40 2
    endloop
  endfacet
  facet normal 0 0 1
    outer loop
      vertex -162.122 41.3892 2
      vertex -162 40 2
      vertex -97.8785 41.3892 2
    endloop
  endfacet
  facet normal 0 0 1
    outer loop
      vertex -162.122 41.3892 2
      vertex -97.8785 41.3892 2
      vertex -97.5175 42.7362 2
    endloop
  endfacet
  facet normal 0 0 -1
    outer loop
      vertex -162 -40 -2
      vertex -98 -40 -2
      vertex -97.8785 -41.3892 -2
    endloop
  endfacet
  facet normal 0 0 -1
    outer loop
      vertex -162 -40 -2
      vertex -97.8785 -38.6108 -2
      vertex -98 -40 -2
    endloop
  endfacet
  facet normal 0 0 1
    outer loop
      vertex -162 -40 2
      vertex -98 -40 2
      vertex -97.8785 -38.6108 2
    endloop
  endfacet
  facet normal 0 0 1
    outer loop
      vertex -162 -40 2
      vertex -97.8785 -41.3892 2
      vertex -98 -40 2
    endloop
  endfacet
  facet normal 0 0 1
    outer loop
      vertex -162 -40 2
      vertex -97.8785 -38.6108 2
      vertex -97.5175 -37.2638 2
    endloop
  endfacet
  facet normal 0 0 1
    outer loop
      vertex -162 -40 2
      vertex -97.5175 -37.2638 2
      vertex -96.9282 -36 2
    endloop
  endfacet
  facet normal 0 0 1
    outer loop
      vertex -162 -40 2
      vertex -96.9282 -36 2
      vertex -96.1284 -34.8577 2
    endloop
  endfacet
  facet normal 0 0 -1
    outer loop
      vertex -162 40 -2
      vertex -98 40 -2
      vertex -97.8785 38.6108 -2
    endloop
  endfacet
  facet normal 0 0 -1
    outer loop
      vertex -162 40 -2
      vertex -97.8785 38.6108 -2
      vertex -97.5175 37.2638 -2
    endloop
  endfacet
  facet normal 0 0 -1
    outer loop
      vertex -162 40 -2
      vertex -97.8785 41.3892 -2
      vertex -98 40 -2
    endloop
  endfacet
  facet normal 0 0 -1
    outer loop
      vertex -162 40 -2
      vertex -97.5175 37.2638 -2
      vertex -96.9282 36 -2
    endloop
  endfacet
  facet normal 0 0 -1
    outer loop
      vertex -162 40 -2
      vertex -96.9282 36 -2
      vertex -96.1284 34.8577 -2
    endloop
  endfacet
  facet normal 0 0 1
    outer loop
      vertex -162 40 2
      vertex -98 40 2
      vertex -97.8785 41.3892 2
    endloop
  endfacet
  facet normal 0 0 1
    outer loop
      vertex -162 40 2
      vertex -97.8785 38.6108 2
      vertex -98 40 2
    endloop
  endfacet
  facet normal 0.996197 0.0871278 0
    outer loop
      vertex -98 -40 -2
      vertex -98 -40 2
      vertex -97.8785 -41.3892 2
    endloop
  endfacet
  facet normal 0.996197 0.0871278 0
    outer loop
      vertex -98 -40 -2
      vertex -97.8785 -41.3892 2
      vertex -97.8785 -41.3892 -2
    endloop
  endfacet
  facet normal 0.996197 -0.0871278 0
    outer loop
      vertex -98 -40 -2
      vertex -97.8785 -38.6108 -2
      vertex -98 -40 2
    endloop
  endfacet
  facet normal 0.996197 -0.0871278 0
    outer loop
      vertex -98 -40 2
      vertex -97.8785 -38.6108 -2
      vertex -97.8785 -38.6108 2
    endloop
  endfacet
  facet normal 0.996197 0.0871278 0
    outer loop
      vertex -98 40 -2
      vertex -98 40 2
      vertex -97.8785 38.6108 2
    endloop
  endfacet
  facet normal 0.996197 0.0871278 0
    outer loop
      vertex -98 40 -2
      vertex -97.8785 38.6108 2
      vertex -97.8785 38.6108 -2
    endloop
  endfacet
  facet normal 0.996197 -0.0871278 0
    outer loop
      vertex -98 40 -2
      vertex -97.8785 41.3892 -2
      vertex -98 40 2
    endloop
  endfacet
  facet normal 0.996197 -0.0871278 0
    outer loop
      vertex -98 40 2
      vertex -97.8785 41.3892 -2
      vertex -97.8785 41.3892 2
    endloop
  endfacet
  facet normal 0.965913 0.258868 0
    outer loop
      vertex -97.8785 -41.3892 -2
      vertex -97.8785 -41.3892 2
      vertex -97.5175 -42.7362 2
    endloop
  endfacet
  facet normal 0.965913 0.258868 0
    outer loop
      vertex -97.8785 -41.3892 -2
      vertex -97.5175 -42.7362 2
      vertex -97.5175 -42.7362 -2
    endloop
  endfacet
  facet normal 0.965913 -0.258868 0
    outer loop
      vertex -97.8785 -38.6108 -2
      vertex -97.5175 -37.2638 -2
      vertex -97.8785 -38.6108 2
    endloop
  endfacet
  facet normal 0.965913 -0.258868 0
    outer loop
      vertex -97.8785 -38.6108 2
      vertex -97.5175 -37.2638 -2
      vertex -97.5175 -37.2638 2
    endloop
  endfacet
  facet normal 0.965913 0.258868 0
    outer loop
      vertex -97.8785 38.6108 -2
      vertex -97.8785 38.6108 2
      vertex -97.5175 37.2638 2
    endloop
  endfacet
  facet normal 0.965913 0.258868 0
    outer loop
      vertex -97.8785 38.6108 -2
      vertex -97.5175 37.2638 2
      vertex -97.5175 37.2638 -2
    endloop
  endfacet
  facet normal 0.965913 -0.258868 0
    outer loop
      vertex -97.8785 41.3892 -2
      vertex -97.5175 42.7362 -2
      vertex -97.8785 41.3892 2
    endloop
  endfacet
  facet normal 0.965913 -0.258868 0
    outer loop
      vertex -97.8785 41.3892 2
      vertex -97.5175 42.7362 -2
      vertex -97.5175 42.7362 2
    endloop
  endfacet
  facet normal 0.906313 0.422607 0
    outer loop
      vertex -97.5175 -42.7362 -2
      vertex -97.5175 -42.7362 2
      vertex -96.9282 -44 2
    endloop
  endfacet
  facet normal 0.906313 0.422607 0
    outer loop
      vertex -97.5175 -42.7362 -2
      vertex -96.9282 -44 2
      vertex -96.9282 -44 -2
    endloop
  endfacet
  facet normal 0.906313 -0.422607 0
    outer loop
      vertex -97.5175 -37.2638 -2
      vertex -96.9282 -36 -2
      vertex -97.5175 -37.2638 2
    endloop
  endfacet
  facet normal 0.906313 -0.422607 0
    outer loop
      vertex -97.5175 -37.2638 2
      vertex -96.9282 -36 -2
      vertex -96.9282 -36 2
    endloop
  endfacet
  facet normal 0.906313 0.422607 0
    outer loop
      vertex -97.5175 37.2638 -2
      vertex -97.5175 37.2638 2
      vertex -96.9282 36 2
    endloop
  endfacet
  facet normal 0.906313 0.422607 0
    outer loop
      vertex -97.5175 37.2638 -2
      vertex -96.9282 36 2
      vertex -96.9282 36 -2
    endloop
  endfacet
  facet normal 0.906313 -0.422607 0
    outer loop
      vertex -97.5175 42.7362 -2
      vertex -96.9282 44 -2
      vertex -97.5175 42.7362 2
    endloop
  endfacet
  facet normal 0.906313 -0.422607 0
    outer loop
      vertex -97.5175 42.7362 2
      vertex -96.9282 44 -2
      vertex -96.9282 44 2
    endloop
  endfacet
  facet normal 0.819168 0.573554 0
    outer loop
      vertex -96.9282 -44 -2
      vertex -96.9282 -44 2
      vertex -96.1284 -45.1423 2
    endloop
  endfacet
  facet normal 0.819168 0.573554 0
    outer loop
      vertex -96.9282 -44 -2
      vertex -96.1284 -45.1423 2
      vertex -96.1284 -45.1423 -2
    endloop
  endfacet
  facet normal 0.819168 -0.573554 0
    outer loop
      vertex -96.9282 -36 -2
      vertex -96.1284 -34.8577 -2
      vertex -96.9282 -36 2
    endloop
  endfacet
  facet normal 0.819168 -0.573554 0
    outer loop
      vertex -96.9282 -36 2
      vertex -96.1284 -34.8577 -2
      vertex -96.1284 -34.8577 2
    endloop
  endfacet
  facet normal 0.819168 0.573554 0
    outer loop
      vertex -96.9282 36 -2
      vertex -96.9282 36 2
      vertex -96.1284 34.8577 2
    endloop
  endfacet
  facet normal 0.819168 0.573554 0
    outer loop
      vertex -96.9282 36 -2
      vertex -96.1284 34.8577 2
      vertex -96.1284 34.8577 -2
    endloop
  endfacet
  facet normal 0.819168 -0.573554 0
    outer loop
      vertex -96.9282 44 -2
      vertex -96.1284 45.1423 -2
      vertex -96.9282 44 2
    endloop
  endfacet
  facet normal 0.819168 -0.573554 0
    outer loop
      vertex -96.9282 44 2
      vertex -96.1284 45.1423 -2
      vertex -96.1284 45.1423 2
    endloop
  endfacet
  facet normal 0.707107 0.707107 0
    outer loop
      vertex -96.1284 -45.1423 -2
      vertex -96.1284 -45.1423 2
      vertex -95.1423 -46.1284 2
    endloop
  endfacet
  facet normal 0.707107 0.707107 0
    outer loop
      vertex -96.1284 -45.1423 -2
      vertex -95.1423 -46.1284 2
      vertex -95.1423 -46.1284 -2
    endloop
  endfacet
  facet normal 0 0 -1
    outer loop
      vertex -96.1284 -34.8577 -2
      vertex -96.1284 34.8577 -2
      vertex -95.1423 33.8716 -2
    endloop
  endfacet
  facet normal 0.707107 -0.707107 0
    outer loop
      vertex -96.1284 -34.8577 -2
      vertex -95.1423 -33.8716 -2
      vertex -96.1284 -34.8577 2
    endloop
  endfacet
  facet normal 0 0 -1
    outer loop
      vertex -96.1284 -34.8577 -2
      vertex -95.1423 33.8716 -2
      vertex -95.1423 -33.8716 -2
    endloop
  endfacet
  facet normal 0.707107 -0.707107 0
    outer loop
      vertex -96.1284 -34.8577 2
      vertex -95.1423 -33.8716 -2
      vertex -95.1423 -33.8716 2
    endloop
  endfacet
  facet normal 0 0 1
    outer loop
      vertex -96.1284 -34.8577 2
      vertex -95.1423 -33.8716 2
      vertex -96.1284 34.8577 2
    endloop
  endfacet
  facet normal 0.707107 0.707107 0
    outer loop
      vertex -96.1284 34.8577 -2
      vertex -96.1284 34.8577 2
      vertex -95.1423 33.8716 2
    endloop
  endfacet
  facet normal 0.707107 0.707107 0
    outer loop
      vertex -96.1284 34.8577 -2
      vertex -95.1423 33.8716 2
      vertex -95.1423 33.8716 -2
    endloop
  endfacet
  facet normal 0 0 1
    outer loop
      vertex -96.1284 34.8577 2
      vertex -95.1423 -33.8716 2
      vertex -95.1423 33.8716 2
    endloop
  endfacet
  facet normal 0.707107 -0.707107 0
    outer loop
      vertex -96.1284 45.1423 -2
      vertex -95.1423 46.1284 -2
      vertex -96.1284 45.1423 2
    endloop
  endfacet
  facet normal 0.707107 -0.707107 0
    outer loop
      vertex -96.1284 45.1423 2
      vertex -95.1423 46.1284 -2
      vertex -95.1423 46.1284 2
    endloop
  endfacet
  facet normal 0.573554 0.819168 0
    outer loop
      vertex -95.1423 -46.1284 -2
      vertex -95.1423 -46.1284 2
      vertex -94 -46.9282 -2
    endloop
  endfacet
  facet normal 0.573554 0.819168 0
    outer loop
      vertex -95.1423 -46.1284 2
      vertex -94 -46.9282 2
      vertex -94 -46.9282 -2
    endloop
  endfacet
  facet normal 0 0 -1
    outer loop
      vertex -95.1423 -33.8716 -2
      vertex -95.1423 33.8716 -2
      vertex -94 33.0718 -2
    endloop
  endfacet
  facet normal 0.573554 -0.819168 0
    outer loop
      vertex -95.1423 -33.8716 -2
      vertex -94 -33.0718 -2
      vertex -94 -33.0718 2
    endloop
  endfacet
  facet normal 0.573554 -0.819168 0
    outer loop
      vertex -95.1423 -33.8716 -2
      vertex -94 -33.0718 2
      vertex -95.1423 -33.8716 2
    endloop
  endfacet
  facet normal 0 0 -1
    outer loop
      vertex -95.1423 -33.8716 -2
      vertex -94 33.0718 -2
      vertex -94 -33.0718 -2
    endloop
  endfacet
  facet normal 0 0 1
    outer loop
      vertex -95.1423 -33.8716 2
      vertex -94 -33.0718 2
      vertex -95.1423 33.8716 2
    endloop
  endfacet
  facet normal 0.573554 0.819168 0
    outer loop
      vertex -95.1423 33.8716 -2
      vertex -95.1423 33.8716 2
      vertex -94 33.0718 -2
    endloop
  endfacet
  facet normal 0 0 1
    outer loop
      vertex -95.1423 33.8716 2
      vertex -94 -33.0718 2
      vertex -94 33.0718 2
    endloop
  endfacet
  facet normal 0.573554 0.819168 0
    outer loop
      vertex -95.1423 33.8716 2
      vertex -94 33.0718 2
      vertex -94 33.0718 -2
    endloop
  endfacet
  facet normal 0.573554 -0.819168 0
    outer loop
      vertex -95.1423 46.1284 -2
      vertex -94 46.9282 -2
      vertex -94 46.9282 2
    endloop
  endfacet
  facet normal 0.573554 -0.819168 0
    outer loop
      vertex -95.1423 46.1284 -2
      vertex -94 46.9282 2
      vertex -95.1423 46.1284 2
    endloop
  endfacet
  facet normal 0.422607 0.906313 0
    outer loop
      vertex -94 -46.9282 -2
      vertex -94 -46.9282 2
      vertex -92.7362 -47.5175 -2
    endloop
  endfacet
  facet normal 0.422607 0.906313 0
    outer loop
      vertex -94 -46.9282 2
      vertex -92.7362 -47.5175 2
      vertex -92.7362 -47.5175 -2
    endloop
  endfacet
  facet normal 0 0 -1
    outer loop
      vertex -94 -33.0718 -2
      vertex -94 33.0718 -2
      vertex -92.7362 32.4825 -2
    endloop
  endfacet
  facet normal 0.422607 -0.906313 0
    outer loop
      vertex -94 -33.0718 -2
      vertex -92.7362 -32.4825 -2
      vertex -92.7362 -32.4825 2
    endloop
  endfacet
  facet normal 0.422607 -0.906313 0
    outer loop
      vertex -94 -33.0718 -2
      vertex -92.7362 -32.4825 2
      vertex -94 -33.0718 2
    endloop
  endfacet
  facet normal 0 0 -1
    outer loop
      vertex -94 -33.0718 -2
      vertex -92.7362 32.4825 -2
      vertex -92.7362 -32.4825 -2
    endloop
  endfacet
  facet normal 0 0 1
    outer loop
      vertex -94 -33.0718 2
      vertex -92.7362 -32.4825 2
      vertex -94 33.0718 2
    endloop
  endfacet
  facet normal 0.422607 0.906313 0
    outer loop
      vertex -94 33.0718 -2
      vertex -94 33.0718 2
      vertex -92.7362 32.4825 -2
    endloop
  endfacet
  facet normal 0 0 1
    outer loop
      vertex -94 33.0718 2
      vertex -92.7362 -32.4825 2
      vertex -92.7362 32.4825 2
    endloop
  endfacet
  facet normal 0.422607 0.906313 0
    outer loop
      vertex -94 33.0718 2
      vertex -92.7362 32.4825 2
      vertex -92.7362 32.4825 -2
    endloop
  endfacet
  facet normal 0.422607 -0.906313 0
    outer loop
      vertex -94 46.9282 -2
      vertex -92.7362 47.5175 -2
      vertex -92.7362 47.5175 2
    endloop
  endfacet
  facet normal 0.422607 -0.906313 0
    outer loop
      vertex -94 46.9282 -2
      vertex -92.7362 47.5175 2
      vertex -94 46.9282 2
    endloop
  endfacet
  facet normal 0.258868 0.965913 0
    outer loop
      vertex -92.7362 -47.5175 -2
      vertex -92.7362 -47.5175 2
      vertex -91.3892 -47.8785 -2
    endloop
  endfacet
  facet normal 0.258868 0.965913 0
    outer loop
      vertex -92.7362 -47.5175 2
      vertex -91.3892 -47.8785 2
      vertex -91.3892 -47.8785 -2
    endloop
  endfacet
  facet normal 0 0 -1
    outer loop
      vertex -92.7362 -32.4825 -2
      vertex -92.7362 32.4825 -2
      vertex -91.3892 32.1215 -2
    endloop
  endfacet
  facet normal 0.258868 -0.965913 0
    outer loop
      vertex -92.7362 -32.4825 -2
      vertex -91.3892 -32.1215 -2
      vertex -91.3892 -32.1215 2
    endloop
  endfacet
  facet normal 0.258868 -0.965913 0
    outer loop
      vertex -92.7362 -32.4825 -2
      vertex -91.3892 -32.1215 2
      vertex -92.7362 -32.4825 2
    endloop
  endfacet
  facet normal 0 0 -1
    outer loop
      vertex -92.7362 -32.4825 -2
      vertex -91.3892 32.1215 -2
      vertex -91.3892 -32.1215 -2
    endloop
  endfacet
  facet normal 0 0 1
    outer loop
      vertex -92.7362 -32.4825 2
      vertex -91.3892 -32.1215 2
      vertex -92.7362 32.4825 2
    endloop
  endfacet
  facet normal 0.258868 0.965913 0
    outer loop
      vertex -92.7362 32.4825 -2
      vertex -92.7362 32.4825 2
      vertex -91.3892 32.1215 -2
    endloop
  endfacet
  facet normal 0 0 1
    outer loop
      vertex -92.7362 32.4825 2
      vertex -91.3892 -32.1215 2
      vertex -91.3892 32.1215 2
    endloop
  endfacet
  facet normal 0.258868 0.965913 0
    outer loop
      vertex -92.7362 32.4825 2
      vertex -91.3892 32.1215 2
      vertex -91.3892 32.1215 -2
    endloop
  endfacet
  facet normal 0.258868 -0.965913 0
    outer loop
      vertex -92.7362 47.5175 -2
      vertex -91.3892 47.8785 -2
      vertex -91.3892 47.8785 2
    endloop
  endfacet
  facet normal 0.258868 -0.965913 0
    outer loop
      vertex -92.7362 47.5175 -2
      vertex -91.3892 47.8785 2
      vertex -92.7362 47.5175 2
    endloop
  endfacet
  facet normal 0.0871278 0.996197 0
    outer loop
      vertex -91.3892 -47.8785 -2
      vertex -91.3892 -47.8785 2
      vertex -90 -48 -2
    endloop
  endfacet
  facet normal 0.0871278 0.996197 0
    outer loop
      vertex -91.3892 -47.8785 2
      vertex -90 -48 2
      vertex -90 -48 -2
    endloop
  endfacet
  facet normal 0 0 -1
    outer loop
      vertex -91.3892 -32.1215 -2
      vertex -91.3892 32.1215 -2
      vertex -90 32 -2
    endloop
  endfacet
  facet normal 0.0871278 -0.996197 0
    outer loop
      vertex -91.3892 -32.1215 -2
      vertex -90 -32 -2
      vertex -90 -32 2
    endloop
  endfacet
  facet normal 0.0871278 -0.996197 0
    outer loop
      vertex -91.3892 -32.1215 -2
      vertex -90 -32 2
      vertex -91.3892 -32.1215 2
    endloop
  endfacet
  facet normal 0 0 -1
    outer loop
      vertex -91.3892 -32.1215 -2
      vertex -90 32 -2
      vertex -90 -32 -2
    endloop
  endfacet
  facet normal 0 0 1
    outer loop
      vertex -91.3892 -32.1215 2
      vertex -90 -32 2
      vertex -91.3892 32.1215 2
    endloop
  endfacet
  facet normal 0.0871278 0.996197 0
    outer loop
      vertex -91.3892 32.1215 -2
      vertex -91.3892 32.1215 2
      vertex -90 32 -2
    endloop
  endfacet
  facet normal 0 0 1
    outer loop
      vertex -91.3892 32.1215 2
      vertex -90 -32 2
      vertex -90 32 2
    endloop
  endfacet
  facet normal 0.0871278 0.996197 0
    outer loop
      vertex -91.3892 32.1215 2
      vertex -90 32 2
      vertex -90 32 -2
    endloop
  endfacet
  facet normal 0.0871278 -0.996197 0
    outer loop
      vertex -91.3892 47.8785 -2
      vertex -90 48 -2
      vertex -90 48 2
    endloop
  endfacet
  facet normal 0.0871278 -0.996197 0
    outer loop
      vertex -91.3892 47.8785 -2
      vertex -90 48 2
      vertex -91.3892 47.8785 2
    endloop
  endfacet
  facet normal -0.0871278 0.996197 0
    outer loop
      vertex -90 -48 -2
      vertex -90 -48 2
      vertex -88.6108 -47.8785 -2
    endloop
  endfacet
  facet normal 0 0 -1
    outer loop
      vertex -90 -48 -2
      vertex -88.6108 -47.8785 -2
      vertex -11.3892 -47.8785 -2
    endloop
  endfacet
  facet normal 0 0 -1
    outer loop
      vertex -90 -48 -2
      vertex -11.3892 -47.8785 -2
      vertex -10 -48 -2
    endloop
  endfacet
  facet normal -0.0871278 0.996197 0
    outer loop
      vertex -90 -48 2
      vertex -88.6108 -47.8785 2
      vertex -88.6108 -47.8785 -2
    endloop
  endfacet
  facet normal 0 0 1
    outer loop
      vertex -90 -48 2
      vertex -11.3892 -47.8785 2
      vertex -88.6108 -47.8785 2
    endloop
  endfacet
  facet normal 0 0 1
    outer loop
      vertex -90 -48 2
      vertex -10 -48 2
      vertex -11.3892 -47.8785 2
    endloop
  endfacet
  facet normal 0 0 -1
    outer loop
      vertex -90 -32 -2
      vertex -90 32 -2
      vertex -88.6108 32.1215 -2
    endloop
  endfacet
  facet normal -0.0871278 -0.996197 0
    outer loop
      vertex -90 -32 -2
      vertex -88.6108 -32.1215 -2
      vertex -88.6108 -32.1215 2
    endloop
  endfacet
  facet normal -0.0871278 -0.996197 0
    outer loop
      vertex -90 -32 -2
      vertex -88.6108 -32.1215 2
      vertex -90 -32 2
    endloop
  endfacet
  facet normal 0 0 -1
    outer loop
      vertex -90 -32 -2
      vertex -88.6108 32.1215 -2
      vertex -88.6108 -32.1215 -2
    endloop
  endfacet
  facet normal 0 0 1
    outer loop
      vertex -90 -32 2
      vertex -88.6108 -32.1215 2
      vertex -90 32 2
    endloop
  endfacet
  facet normal -0.0871278 0.996197 0
    outer loop
      vertex -90 32 -2
      vertex -90 32 2
      vertex -88.6108 32.1215 -2
    endloop
  endfacet
  facet normal 0 0 1
    outer loop
      vertex -90 32 2
      vertex -88.6108 -32.1215 2
      vertex -88.6108 32.1215 2
    endloop
  endfacet
  facet normal -0.0871278 0.996197 0
    outer loop
      vertex -90 32 2
      vertex -88.6108 32.1215 2
      vertex -88.6108 32.1215 -2
    endloop
  endfacet
  facet normal -0.0871278 -0.996197 0
    outer loop
      vertex -90 48 -2
      vertex -88.6108 47.8785 -2
      vertex -88.6108 47.8785 2
    endloop
  endfacet
  facet normal -0.0871278 -0.996197 0
    outer loop
      vertex -90 48 -2
      vertex -88.6108 47.8785 2
      vertex -90 48 2
    endloop
  endfacet
  facet normal 0 0 -1
    outer loop
      vertex -90 48 -2
      vertex -11.3892 47.8785 -2
      vertex -88.6108 47.8785 -2
    endloop
  endfacet
  facet normal 0 0 -1
    outer loop
      vertex -90 48 -2
      vertex -10 48 -2
      vertex -11.3892 47.8785 -2
    endloop
  endfacet
  facet normal 0 0 1
    outer loop
      vertex -90 48 2
      vertex -88.6108 47.8785 2
      vertex -11.3892 47.8785 2
    endloop
  endfacet
  facet normal 0 0 1
    outer loop
      vertex -90 48 2
      vertex -11.3892 47.8785 2
      vertex -10 48 2
    endloop
  endfacet
  facet normal -0.258868 0.965913 0
    outer loop
      vertex -88.6108 -47.8785 -2
      vertex -88.6108 -47.8785 2
      vertex -87.2638 -47.5175 -2
    endloop
  endfacet
  facet normal 0 0 -1
    outer loop
      vertex -88.6108 -47.8785 -2
      vertex -87.2638 -47.5175 -2
      vertex -11.3892 -47.8785 -2
    endloop
  endfacet
  facet normal -0.258868 0.965913 0
    outer loop
      vertex -88.6108 -47.8785 2
      vertex -87.2638 -47.5175 2
      vertex -87.2638 -47.5175 -2
    endloop
  endfacet
  facet normal 0 0 1
    outer loop
      vertex -88.6108 -47.8785 2
      vertex -11.3892 -47.8785 2
      vertex -87.2638 -47.5175 2
    endloop
  endfacet
  facet normal 0 0 -1
    outer loop
      vertex -88.6108 -32.1215 -2
      vertex -88.6108 32.1215 -2
      vertex -87.2638 32.4825 -2
    endloop
  endfacet
  facet normal -0.258868 -0.965913 0
    outer loop
      vertex -88.6108 -32.1215 -2
      vertex -87.2638 -32.4825 -2
      vertex -87.2638 -32.4825 2
    endloop
  endfacet
  facet normal -0.258868 -0.965913 0
    outer loop
      vertex -88.6108 -32.1215 -2
      vertex -87.2638 -32.4825 2
      vertex -88.6108 -32.1215 2
    endloop
  endfacet
  facet normal 0 0 -1
    outer loop
      vertex -88.6108 -32.1215 -2
      vertex -87.2638 32.4825 -2
      vertex -87.2638 -32.4825 -2
    endloop
  endfacet
  facet normal 0 0 1
    outer loop
      vertex -88.6108 -32.1215 2
      vertex -87.2638 -32.4825 2
      vertex -88.6108 32.1215 2
    endloop
  endfacet
  facet normal -0.258868 0.965913 0
    outer loop
      vertex -88.6108 32.1215 -2
      vertex -88.6108 32.1215 2
      vertex -87.2638 32.4825 -2
    endloop
  endfacet
  facet normal 0 0 1
    outer loop
      vertex -88.6108 32.1215 2
      vertex -87.2638 -32.4825 2
      vertex -87.2638 32.4825 2
    endloop
  endfacet
  facet normal -0.258868 0.965913 0
    outer loop
      vertex -88.6108 32.1215 2
      vertex -87.2638 32.4825 2
      vertex -87.2638 32.4825 -2
    endloop
  endfacet
  facet normal -0.258868 -0.965913 0
    outer loop
      vertex -88.6108 47.8785 -2
      vertex -87.2638 47.5175 -2
      vertex -87.2638 47.5175 2
    endloop
  endfacet
  facet normal -0.258868 -0.965913 0
    outer loop
      vertex -88.6108 47.8785 -2
      vertex -87.2638 47.5175 2
      vertex -88.6108 47.8785 2
    endloop
  endfacet
  facet normal 0 0 -1
    outer loop
      vertex -88.6108 47.8785 -2
      vertex -11.3892 47.8785 -2
      vertex -87.2638 47.5175 -2
    endloop
  endfacet
  facet normal 0 0 1
    outer loop
      vertex -88.6108 47.8785 2
      vertex -87.2638 47.5175 2
      vertex -11.3892 47.8785 2
    endloop
  endfacet
  facet normal -0.422607 0.906313 0
    outer loop
      vertex -87.2638 -47.5175 -2
      vertex -87.2638 -47.5175 2
      vertex -86 -46.9282 -2
    endloop
  endfacet
  facet normal 0 0 -1
    outer loop
      vertex -87.2638 -47.5175 -2
      vertex -86 -46.9282 -2
      vertex -12.7362 -47.5175 -2
    endloop
  endfacet
  facet normal 0 0 -1
    outer loop
      vertex -87.2638 -47.5175 -2
      vertex -12.7362 -47.5175 -2
      vertex -11.3892 -47.8785 -2
    endloop
  endfacet
  facet normal -0.422607 0.906313 0
    outer loop
      vertex -87.2638 -47.5175 2
      vertex -86 -46.9282 2
      vertex -86 -46.9282 -2
    endloop
  endfacet
  facet normal 0 0 1
    outer loop
      vertex -87.2638 -47.5175 2
      vertex -12.7362 -47.5175 2
      vertex -86 -46.9282 2
    endloop
  endfacet
  facet normal 0 0 1
    outer loop
      vertex -87.2638 -47.5175 2
      vertex -11.3892 -47.8785 2
      vertex -12.7362 -47.5175 2
    endloop
  endfacet
  facet normal 0 0 -1
    outer loop
      vertex -87.2638 -32.4825 -2
      vertex -87.2638 32.4825 -2
      vertex -86 33.0718 -2
    endloop
  endfacet
  facet normal -0.422607 -0.906313 0
    outer loop
      vertex -87.2638 -32.4825 -2
      vertex -86 -33.0718 -2
      vertex -86 -33.0718 2
    endloop
  endfacet
  facet normal -0.422607 -0.906313 0
    outer loop
      vertex -87.2638 -32.4825 -2
      vertex -86 -33.0718 2
      vertex -87.2638 -32.4825 2
    endloop
  endfacet
  facet normal 0 0 -1
    outer loop
      vertex -87.2638 -32.4825 -2
      vertex -86 33.0718 -2
      vertex -86 -33.0718 -2
    endloop
  endfacet
  facet normal 0 0 1
    outer loop
      vertex -87.2638 -32.4825 2
      vertex -86 -33.0718 2
      vertex -87.2638 32.4825 2
    endloop
  endfacet
  facet normal -0.422607 0.906313 0
    outer loop
      vertex -87.2638 32.4825 -2
      vertex -87.2638 32.4825 2
      vertex -86 33.0718 -2
    endloop
  endfacet
  facet normal 0 0 1
    outer loop
      vertex -87.2638 32.4825 2
      vertex -86 -33.0718 2
      vertex -86 33.0718 2
    endloop
  endfacet
  facet normal -0.422607 0.906313 0
    outer loop
      vertex -87.2638 32.4825 2
      vertex -86 33.0718 2
      vertex -86 33.0718 -2
    endloop
  endfacet
  facet normal -0.422607 -0.906313 0
    outer loop
      vertex -87.2638 47.5175 -2
      vertex -86 46.9282 -2
      vertex -86 46.9282 2
    endloop
  endfacet
  facet normal -0.422607 -0.906313 0
    outer loop
      vertex -87.2638 47.5175 -2
      vertex -86 46.9282 2
      vertex -87.2638 47.5175 2
    endloop
  endfacet
  facet normal 0 0 -1
    outer loop
      vertex -87.2638 47.5175 -2
      vertex -12.7362 47.5175 -2
      vertex -86 46.9282 -2
    endloop
  endfacet
  facet normal 0 0 -1
    outer loop
      vertex -87.2638 47.5175 -2
      vertex -11.3892 47.8785 -2
      vertex -12.7362 47.5175 -2
    endloop
  endfacet
  facet normal 0 0 1
    outer loop
      vertex -87.2638 47.5175 2
      vertex -86 46.9282 2
      vertex -12.7362 47.5175 2
    endloop
  endfacet
  facet normal 0 0 1
    outer loop
      vertex -87.2638 47.5175 2
      vertex -12.7362 47.5175 2
      vertex -11.3892 47.8785 2
    endloop
  endfacet
  facet normal -0.573554 0.819168 0
    outer loop
      vertex -86 -46.9282 -2
      vertex -86 -46.9282 2
      vertex -84.8577 -46.1284 -2
    endloop
  endfacet
  facet normal 0 0 -1
    outer loop
      vertex -86 -46.9282 -2
      vertex -84.8577 -46.1284 -2
      vertex -14 -46.9282 -2
    endloop
  endfacet
  facet normal 0 0 -1
    outer loop
      vertex -86 -46.9282 -2
      vertex -14 -46.9282 -2
      vertex -12.7362 -47.5175 -2
    endloop
  endfacet
  facet normal -0.573554 0.819168 0
    outer loop
      vertex -86 -46.9282 2
      vertex -84.8577 -46.1284 2
      vertex -84.8577 -46.1284 -2
    endloop
  endfacet
  facet normal 0 0 1
    outer loop
      vertex -86 -46.9282 2
      vertex -14 -46.9282 2
      vertex -84.8577 -46.1284 2
    endloop
  endfacet
  facet normal 0 0 1
    outer loop
      vertex -86 -46.9282 2
      vertex -12.7362 -47.5175 2
      vertex -14 -46.9282 2
    endloop
  endfacet
  facet normal 0 0 -1
    outer loop
      vertex -86 -33.0718 -2
      vertex -86 33.0718 -2
      vertex -84.8577 33.8716 -2
    endloop
  endfacet
  facet normal -0.573554 -0.819168 0
    outer loop
      vertex -86 -33.0718 -2
      vertex -84.8577 -33.8716 -2
      vertex -84.8577 -33.8716 2
    endloop
  endfacet
  facet normal -0.573554 -0.819168 0
    outer loop
      vertex -86 -33.0718 -2
      vertex -84.8577 -33.8716 2
      vertex -86 -33.0718 2
    endloop
  endfacet
  facet normal 0 0 -1
    outer loop
      vertex -86 -33.0718 -2
      vertex -84.8577 33.8716 -2
      vertex -84.8577 -33.8716 -2
    endloop
  endfacet
  facet normal 0 0 1
    outer loop
      vertex -86 -33.0718 2
      vertex -84.8577 -33.8716 2
      vertex -86 33.0718 2
    endloop
  endfacet
  facet normal -0.573554 0.819168 0
    outer loop
      vertex -86 33.0718 -2
      vertex -86 33.0718 2
      vertex -84.8577 33.8716 -2
    endloop
  endfacet
  facet normal 0 0 1
    outer loop
      vertex -86 33.0718 2
      vertex -84.8577 -33.8716 2
      vertex -84.8577 33.8716 2
    endloop
  endfacet
  facet normal -0.573554 0.819168 0
    outer loop
      vertex -86 33.0718 2
      vertex -84.8577 33.8716 2
      vertex -84.8577 33.8716 -2
    endloop
  endfacet
  facet normal -0.573554 -0.819168 0
    outer loop
      vertex -86 46.9282 -2
      vertex -84.8577 46.1284 -2
      vertex -84.8577 46.1284 2
    endloop
  endfacet
  facet normal -0.573554 -0.819168 0
    outer loop
      vertex -86 46.9282 -2
      vertex -84.8577 46.1284 2
      vertex -86 46.9282 2
    endloop
  endfacet
  facet normal 0 0 -1
    outer loop
      vertex -86 46.9282 -2
      vertex -14 46.9282 -2
      vertex -84.8577 46.1284 -2
    endloop
  endfacet
  facet normal 0 0 -1
    outer loop
      vertex -86 46.9282 -2
      vertex -12.7362 47.5175 -2
      vertex -14 46.9282 -2
    endloop
  endfacet
  facet normal 0 0 1
    outer loop
      vertex -86 46.9282 2
      vertex -84.8577 46.1284 2
      vertex -14 46.9282 2
    endloop
  endfacet
  facet normal 0 0 1
    outer loop
      vertex -86 46.9282 2
      vertex -14 46.9282 2
      vertex -12.7362 47.5175 2
    endloop
  endfacet
  facet normal -0.707107 0.707107 0
    outer loop
      vertex -84.8577 -46.1284 -2
      vertex -84.8577 -46.1284 2
      vertex -83.8716 -45.1423 2
    endloop
  endfacet
  facet normal 0 0 -1
    outer loop
      vertex -84.8577 -46.1284 -2
      vertex -83.8716 -45.1423 -2
      vertex -15.1423 -46.1284 -2
    endloop
  endfacet
  facet normal -0.707107 0.707107 0
    outer loop
      vertex -84.8577 -46.1284 -2
      vertex -83.8716 -45.1423 2
      vertex -83.8716 -45.1423 -2
    endloop
  endfacet
  facet normal 0 0 -1
    outer loop
      vertex -84.8577 -46.1284 -2
      vertex -15.1423 -46.1284 -2
      vertex -14 -46.9282 -2
    endloop
  endfacet
  facet normal 0 0 1
    outer loop
      vertex -84.8577 -46.1284 2
      vertex -15.1423 -46.1284 2
      vertex -83.8716 -45.1423 2
    endloop
  endfacet
  facet normal 0 0 1
    outer loop
      vertex -84.8577 -46.1284 2
      vertex -14 -46.9282 2
      vertex -15.1423 -46.1284 2
    endloop
  endfacet
  facet normal 0 0 -1
    outer loop
      vertex -84.8577 -33.8716 -2
      vertex -84.8577 33.8716 -2
      vertex -83.8716 34.8577 -2
    endloop
  endfacet
  facet normal -0.707107 -0.707107 0
    outer loop
      vertex -84.8577 -33.8716 -2
      vertex -83.8716 -34.8577 -2
      vertex -84.8577 -33.8716 2
    endloop
  endfacet
  facet normal 0 0 -1
    outer loop
      vertex -84.8577 -33.8716 -2
      vertex -83.8716 34.8577 -2
      vertex -83.8716 -34.8577 -2
    endloop
  endfacet
  facet normal -0.707107 -0.707107 0
    outer loop
      vertex -84.8577 -33.8716 2
      vertex -83.8716 -34.8577 -2
      vertex -83.8716 -34.8577 2
    endloop
  endfacet
  facet normal 0 0 1
    outer loop
      vertex -84.8577 -33.8716 2
      vertex -83.8716 -34.8577 2
      vertex -84.8577 33.8716 2
    endloop
  endfacet
  facet normal -0.707107 0.707107 0
    outer loop
      vertex -84.8577 33.8716 -2
      vertex -84.8577 33.8716 2
      vertex -83.8716 34.8577 2
    endloop
  endfacet
  facet normal -0.707107 0.707107 0
    outer loop
      vertex -84.8577 33.8716 -2
      vertex -83.8716 34.8577 2
      vertex -83.8716 34.8577 -2
    endloop
  endfacet
  facet normal 0 0 1
    outer loop
      vertex -84.8577 33.8716 2
      vertex -83.8716 -34.8577 2
      vertex -83.8716 34.8577 2
    endloop
  endfacet
  facet normal -0.707107 -0.707107 0
    outer loop
      vertex -84.8577 46.1284 -2
      vertex -83.8716 45.1423 -2
      vertex -84.8577 46.1284 2
    endloop
  endfacet
  facet normal 0 0 -1
    outer loop
      vertex -84.8577 46.1284 -2
      vertex -15.1423 46.1284 -2
      vertex -83.8716 45.1423 -2
    endloop
  endfacet
  facet normal 0 0 -1
    outer loop
      vertex -84.8577 46.1284 -2
      vertex -14 46.9282 -2
      vertex -15.1423 46.1284 -2
    endloop
  endfacet
  facet normal -0.707107 -0.707107 0
    outer loop
      vertex -84.8577 46.1284 2
      vertex -83.8716 45.1423 -2
      vertex -83.8716 45.1423 2
    endloop
  endfacet
  facet normal 0 0 1
    outer loop
      vertex -84.8577 46.1284 2
      vertex -83.8716 45.1423 2
      vertex -15.1423 46.1284 2
    endloop
  endfacet
  facet normal 0 0 1
    outer loop
      vertex -84.8577 46.1284 2
      vertex -15.1423 46.1284 2
      vertex -14 46.9282 2
    endloop
  endfacet
  facet normal -0.819168 0.573554 0
    outer loop
      vertex -83.8716 -45.1423 -2
      vertex -83.8716 -45.1423 2
      vertex -83.0718 -44 2
    endloop
  endfacet
  facet normal 0 0 -1
    outer loop
      vertex -83.8716 -45.1423 -2
      vertex -83.0718 -44 -2
      vertex -16.1284 -45.1423 -2
    endloop
  endfacet
  facet normal -0.819168 0.573554 0
    outer loop
      vertex -83.8716 -45.1423 -2
      vertex -83.0718 -44 2
      vertex -83.0718 -44 -2
    endloop
  endfacet
  facet normal 0 0 -1
    outer loop
      vertex -83.8716 -45.1423 -2
      vertex -16.1284 -45.1423 -2
      vertex -15.1423 -46.1284 -2
    endloop
  endfacet
  facet normal 0 0 1
    outer loop
      vertex -83.8716 -45.1423 2
      vertex -16.1284 -45.1423 2
      vertex -83.0718 -44 2
    endloop
  endfacet
  facet normal 0 0 1
    outer loop
      vertex -83.8716 -45.1423 2
      vertex -15.1423 -46.1284 2
      vertex -16.1284 -45.1423 2
    endloop
  endfacet
  facet normal 0 0 -1
    outer loop
      vertex -83.8716 -34.8577 -2
      vertex -83.8716 34.8577 -2
      vertex -16.1284 34.8577 -2
    endloop
  endfacet
  facet normal -0.819168 -0.573554 0
    outer loop
      vertex -83.8716 -34.8577 -2
      vertex -83.0718 -36 -2
      vertex -83.8716 -34.8577 2
    endloop
  endfacet
  facet normal 0 0 -1
    outer loop
      vertex -83.8716 -34.8577 -2
      vertex -16.1284 -34.8577 -2
      vertex -83.0718 -36 -2
    endloop
  endfacet
  facet normal 0 0 -1
    outer loop
      vertex -83.8716 -34.8577 -2
      vertex -16.1284 34.8577 -2
      vertex -16.1284 -34.8577 -2
    endloop
  endfacet
  facet normal -0.819168 -0.573554 0
    outer loop
      vertex -83.8716 -34.8577 2
      vertex -83.0718 -36 -2
      vertex -83.0718 -36 2
    endloop
  endfacet
  facet normal 0 0 1
    outer loop
      vertex -83.8716 -34.8577 2
      vertex -83.0718 -36 2
      vertex -16.1284 -34.8577 2
    endloop
  endfacet
  facet normal 0 0 1
    outer loop
      vertex -83.8716 -34.8577 2
      vertex -16.1284 -34.8577 2
      vertex -83.8716 34.8577 2
    endloop
  endfacet
  facet normal -0.819168 0.573554 0
    outer loop
      vertex -83.8716 34.8577 -2
      vertex -83.8716 34.8577 2
      vertex -83.0718 36 2
    endloop
  endfacet
  facet normal 0 0 -1
    outer loop
      vertex -83.8716 34.8577 -2
      vertex -83.0718 36 -2
      vertex -16.1284 34.8577 -2
    endloop
  endfacet
  facet normal -0.819168 0.573554 0
    outer loop
      vertex -83.8716 34.8577 -2
      vertex -83.0718 36 2
      vertex -83.0718 36 -2
    endloop
  endfacet
  facet normal 0 0 1
    outer loop
      vertex -83.8716 34.8577 2
      vertex -16.1284 -34.8577 2
      vertex -16.1284 34.8577 2
    endloop
  endfacet
  facet normal 0 0 1
    outer loop
      vertex -83.8716 34.8577 2
      vertex -16.1284 34.8577 2
      vertex -83.0718 36 2
    endloop
  endfacet
  facet normal -0.819168 -0.573554 0
    outer loop
      vertex -83.8716 45.1423 -2
      vertex -83.0718 44 -2
      vertex -83.8716 45.1423 2
    endloop
  endfacet
  facet normal 0 0 -1
    outer loop
      vertex -83.8716 45.1423 -2
      vertex -16.1284 45.1423 -2
      vertex -83.0718 44 -2
    endloop
  endfacet
  facet normal 0 0 -1
    outer loop
      vertex -83.8716 45.1423 -2
      vertex -15.1423 46.1284 -2
      vertex -16.1284 45.1423 -2
    endloop
  endfacet
  facet normal -0.819168 -0.573554 0
    outer loop
      vertex -83.8716 45.1423 2
      vertex -83.0718 44 -2
      vertex -83.0718 44 2
    endloop
  endfacet
  facet normal 0 0 1
    outer loop
      vertex -83.8716 45.1423 2
      vertex -83.0718 44 2
      vertex -16.1284 45.1423 2
    endloop
  endfacet
  facet normal 0 0 1
    outer loop
      vertex -83.8716 45.1423 2
      vertex -16.1284 45.1423 2
      vertex -15.1423 46.1284 2
    endloop
  endfacet
  facet normal -0.906313 0.422607 0
    outer loop
      vertex -83.0718 -44 -2
      vertex -83.0718 -44 2
      vertex -82.4825 -42.7362 2
    endloop
  endfacet
  facet normal 0 0 -1
    outer loop
      vertex -83.0718 -44 -2
      vertex -82.4825 -42.7362 -2
      vertex -16.9282 -44 -2
    endloop
  endfacet
  facet normal -0.906313 0.422607 0
    outer loop
      vertex -83.0718 -44 -2
      vertex -82.4825 -42.7362 2
      vertex -82.4825 -42.7362 -2
    endloop
  endfacet
  facet normal 0 0 -1
    outer loop
      vertex -83.0718 -44 -2
      vertex -16.9282 -44 -2
      vertex -16.1284 -45.1423 -2
    endloop
  endfacet
  facet normal 0 0 1
    outer loop
      vertex -83.0718 -44 2
      vertex -16.9282 -44 2
      vertex -82.4825 -42.7362 2
    endloop
  endfacet
  facet normal 0 0 1
    outer loop
      vertex -83.0718 -44 2
      vertex -16.1284 -45.1423 2
      vertex -16.9282 -44 2
    endloop
  endfacet
  facet normal -0.906313 -0.422607 0
    outer loop
      vertex -83.0718 -36 -2
      vertex -82.4825 -37.2638 -2
      vertex -83.0718 -36 2
    endloop
  endfacet
  facet normal 0 0 -1
    outer loop
      vertex -83.0718 -36 -2
      vertex -16.9282 -36 -2
      vertex -82.4825 -37.2638 -2
    endloop
  endfacet
  facet normal 0 0 -1
    outer loop
      vertex -83.0718 -36 -2
      vertex -16.1284 -34.8577 -2
      vertex -16.9282 -36 -2
    endloop
  endfacet
  facet normal -0.906313 -0.422607 0
    outer loop
      vertex -83.0718 -36 2
      vertex -82.4825 -37.2638 -2
      vertex -82.4825 -37.2638 2
    endloop
  endfacet
  facet normal 0 0 1
    outer loop
      vertex -83.0718 -36 2
      vertex -82.4825 -37.2638 2
      vertex -16.1284 -34.8577 2
    endloop
  endfacet
  facet normal -0.906313 0.422607 0
    outer loop
      vertex -83.0718 36 -2
      vertex -83.0718 36 2
      vertex -82.4825 37.2638 2
    endloop
  endfacet
  facet normal 0 0 -1
    outer loop
      vertex -83.0718 36 -2
      vertex -82.4825 37.2638 -2
      vertex -16.1284 34.8577 -2
    endloop
  endfacet
  facet normal -0.906313 0.422607 0
    outer loop
      vertex -83.0718 36 -2
      vertex -82.4825 37.2638 2
      vertex -82.4825 37.2638 -2
    endloop
  endfacet
  facet normal 0 0 1
    outer loop
      vertex -83.0718 36 2
      vertex -16.9282 36 2
      vertex -82.4825 37.2638 2
    endloop
  endfacet
  facet normal 0 0 1
    outer loop
      vertex -83.0718 36 2
      vertex -16.1284 34.8577 2
      vertex -16.9282 36 2
    endloop
  endfacet
  facet normal -0.906313 -0.422607 0
    outer loop
      vertex -83.0718 44 -2
      vertex -82.4825 42.7362 -2
      vertex -83.0718 44 2
    endloop
  endfacet
  facet normal 0 0 -1
    outer loop
      vertex -83.0718 44 -2
      vertex -16.9282 44 -2
      vertex -82.4825 42.7362 -2
    endloop
  endfacet
  facet normal 0 0 -1
    outer loop
      vertex -83.0718 44 -2
      vertex -16.1284 45.1423 -2
      vertex -16.9282 44 -2
    endloop
  endfacet
  facet normal -0.906313 -0.422607 0
    outer loop
      vertex -83.0718 44 2
      vertex -82.4825 42.7362 -2
      vertex -82.4825 42.7362 2
    endloop
  endfacet
  facet normal 0 0 1
    outer loop
      vertex -83.0718 44 2
      vertex -82.4825 42.7362 2
      vertex -16.9282 44 2
    endloop
  endfacet
  facet normal 0 0 1
    outer loop
      vertex -83.0718 44 2
      vertex -16.9282 44 2
      vertex -16.1284 45.1423 2
    endloop
  endfacet
  facet normal -0.965913 0.258868 0
    outer loop
      vertex -82.4825 -42.7362 -2
      vertex -82.4825 -42.7362 2
      vertex -82.1215 -41.3892 2
    endloop
  endfacet
  facet normal 0 0 -1
    outer loop
      vertex -82.4825 -42.7362 -2
      vertex -82.1215 -41.3892 -2
      vertex -17.5175 -42.7362 -2
    endloop
  endfacet
  facet normal -0.965913 0.258868 0
    outer loop
      vertex -82.4825 -42.7362 -2
      vertex -82.1215 -41.3892 2
      vertex -82.1215 -41.3892 -2
    endloop
  endfacet
  facet normal 0 0 -1
    outer loop
      vertex -82.4825 -42.7362 -2
      vertex -17.5175 -42.7362 -2
      vertex -16.9282 -44 -2
    endloop
  endfacet
  facet normal 0 0 1
    outer loop
      vertex -82.4825 -42.7362 2
      vertex -17.5175 -42.7362 2
      vertex -82.1215 -41.3892 2
    endloop
  endfacet
  facet normal 0 0 1
    outer loop
      vertex -82.4825 -42.7362 2
      vertex -16.9282 -44 2
      vertex -17.5175 -42.7362 2
    endloop
  endfacet
  facet normal -0.965913 -0.258868 0
    outer loop
      vertex -82.4825 -37.2638 -2
      vertex -82.1215 -38.6108 -2
      vertex -82.4825 -37.2638 2
    endloop
  endfacet
  facet normal 0 0 -1
    outer loop
      vertex -82.4825 -37.2638 -2
      vertex -17.5175 -37.2638 -2
      vertex -82.1215 -38.6108 -2
    endloop
  endfacet
  facet normal 0 0 -1
    outer loop
      vertex -82.4825 -37.2638 -2
      vertex -16.9282 -36 -2
      vertex -17.5175 -37.2638 -2
    endloop
  endfacet
  facet normal -0.965913 -0.258868 0
    outer loop
      vertex -82.4825 -37.2638 2
      vertex -82.1215 -38.6108 -2
      vertex -82.1215 -38.6108 2
    endloop
  endfacet
  facet normal 0 0 1
    outer loop
      vertex -82.4825 -37.2638 2
      vertex -82.1215 -38.6108 2
      vertex -16.1284 -34.8577 2
    endloop
  endfacet
  facet normal -0.965913 0.258868 0
    outer loop
      vertex -82.4825 37.2638 -2
      vertex -82.4825 37.2638 2
      vertex -82.1215 38.6108 2
    endloop
  endfacet
  facet normal 0 0 -1
    outer loop
      vertex -82.4825 37.2638 -2
      vertex -82.1215 38.6108 -2
      vertex -16.1284 34.8577 -2
    endloop
  endfacet
  facet normal -0.965913 0.258868 0
    outer loop
      vertex -82.4825 37.2638 -2
      vertex -82.1215 38.6108 2
      vertex -82.1215 38.6108 -2
    endloop
  endfacet
  facet normal 0 0 1
    outer loop
      vertex -82.4825 37.2638 2
      vertex -17.5175 37.2638 2
      vertex -82.1215 38.6108 2
    endloop
  endfacet
  facet normal 0 0 1
    outer loop
      vertex -82.4825 37.2638 2
      vertex -16.9282 36 2
      vertex -17.5175 37.2638 2
    endloop
  endfacet
  facet normal -0.965913 -0.258868 0
    outer loop
      vertex -82.4825 42.7362 -2
      vertex -82.1215 41.3892 -2
      vertex -82.4825 42.7362 2
    endloop
  endfacet
  facet normal 0 0 -1
    outer loop
      vertex -82.4825 42.7362 -2
      vertex -17.5175 42.7362 -2
      vertex -82.1215 41.3892 -2
    endloop
  endfacet
  facet normal 0 0 -1
    outer loop
      vertex -82.4825 42.7362 -2
      vertex -16.9282 44 -2
      vertex -17.5175 42.7362 -2
    endloop
  endfacet
  facet normal -0.965913 -0.258868 0
    outer loop
      vertex -82.4825 42.7362 2
      vertex -82.1215 41.3892 -2
      vertex -82.1215 41.3892 2
    endloop
  endfacet
  facet normal 0 0 1
    outer loop
      vertex -82.4825 42.7362 2
      vertex -82.1215 41.3892 2
      vertex -17.5175 42.7362 2
    endloop
  endfacet
  facet normal 0 0 1
    outer loop
      vertex -82.4825 42.7362 2
      vertex -17.5175 42.7362 2
      vertex -16.9282 44 2
    endloop
  endfacet
  facet normal -0.996197 0.0871278 0
    outer loop
      vertex -82.1215 -41.3892 -2
      vertex -82.1215 -41.3892 2
      vertex -82 -40 2
    endloop
  endfacet
  facet normal 0 0 -1
    outer loop
      vertex -82.1215 -41.3892 -2
      vertex -82 -40 -2
      vertex -17.8785 -41.3892 -2
    endloop
  endfacet
  facet normal -0.996197 0.0871278 0
    outer loop
      vertex -82.1215 -41.3892 -2
      vertex -82 -40 2
      vertex -82 -40 -2
    endloop
  endfacet
  facet normal 0 0 -1
    outer loop
      vertex -82.1215 -41.3892 -2
      vertex -17.8785 -41.3892 -2
      vertex -17.5175 -42.7362 -2
    endloop
  endfacet
  facet normal 0 0 1
    outer loop
      vertex -82.1215 -41.3892 2
      vertex -17.8785 -41.3892 2
      vertex -82 -40 2
    endloop
  endfacet
  facet normal 0 0 1
    outer loop
      vertex -82.1215 -41.3892 2
      vertex -17.5175 -42.7362 2
      vertex -17.8785 -41.3892 2
    endloop
  endfacet
  facet normal -0.996197 -0.0871278 0
    outer loop
      vertex -82.1215 -38.6108 -2
      vertex -82 -40 -2
      vertex -82.1215 -38.6108 2
    endloop
  endfacet
  facet normal 0 0 -1
    outer loop
      vertex -82.1215 -38.6108 -2
      vertex -17.8785 -38.6108 -2
      vertex -82 -40 -2
    endloop
  endfacet
  facet normal 0 0 -1
    outer loop
      vertex -82.1215 -38.6108 -2
      vertex -17.5175 -37.2638 -2
      vertex -17.8785 -38.6108 -2
    endloop
  endfacet
  facet normal -0.996197 -0.0871278 0
    outer loop
      vertex -82.1215 -38.6108 2
      vertex -82 -40 -2
      vertex -82 -40 2
    endloop
  endfacet
  facet normal 0 0 1
    outer loop
      vertex -82.1215 -38.6108 2
      vertex -82 -40 2
      vertex -16.1284 -34.8577 2
    endloop
  endfacet
  facet normal -0.996197 0.0871278 0
    outer loop
      vertex -82.1215 38.6108 -2
      vertex -82.1215 38.6108 2
      vertex -82 40 2
    endloop
  endfacet
  facet normal 0 0 -1
    outer loop
      vertex -82.1215 38.6108 -2
      vertex -82 40 -2
      vertex -16.1284 34.8577 -2
    endloop
  endfacet
  facet normal -0.996197 0.0871278 0
    outer loop
      vertex -82.1215 38.6108 -2
      vertex -82 40 2
      vertex -82 40 -2
    endloop
  endfacet
  facet normal 0 0 1
    outer loop
      vertex -82.1215 38.6108 2
      vertex -17.8785 38.6108 2
      vertex -82 40 2
    endloop
  endfacet
  facet normal 0 0 1
    outer loop
      vertex -82.1215 38.6108 2
      vertex -17.5175 37.2638 2
      vertex -17.8785 38.6108 2
    endloop
  endfacet
  facet normal -0.996197 -0.0871278 0
    outer loop
      vertex -82.1215 41.3892 -2
      vertex -82 40 -2
      vertex -82.1215 41.3892 2
    endloop
  endfacet
  facet normal 0 0 -1
    outer loop
      vertex -82.1215 41.3892 -2
      vertex -17.8785 41.3892 -2
      vertex -82 40 -2
    endloop
  endfacet
  facet normal 0 0 -1
    outer loop
      vertex -82.1215 41.3892 -2
      vertex -17.5175 42.7362 -2
      vertex -17.8785 41.3892 -2
    endloop
  endfacet
  facet normal -0.996197 -0.0871278 0
    outer loop
      vertex -82.1215 41.3892 2
      vertex -82 40 -2
      vertex -82 40 2
    endloop
  endfacet
  facet normal 0 0 1
    outer loop
      vertex -82.1215 41.3892 2
      vertex -82 40 2
      vertex -17.8785 41.3892 2
    endloop
  endfacet
  facet normal 0 0 1
    outer loop
      vertex -82.1215 41.3892 2
      vertex -17.8785 41.3892 2
      vertex -17.5175 42.7362 2
    endloop
  endfacet
  facet normal 0 0 -1
    outer loop
      vertex -82 -40 -2
      vertex -18 -40 -2
      vertex -17.8785 -41.3892 -2
    endloop
  endfacet
  facet normal 0 0 -1
    outer loop
      vertex -82 -40 -2
      vertex -17.8785 -38.6108 -2
      vertex -18 -40 -2
    endloop
  endfacet
  facet normal 0 0 1
    outer loop
      vertex -82 -40 2
      vertex -18 -40 2
      vertex -17.8785 -38.6108 2
    endloop
  endfacet
  facet normal 0 0 1
    outer loop
      vertex -82 -40 2
      vertex -17.8785 -41.3892 2
      vertex -18 -40 2
    endloop
  endfacet
  facet normal 0 0 1
    outer loop
      vertex -82 -40 2
      vertex -17.8785 -38.6108 2
      vertex -17.5175 -37.2638 2
    endloop
  endfacet
  facet normal 0 0 1
    outer loop
      vertex -82 -40 2
      vertex -17.5175 -37.2638 2
      vertex -16.9282 -36 2
    endloop
  endfacet
  facet normal 0 0 1
    outer loop
      vertex -82 -40 2
      vertex -16.9282 -36 2
      vertex -16.1284 -34.8577 2
    endloop
  endfacet
  facet normal 0 0 -1
    outer loop
      vertex -82 40 -2
      vertex -18 40 -2
      vertex -17.8785 38.6108 -2
    endloop
  endfacet
  facet normal 0 0 -1
    outer loop
      vertex -82 40 -2
      vertex -17.8785 38.6108 -2
      vertex -17.5175 37.2638 -2
    endloop
  endfacet
  facet normal 0 0 -1
    outer loop
      vertex -82 40 -2
      vertex -17.8785 41.3892 -2
      vertex -18 40 -2
    endloop
  endfacet
  facet normal 0 0 -1
    outer loop
      vertex -82 40 -2
      vertex -17.5175 37.2638 -2
      vertex -16.9282 36 -2
    endloop
  endfacet
  facet normal 0 0 -1
    outer loop
      vertex -82 40 -2
      vertex -16.9282 36 -2
      vertex -16.1284 34.8577 -2
    endloop
  endfacet
  facet normal 0 0 1
    outer loop
      vertex -82 40 2
      vertex -18 40 2
      vertex -17.8785 41.3892 2
    endloop
  endfacet
  facet normal 0 0 1
    outer loop
      vertex -82 40 2
      vertex -17.8785 38.6108 2
      vertex -18 40 2
    endloop
  endfacet
  facet normal 0.996197 0.0871278 0
    outer loop
      vertex -18 -40 -2
      vertex -18 -40 2
      vertex -17.8785 -41.3892 2
    endloop
  endfacet
  facet normal 0.996197 0.0871278 0
    outer loop
      vertex -18 -40 -2
      vertex -17.8785 -41.3892 2
      vertex -17.8785 -41.3892 -2
    endloop
  endfacet
  facet normal 0.996197 -0.0871278 0
    outer loop
      vertex -18 -40 -2
      vertex -17.8785 -38.6108 -2
      vertex -18 -40 2
    endloop
  endfacet
  facet normal 0.996197 -0.0871278 0
    outer loop
      vertex -18 -40 2
      vertex -17.8785 -38.6108 -2
      vertex -17.8785 -38.6108 2
    endloop
  endfacet
  facet normal 0.996197 0.0871278 0
    outer loop
      vertex -18 40 -2
      vertex -18 40 2
      vertex -17.8785 38.6108 2
    endloop
  endfacet
  facet normal 0.996197 0.0871278 0
    outer loop
      vertex -18 40 -2
      vertex -17.8785 38.6108 2
      vertex -17.8785 38.6108 -2
    endloop
  endfacet
  facet normal 0.996197 -0.0871278 0
    outer loop
      vertex -18 40 -2
      vertex -17.8785 41.3892 -2
      vertex -18 40 2
    endloop
  endfacet
  facet normal 0.996197 -0.0871278 0
    outer loop
      vertex -18 40 2
      vertex -17.8785 41.3892 -2
      vertex -17.8785 41.3892 2
    endloop
  endfacet
  facet normal 0.965913 0.258868 0
    outer loop
      vertex -17.8785 -41.3892 -2
      vertex -17.8785 -41.3892 2
      vertex -17.5175 -42.7362 2
    endloop
  endfacet
  facet normal 0.965913 0.258868 0
    outer loop
      vertex -17.8785 -41.3892 -2
      vertex -17.5175 -42.7362 2
      vertex -17.5175 -42.7362 -2
    endloop
  endfacet
  facet normal 0.965913 -0.258868 0
    outer loop
      vertex -17.8785 -38.6108 -2
      vertex -17.5175 -37.2638 -2
      vertex -17.8785 -38.6108 2
    endloop
  endfacet
  facet normal 0.965913 -0.258868 0
    outer loop
      vertex -17.8785 -38.6108 2
      vertex -17.5175 -37.2638 -2
      vertex -17.5175 -37.2638 2
    endloop
  endfacet
  facet normal 0.965913 0.258868 0
    outer loop
      vertex -17.8785 38.6108 -2
      vertex -17.8785 38.6108 2
      vertex -17.5175 37.2638 2
    endloop
  endfacet
  facet normal 0.965913 0.258868 0
    outer loop
      vertex -17.8785 38.6108 -2
      vertex -17.5175 37.2638 2
      vertex -17.5175 37.2638 -2
    endloop
  endfacet
  facet normal 0.965913 -0.258868 0
    outer loop
      vertex -17.8785 41.3892 -2
      vertex -17.5175 42.7362 -2
      vertex -17.8785 41.3892 2
    endloop
  endfacet
  facet normal 0.965913 -0.258868 0
    outer loop
      vertex -17.8785 41.3892 2
      vertex -17.5175 42.7362 -2
      vertex -17.5175 42.7362 2
    endloop
  endfacet
  facet normal 0.906313 0.422607 0
    outer loop
      vertex -17.5175 -42.7362 -2
      vertex -17.5175 -42.7362 2
      vertex -16.9282 -44 2
    endloop
  endfacet
  facet normal 0.906313 0.422607 0
    outer loop
      vertex -17.5175 -42.7362 -2
      vertex -16.9282 -44 2
      vertex -16.9282 -44 -2
    endloop
  endfacet
  facet normal 0.906313 -0.422607 0
    outer loop
      vertex -17.5175 -37.2638 -2
      vertex -16.9282 -36 -2
      vertex -17.5175 -37.2638 2
    endloop
  endfacet
  facet normal 0.906313 -0.422607 0
    outer loop
      vertex -17.5175 -37.2638 2
      vertex -16.9282 -36 -2
      vertex -16.9282 -36 2
    endloop
  endfacet
  facet normal 0.906313 0.422607 0
    outer loop
      vertex -17.5175 37.2638 -2
      vertex -17.5175 37.2638 2
      vertex -16.9282 36 2
    endloop
  endfacet
  facet normal 0.906313 0.422607 0
    outer loop
      vertex -17.5175 37.2638 -2
      vertex -16.9282 36 2
      vertex -16.9282 36 -2
    endloop
  endfacet
  facet normal 0.906313 -0.422607 0
    outer loop
      vertex -17.5175 42.7362 -2
      vertex -16.9282 44 -2
      vertex -17.5175 42.7362 2
    endloop
  endfacet
  facet normal 0.906313 -0.422607 0
    outer loop
      vertex -17.5175 42.7362 2
      vertex -16.9282 44 -2
      vertex -16.9282 44 2
    endloop
  endfacet
  facet normal 0.819168 0.573554 0
    outer loop
      vertex -16.9282 -44 -2
      vertex -16.9282 -44 2
      vertex -16.1284 -45.1423 2
    endloop
  endfacet
  facet normal 0.819168 0.573554 0
    outer loop
      vertex -16.9282 -44 -2
      vertex -16.1284 -45.1423 2
      vertex -16.1284 -45.1423 -2
    endloop
  endfacet
  facet normal 0.819168 -0.573554 0
    outer loop
      vertex -16.9282 -36 -2
      vertex -16.1284 -34.8577 -2
      vertex -16.9282 -36 2
    endloop
  endfacet
  facet normal 0.819168 -0.573554 0
    outer loop
      vertex -16.9282 -36 2
      vertex -16.1284 -34.8577 -2
      vertex -16.1284 -34.8577 2
    endloop
  endfacet
  facet normal 0.819168 0.573554 0
    outer loop
      vertex -16.9282 36 -2
      vertex -16.9282 36 2
      vertex -16.1284 34.8577 2
    endloop
  endfacet
  facet normal 0.819168 0.573554 0
    outer loop
      vertex -16.9282 36 -2
      vertex -16.1284 34.8577 2
      vertex -16.1284 34.8577 -2
    endloop
  endfacet
  facet normal 0.819168 -0.573554 0
    outer loop
      vertex -16.9282 44 -2
      vertex -16.1284 45.1423 -2
      vertex -16.9282 44 2
    endloop
  endfacet
  facet normal 0.819168 -0.573554 0
    outer loop
      vertex -16.9282 44 2
      vertex -16.1284 45.1423 -2
      vertex -16.1284 45.1423 2
    endloop
  endfacet
  facet normal 0.707107 0.707107 0
    outer loop
      vertex -16.1284 -45.1423 -2
      vertex -16.1284 -45.1423 2
      vertex -15.1423 -46.1284 2
    endloop
  endfacet
  facet normal 0.707107 0.707107 0
    outer loop
      vertex -16.1284 -45.1423 -2
      vertex -15.1423 -46.1284 2
      vertex -15.1423 -46.1284 -2
    endloop
  endfacet
  facet normal 0 0 -1
    outer loop
      vertex -16.1284 -34.8577 -2
      vertex -16.1284 34.8577 -2
      vertex -15.1423 33.8716 -2
    endloop
  endfacet
  facet normal 0.707107 -0.707107 0
    outer loop
      vertex -16.1284 -34.8577 -2
      vertex -15.1423 -33.8716 -2
      vertex -15.1423 -33.8716 2
    endloop
  endfacet
  facet normal 0.707107 -0.707107 0
    outer loop
      vertex -16.1284 -34.8577 -2
      vertex -15.1423 -33.8716 2
      vertex -16.1284 -34.8577 2
    endloop
  endfacet
  facet normal 0 0 -1
    outer loop
      vertex -16.1284 -34.8577 -2
      vertex -15.1423 33.8716 -2
      vertex -15.1423 -33.8716 -2
    endloop
  endfacet
  facet normal 0 0 1
    outer loop
      vertex -16.1284 -34.8577 2
      vertex -15.1423 -33.8716 2
      vertex -16.1284 34.8577 2
    endloop
  endfacet
  facet normal 0.707107 0.707107 0
    outer loop
      vertex -16.1284 34.8577 -2
      vertex -16.1284 34.8577 2
      vertex -15.1423 33.8716 -2
    endloop
  endfacet
  facet normal 0 0 1
    outer loop
      vertex -16.1284 34.8577 2
      vertex -15.1423 -33.8716 2
      vertex -15.1423 33.8716 2
    endloop
  endfacet
  facet normal 0.707107 0.707107 0
    outer loop
      vertex -16.1284 34.8577 2
      vertex -15.1423 33.8716 2
      vertex -15.1423 33.8716 -2
    endloop
  endfacet
  facet normal 0.707107 -0.707107 0
    outer loop
      vertex -16.1284 45.1423 -2
      vertex -15.1423 46.1284 -2
      vertex -16.1284 45.1423 2
    endloop
  endfacet
  facet normal 0.707107 -0.707107 0
    outer loop
      vertex -16.1284 45.1423 2
      vertex -15.1423 46.1284 -2
      vertex -15.1423 46.1284 2
    endloop
  endfacet
  facet normal 0.573554 0.819168 0
    outer loop
      vertex -15.1423 -46.1284 -2
      vertex -15.1423 -46.1284 2
      vertex -14 -46.9282 -2
    endloop
  endfacet
  facet normal 0.573554 0.819168 0
    outer loop
      vertex -15.1423 -46.1284 2
      vertex -14 -46.9282 2
      vertex -14 -46.9282 -2
    endloop
  endfacet
  facet normal 0 0 -1
    outer loop
      vertex -15.1423 -33.8716 -2
      vertex -15.1423 33.8716 -2
      vertex -14 33.0718 -2
    endloop
  endfacet
  facet normal 0.573554 -0.819168 0
    outer loop
      vertex -15.1423 -33.8716 -2
      vertex -14 -33.0718 -2
      vertex -14 -33.0718 2
    endloop
  endfacet
  facet normal 0.573554 -0.819168 0
    outer loop
      vertex -15.1423 -33.8716 -2
      vertex -14 -33.0718 2
      vertex -15.1423 -33.8716 2
    endloop
  endfacet
  facet normal 0 0 -1
    outer loop
      vertex -15.1423 -33.8716 -2
      vertex -14 33.0718 -2
      vertex -14 -33.0718 -2
    endloop
  endfacet
  facet normal 0 0 1
    outer loop
      vertex -15.1423 -33.8716 2
      vertex -14 -33.0718 2
      vertex -15.1423 33.8716 2
    endloop
  endfacet
  facet normal 0.573554 0.819168 0
    outer loop
      vertex -15.1423 33.8716 -2
      vertex -15.1423 33.8716 2
      vertex -14 33.0718 -2
    endloop
  endfacet
  facet normal 0 0 1
    outer loop
      vertex -15.1423 33.8716 2
      vertex -14 -33.0718 2
      vertex -14 33.0718 2
    endloop
  endfacet
  facet normal 0.573554 0.819168 0
    outer loop
      vertex -15.1423 33.8716 2
      vertex -14 33.0718 2
      vertex -14 33.0718 -2
    endloop
  endfacet
  facet normal 0.573554 -0.819168 0
    outer loop
      vertex -15.1423 46.1284 -2
      vertex -14 46.9282 -2
      vertex -14 46.9282 2
    endloop
  endfacet
  facet normal 0.573554 -0.819168 0
    outer loop
      vertex -15.1423 46.1284 -2
      vertex -14 46.9282 2
      vertex -15.1423 46.1284 2
    endloop
  endfacet
  facet normal 0.422607 0.906313 0
    outer loop
      vertex -14 -46.9282 -2
      vertex -14 -46.9282 2
      vertex -12.7362 -47.5175 -2
    endloop
  endfacet
  facet normal 0.422607 0.906313 0
    outer loop
      vertex -14 -46.9282 2
      vertex -12.7362 -47.5175 2
      vertex -12.7362 -47.5175 -2
    endloop
  endfacet
  facet normal 0 0 -1
    outer loop
      vertex -14 -33.0718 -2
      vertex -14 33.0718 -2
      vertex -12.7362 32.4825 -2
    endloop
  endfacet
  facet normal 0.422607 -0.906313 0
    outer loop
      vertex -14 -33.0718 -2
      vertex -12.7362 -32.4825 -2
      vertex -12.7362 -32.4825 2
    endloop
  endfacet
  facet normal 0.422607 -0.906313 0
    outer loop
      vertex -14 -33.0718 -2
      vertex -12.7362 -32.4825 2
      vertex -14 -33.0718 2
    endloop
  endfacet
  facet normal 0 0 -1
    outer loop
      vertex -14 -33.0718 -2
      vertex -12.7362 32.4825 -2
      vertex -12.7362 -32.4825 -2
    endloop
  endfacet
  facet normal 0 0 1
    outer loop
      vertex -14 -33.0718 2
      vertex -12.7362 -32.4825 2
      vertex -14 33.0718 2
    endloop
  endfacet
  facet normal 0.422607 0.906313 0
    outer loop
      vertex -14 33.0718 -2
      vertex -14 33.0718 2
      vertex -12.7362 32.4825 -2
    endloop
  endfacet
  facet normal 0 0 1
    outer loop
      vertex -14 33.0718 2
      vertex -12.7362 -32.4825 2
      vertex -12.7362 32.4825 2
    endloop
  endfacet
  facet normal 0.422607 0.906313 0
    outer loop
      vertex -14 33.0718 2
      vertex -12.7362 32.4825 2
      vertex -12.7362 32.4825 -2
    endloop
  endfacet
  facet normal 0.422607 -0.906313 0
    outer loop
      vertex -14 46.9282 -2
      vertex -12.7362 47.5175 -2
      vertex -12.7362 47.5175 2
    endloop
  endfacet
  facet normal 0.422607 -0.906313 0
    outer loop
      vertex -14 46.9282 -2
      vertex -12.7362 47.5175 2
      vertex -14 46.9282 2
    endloop
  endfacet
  facet normal 0.258868 0.965913 0
    outer loop
      vertex -12.7362 -47.5175 -2
      vertex -12.7362 -47.5175 2
      vertex -11.3892 -47.8785 -2
    endloop
  endfacet
  facet normal 0.258868 0.965913 0
    outer loop
      vertex -12.7362 -47.5175 2
      vertex -11.3892 -47.8785 2
      vertex -11.3892 -47.8785 -2
    endloop
  endfacet
  facet normal 0 0 -1
    outer loop
      vertex -12.7362 -32.4825 -2
      vertex -12.7362 32.4825 -2
      vertex -11.3892 32.1215 -2
    endloop
  endfacet
  facet normal 0.258868 -0.965913 0
    outer loop
      vertex -12.7362 -32.4825 -2
      vertex -11.3892 -32.1215 -2
      vertex -11.3892 -32.1215 2
    endloop
  endfacet
  facet normal 0.258868 -0.965913 0
    outer loop
      vertex -12.7362 -32.4825 -2
      vertex -11.3892 -32.1215 2
      vertex -12.7362 -32.4825 2
    endloop
  endfacet
  facet normal 0 0 -1
    outer loop
      vertex -12.7362 -32.4825 -2
      vertex -11.3892 32.1215 -2
      vertex -11.3892 -32.1215 -2
    endloop
  endfacet
  facet normal 0 0 1
    outer loop
      vertex -12.7362 -32.4825 2
      vertex -11.3892 -32.1215 2
      vertex -12.7362 32.4825 2
    endloop
  endfacet
  facet normal 0.258868 0.965913 0
    outer loop
      vertex -12.7362 32.4825 -2
      vertex -12.7362 32.4825 2
      vertex -11.3892 32.1215 -2
    endloop
  endfacet
  facet normal 0 0 1
    outer loop
      vertex -12.7362 32.4825 2
      vertex -11.3892 -32.1215 2
      vertex -11.3892 32.1215 2
    endloop
  endfacet
  facet normal 0.258868 0.965913 0
    outer loop
      vertex -12.7362 32.4825 2
      vertex -11.3892 32.1215 2
      vertex -11.3892 32.1215 -2
    endloop
  endfacet
  facet normal 0.258868 -0.965913 0
    outer loop
      vertex -12.7362 47.5175 -2
      vertex -11.3892 47.8785 -2
      vertex -11.3892 47.8785 2
    endloop
  endfacet
  facet normal 0.258868 -0.965913 0
    outer loop
      vertex -12.7362 47.5175 -2
      vertex -11.3892 47.8785 2
      vertex -12.7362 47.5175 2
    endloop
  endfacet
  facet normal 0.0871278 0.996197 0
    outer loop
      vertex -11.3892 -47.8785 -2
      vertex -11.3892 -47.8785 2
      vertex -10 -48 -2
    endloop
  endfacet
  facet normal 0.0871278 0.996197 0
    outer loop
      vertex -11.3892 -47.8785 2
      vertex -10 -48 2
      vertex -10 -48 -2
    endloop
  endfacet
  facet normal 0 0 -1
    outer loop
      vertex -11.3892 -32.1215 -2
      vertex -11.3892 32.1215 -2
      vertex -10 32 -2
    endloop
  endfacet
  facet normal 0.0871278 -0.996197 0
    outer loop
      vertex -11.3892 -32.1215 -2
      vertex -10 -32 -2
      vertex -10 -32 2
    endloop
  endfacet
  facet normal 0.0871278 -0.996197 0
    outer loop
      vertex -11.3892 -32.1215 -2
      vertex -10 -32 2
      vertex -11.3892 -32.1215 2
    endloop
  endfacet
  facet normal 0 0 -1
    outer loop
      vertex -11.3892 -32.1215 -2
      vertex -10 32 -2
      vertex -10 -32 -2
    endloop
  endfacet
  facet normal 0 0 1
    outer loop
      vertex -11.3892 -32.1215 2
      vertex -10 -32 2
      vertex -11.3892 32.1215 2
    endloop
  endfacet
  facet normal 0.0871278 0.996197 0
    outer loop
      vertex -11.3892 32.1215 -2
      vertex -11.3892 32.1215 2
      vertex -10 32 -2
    endloop
  endfacet
  facet normal 0 0 1
    outer loop
      vertex -11.3892 32.1215 2
      vertex -10 -32 2
      vertex -10 32 2
    endloop
  endfacet
  facet normal 0.0871278 0.996197 0
    outer loop
      vertex -11.3892 32.1215 2
      vertex -10 32 2
      vertex -10 32 -2
    endloop
  endfacet
  facet normal 0.0871278 -0.996197 0
    outer loop
      vertex -11.3892 47.8785 -2
      vertex -10 48 -2
      vertex -10 48 2
    endloop
  endfacet
  facet normal 0.0871278 -0.996197 0
    outer loop
      vertex -11.3892 47.8785 -2
      vertex -10 48 2
      vertex -11.3892 47.8785 2
    endloop
  endfacet
  facet normal -0.0871284 0.996197 0
    outer loop
      vertex -10 -48 -2
      vertex -10 -48 2
      vertex -8.61081 -47.8785 -2
    endloop
  endfacet
  facet normal 0 0 -1
    outer loop
      vertex -10 -48 -2
      vertex -8.61081 -47.8785 -2
      vertex 68.6108 -47.8785 -2
    endloop
  endfacet
  facet normal 0 0 -1
    outer loop
      vertex -10 -48 -2
      vertex 68.6108 -47.8785 -2
      vertex 70 -48 -2
    endloop
  endfacet
  facet normal 0 0 -1
    outer loop
      vertex -10 -48 -2
      vertex 70 -48 -2
      vertex 250 -80 -2
    endloop
  endfacet
  facet normal -0.0871284 0.996197 0
    outer loop
      vertex -10 -48 2
      vertex -8.61081 -47.8785 2
      vertex -8.61081 -47.8785 -2
    endloop
  endfacet
  facet normal 0 0 1
    outer loop
      vertex -10 -48 2
      vertex 68.6108 -47.8785 2
      vertex -8.61081 -47.8785 2
    endloop
  endfacet
  facet normal 0 0 1
    outer loop
      vertex -10 -48 2
      vertex 70 -48 2
      vertex 68.6108 -47.8785 2
    endloop
  endfacet
  facet normal 0 0 1
    outer loop
      vertex -10 -48 2
      vertex 250 -76 2
      vertex 70 -48 2
    endloop
  endfacet
  facet normal 0 0 -1
    outer loop
      vertex -10 -32 -2
      vertex -10 32 -2
      vertex -8.61081 32.1215 -2
    endloop
  endfacet
  facet normal -0.0871284 -0.996197 0
    outer loop
      vertex -10 -32 -2
      vertex -8.61081 -32.1215 -2
      vertex -8.61081 -32.1215 2
    endloop
  endfacet
  facet normal -0.0871284 -0.996197 0
    outer loop
      vertex -10 -32 -2
      vertex -8.61081 -32.1215 2
      vertex -10 -32 2
    endloop
  endfacet
  facet normal 0 0 -1
    outer loop
      vertex -10 -32 -2
      vertex -8.61081 32.1215 -2
      vertex -8.61081 -32.1215 -2
    endloop
  endfacet
  facet normal 0 0 1
    outer loop
      vertex -10 -32 2
      vertex -8.61081 -32.1215 2
      vertex -10 32 2
    endloop
  endfacet
  facet normal -0.0871284 0.996197 0
    outer loop
      vertex -10 32 -2
      vertex -10 32 2
      vertex -8.61081 32.1215 -2
    endloop
  endfacet
  facet normal 0 0 1
    outer loop
      vertex -10 32 2
      vertex -8.61081 -32.1215 2
      vertex -8.61081 32.1215 2
    endloop
  endfacet
  facet normal -0.0871284 0.996197 0
    outer loop
      vertex -10 32 2
      vertex -8.61081 32.1215 2
      vertex -8.61081 32.1215 -2
    endloop
  endfacet
  facet normal -0.0871284 -0.996197 0
    outer loop
      vertex -10 48 -2
      vertex -8.61081 47.8785 -2
      vertex -8.61081 47.8785 2
    endloop
  endfacet
  facet normal -0.0871284 -0.996197 0
    outer loop
      vertex -10 48 -2
      vertex -8.61081 47.8785 2
      vertex -10 48 2
    endloop
  endfacet
  facet normal 0 0 -1
    outer loop
      vertex -10 48 -2
      vertex 68.6108 47.8785 -2
      vertex -8.61081 47.8785 -2
    endloop
  endfacet
  facet normal 0 0 -1
    outer loop
      vertex -10 48 -2
      vertex 70 48 -2
      vertex 68.6108 47.8785 -2
    endloop
  endfacet
  facet normal 0 0 -1
    outer loop
      vertex -10 48 -2
      vertex 250 80 -2
      vertex 70 48 -2
    endloop
  endfacet
  facet normal 0 0 1
    outer loop
      vertex -10 48 2
      vertex -8.61081 47.8785 2
      vertex 68.6108 47.8785 2
    endloop
  endfacet
  facet normal 0 0 1
    outer loop
      vertex -10 48 2
      vertex 68.6108 47.8785 2
      vertex 70 48 2
    endloop
  endfacet
  facet normal 0 0 1
    outer loop
      vertex -10 48 2
      vertex 70 48 2
      vertex 250 76 2
    endloop
  endfacet
  facet normal -0.258873 0.965911 0
    outer loop
      vertex -8.61081 -47.8785 -2
      vertex -8.61081 -47.8785 2
      vertex -7.26384 -47.5175 -2
    endloop
  endfacet
  facet normal 0 0 -1
    outer loop
      vertex -8.61081 -47.8785 -2
      vertex -7.26384 -47.5175 -2
      vertex 68.6108 -47.8785 -2
    endloop
  endfacet
  facet normal -0.258873 0.965911 0
    outer loop
      vertex -8.61081 -47.8785 2
      vertex -7.26384 -47.5175 2
      vertex -7.26384 -47.5175 -2
    endloop
  endfacet
  facet normal 0 0 1
    outer loop
      vertex -8.61081 -47.8785 2
      vertex 68.6108 -47.8785 2
      vertex -7.26384 -47.5175 2
    endloop
  endfacet
  facet normal 0 0 -1
    outer loop
      vertex -8.61081 -32.1215 -2
      vertex -8.61081 32.1215 -2
      vertex -7.26384 32.4825 -2
    endloop
  endfacet
  facet normal -0.258873 -0.965911 0
    outer loop
      vertex -8.61081 -32.1215 -2
      vertex -7.26384 -32.4825 -2
      vertex -7.26384 -32.4825 2
    endloop
  endfacet
  facet normal -0.258873 -0.965911 0
    outer loop
      vertex -8.61081 -32.1215 -2
      vertex -7.26384 -32.4825 2
      vertex -8.61081 -32.1215 2
    endloop
  endfacet
  facet normal 0 0 -1
    outer loop
      vertex -8.61081 -32.1215 -2
      vertex -7.26384 32.4825 -2
      vertex -7.26384 -32.4825 -2
    endloop
  endfacet
  facet normal 0 0 1
    outer loop
      vertex -8.61081 -32.1215 2
      vertex -7.26384 -32.4825 2
      vertex -8.61081 32.1215 2
    endloop
  endfacet
  facet normal -0.258873 0.965911 0
    outer loop
      vertex -8.61081 32.1215 -2
      vertex -8.61081 32.1215 2
      vertex -7.26384 32.4825 -2
    endloop
  endfacet
  facet normal 0 0 1
    outer loop
      vertex -8.61081 32.1215 2
      vertex -7.26384 -32.4825 2
      vertex -7.26384 32.4825 2
    endloop
  endfacet
  facet normal -0.258873 0.965911 0
    outer loop
      vertex -8.61081 32.1215 2
      vertex -7.26384 32.4825 2
      vertex -7.26384 32.4825 -2
    endloop
  endfacet
  facet normal -0.258873 -0.965911 0
    outer loop
      vertex -8.61081 47.8785 -2
      vertex -7.26384 47.5175 -2
      vertex -7.26384 47.5175 2
    endloop
  endfacet
  facet normal -0.258873 -0.965911 0
    outer loop
      vertex -8.61081 47.8785 -2
      vertex -7.26384 47.5175 2
      vertex -8.61081 47.8785 2
    endloop
  endfacet
  facet normal 0 0 -1
    outer loop
      vertex -8.61081 47.8785 -2
      vertex 68.6108 47.8785 -2
      vertex -7.26384 47.5175 -2
    endloop
  endfacet
  facet normal 0 0 1
    outer loop
      vertex -8.61081 47.8785 2
      vertex -7.26384 47.5175 2
      vertex 68.6108 47.8785 2
    endloop
  endfacet
  facet normal -0.422596 0.906318 0
    outer loop
      vertex -7.26384 -47.5175 -2
      vertex -7.26384 -47.5175 2
      vertex -6 -46.9282 -2
    endloop
  endfacet
  facet normal 0 0 -1
    outer loop
      vertex -7.26384 -47.5175 -2
      vertex -6 -46.9282 -2
      vertex 67.2638 -47.5175 -2
    endloop
  endfacet
  facet normal 0 0 -1
    outer loop
      vertex -7.26384 -47.5175 -2
      vertex 67.2638 -47.5175 -2
      vertex 68.6108 -47.8785 -2
    endloop
  endfacet
  facet normal -0.422596 0.906318 0
    outer loop
      vertex -7.26384 -47.5175 2
      vertex -6 -46.9282 2
      vertex -6 -46.9282 -2
    endloop
  endfacet
  facet normal 0 0 1
    outer loop
      vertex -7.26384 -47.5175 2
      vertex 67.2638 -47.5175 2
      vertex -6 -46.9282 2
    endloop
  endfacet
  facet normal 0 0 1
    outer loop
      vertex -7.26384 -47.5175 2
      vertex 68.6108 -47.8785 2
      vertex 67.2638 -47.5175 2
    endloop
  endfacet
  facet normal 0 0 -1
    outer loop
      vertex -7.26384 -32.4825 -2
      vertex -7.26384 32.4825 -2
      vertex -6 33.0718 -2
    endloop
  endfacet
  facet normal -0.422596 -0.906318 0
    outer loop
      vertex -7.26384 -32.4825 -2
      vertex -6 -33.0718 -2
      vertex -6 -33.0718 2
    endloop
  endfacet
  facet normal -0.422596 -0.906318 0
    outer loop
      vertex -7.26384 -32.4825 -2
      vertex -6 -33.0718 2
      vertex -7.26384 -32.4825 2
    endloop
  endfacet
  facet normal 0 0 -1
    outer loop
      vertex -7.26384 -32.4825 -2
      vertex -6 33.0718 -2
      vertex -6 -33.0718 -2
    endloop
  endfacet
  facet normal 0 0 1
    outer loop
      vertex -7.26384 -32.4825 2
      vertex -6 -33.0718 2
      vertex -7.26384 32.4825 2
    endloop
  endfacet
  facet normal -0.422596 0.906318 0
    outer loop
      vertex -7.26384 32.4825 -2
      vertex -7.26384 32.4825 2
      vertex -6 33.0718 -2
    endloop
  endfacet
  facet normal 0 0 1
    outer loop
      vertex -7.26384 32.4825 2
      vertex -6 -33.0718 2
      vertex -6 33.0718 2
    endloop
  endfacet
  facet normal -0.422596 0.906318 0
    outer loop
      vertex -7.26384 32.4825 2
      vertex -6 33.0718 2
      vertex -6 33.0718 -2
    endloop
  endfacet
  facet normal -0.422596 -0.906318 0
    outer loop
      vertex -7.26384 47.5175 -2
      vertex -6 46.9282 -2
      vertex -6 46.9282 2
    endloop
  endfacet
  facet normal -0.422596 -0.906318 0
    outer loop
      vertex -7.26384 47.5175 -2
      vertex -6 46.9282 2
      vertex -7.26384 47.5175 2
    endloop
  endfacet
  facet normal 0 0 -1
    outer loop
      vertex -7.26384 47.5175 -2
      vertex 67.2638 47.5175 -2
      vertex -6 46.9282 -2
    endloop
  endfacet
  facet normal 0 0 -1
    outer loop
      vertex -7.26384 47.5175 -2
      vertex 68.6108 47.8785 -2
      vertex 67.2638 47.5175 -2
    endloop
  endfacet
  facet normal 0 0 1
    outer loop
      vertex -7.26384 47.5175 2
      vertex -6 46.9282 2
      vertex 67.2638 47.5175 2
    endloop
  endfacet
  facet normal 0 0 1
    outer loop
      vertex -7.26384 47.5175 2
      vertex 67.2638 47.5175 2
      vertex 68.6108 47.8785 2
    endloop
  endfacet
  facet normal -0.573554 0.819168 0
    outer loop
      vertex -6 -46.9282 -2
      vertex -6 -46.9282 2
      vertex -4.8577 -46.1284 -2
    endloop
  endfacet
  facet normal 0 0 -1
    outer loop
      vertex -6 -46.9282 -2
      vertex -4.8577 -46.1284 -2
      vertex 66 -46.9282 -2
    endloop
  endfacet
  facet normal 0 0 -1
    outer loop
      vertex -6 -46.9282 -2
      vertex 66 -46.9282 -2
      vertex 67.2638 -47.5175 -2
    endloop
  endfacet
  facet normal -0.573554 0.819168 0
    outer loop
      vertex -6 -46.9282 2
      vertex -4.8577 -46.1284 2
      vertex -4.8577 -46.1284 -2
    endloop
  endfacet
  facet normal 0 0 1
    outer loop
      vertex -6 -46.9282 2
      vertex 66 -46.9282 2
      vertex -4.8577 -46.1284 2
    endloop
  endfacet
  facet normal 0 0 1
    outer loop
      vertex -6 -46.9282 2
      vertex 67.2638 -47.5175 2
      vertex 66 -46.9282 2
    endloop
  endfacet
  facet normal 0 0 -1
    outer loop
      vertex -6 -33.0718 -2
      vertex -6 33.0718 -2
      vertex -4.8577 33.8716 -2
    endloop
  endfacet
  facet normal -0.573554 -0.819168 0
    outer loop
      vertex -6 -33.0718 -2
      vertex -4.8577 -33.8716 -2
      vertex -4.8577 -33.8716 2
    endloop
  endfacet
  facet normal -0.573554 -0.819168 0
    outer loop
      vertex -6 -33.0718 -2
      vertex -4.8577 -33.8716 2
      vertex -6 -33.0718 2
    endloop
  endfacet
  facet normal 0 0 -1
    outer loop
      vertex -6 -33.0718 -2
      vertex -4.8577 33.8716 -2
      vertex -4.8577 -33.8716 -2
    endloop
  endfacet
  facet normal 0 0 1
    outer loop
      vertex -6 -33.0718 2
      vertex -4.8577 -33.8716 2
      vertex -6 33.0718 2
    endloop
  endfacet
  facet normal -0.573554 0.819168 0
    outer loop
      vertex -6 33.0718 -2
      vertex -6 33.0718 2
      vertex -4.8577 33.8716 -2
    endloop
  endfacet
  facet normal 0 0 1
    outer loop
      vertex -6 33.0718 2
      vertex -4.8577 -33.8716 2
      vertex -4.8577 33.8716 2
    endloop
  endfacet
  facet normal -0.573554 0.819168 0
    outer loop
      vertex -6 33.0718 2
      vertex -4.8577 33.8716 2
      vertex -4.8577 33.8716 -2
    endloop
  endfacet
  facet normal -0.573554 -0.819168 0
    outer loop
      vertex -6 46.9282 -2
      vertex -4.8577 46.1284 -2
      vertex -4.8577 46.1284 2
    endloop
  endfacet
  facet normal -0.573554 -0.819168 0
    outer loop
      vertex -6 46.9282 -2
      vertex -4.8577 46.1284 2
      vertex -6 46.9282 2
    endloop
  endfacet
  facet normal 0 0 -1
    outer loop
      vertex -6 46.9282 -2
      vertex 66 46.9282 -2
      vertex -4.8577 46.1284 -2
    endloop
  endfacet
  facet normal 0 0 -1
    outer loop
      vertex -6 46.9282 -2
      vertex 67.2638 47.5175 -2
      vertex 66 46.9282 -2
    endloop
  endfacet
  facet normal 0 0 1
    outer loop
      vertex -6 46.9282 2
      vertex -4.8577 46.1284 2
      vertex 66 46.9282 2
    endloop
  endfacet
  facet normal 0 0 1
    outer loop
      vertex -6 46.9282 2
      vertex 66 46.9282 2
      vertex 67.2638 47.5175 2
    endloop
  endfacet
  facet normal -0.707121 0.707092 0
    outer loop
      vertex -4.8577 -46.1284 -2
      vertex -4.8577 -46.1284 2
      vertex -3.87164 -45.1423 2
    endloop
  endfacet
  facet normal 0 0 -1
    outer loop
      vertex -4.8577 -46.1284 -2
      vertex -3.87164 -45.1423 -2
      vertex 64.8577 -46.1284 -2
    endloop
  endfacet
  facet normal -0.707121 0.707092 0
    outer loop
      vertex -4.8577 -46.1284 -2
      vertex -3.87164 -45.1423 2
      vertex -3.87164 -45.1423 -2
    endloop
  endfacet
  facet normal 0 0 -1
    outer loop
      vertex -4.8577 -46.1284 -2
      vertex 64.8577 -46.1284 -2
      vertex 66 -46.9282 -2
    endloop
  endfacet
  facet normal 0 0 1
    outer loop
      vertex -4.8577 -46.1284 2
      vertex 64.8577 -46.1284 2
      vertex -3.87164 -45.1423 2
    endloop
  endfacet
  facet normal 0 0 1
    outer loop
      vertex -4.8577 -46.1284 2
      vertex 66 -46.9282 2
      vertex 64.8577 -46.1284 2
    endloop
  endfacet
  facet normal 0 0 -1
    outer loop
      vertex -4.8577 -33.8716 -2
      vertex -4.8577 33.8716 -2
      vertex -3.87164 34.8577 -2
    endloop
  endfacet
  facet normal -0.707121 -0.707092 0
    outer loop
      vertex -4.8577 -33.8716 -2
      vertex -3.87164 -34.8577 -2
      vertex -3.87164 -34.8577 2
    endloop
  endfacet
  facet normal -0.707121 -0.707092 0
    outer loop
      vertex -4.8577 -33.8716 -2
      vertex -3.87164 -34.8577 2
      vertex -4.8577 -33.8716 2
    endloop
  endfacet
  facet normal 0 0 -1
    outer loop
      vertex -4.8577 -33.8716 -2
      vertex -3.87164 34.8577 -2
      vertex -3.87164 -34.8577 -2
    endloop
  endfacet
  facet normal 0 0 1
    outer loop
      vertex -4.8577 -33.8716 2
      vertex -3.87164 -34.8577 2
      vertex -4.8577 33.8716 2
    endloop
  endfacet
  facet normal -0.707121 0.707092 0
    outer loop
      vertex -4.8577 33.8716 -2
      vertex -4.8577 33.8716 2
      vertex -3.87164 34.8577 -2
    endloop
  endfacet
  facet normal 0 0 1
    outer loop
      vertex -4.8577 33.8716 2
      vertex -3.87164 -34.8577 2
      vertex -3.87164 34.8577 2
    endloop
  endfacet
  facet normal -0.707121 0.707092 0
    outer loop
      vertex -4.8577 33.8716 2
      vertex -3.87164 34.8577 2
      vertex -3.87164 34.8577 -2
    endloop
  endfacet
  facet normal -0.707121 -0.707092 0
    outer loop
      vertex -4.8577 46.1284 -2
      vertex -3.87164 45.1423 -2
      vertex -4.8577 46.1284 2
    endloop
  endfacet
  facet normal 0 0 -1
    outer loop
      vertex -4.8577 46.1284 -2
      vertex 64.8577 46.1284 -2
      vertex -3.87164 45.1423 -2
    endloop
  endfacet
  facet normal 0 0 -1
    outer loop
      vertex -4.8577 46.1284 -2
      vertex 66 46.9282 -2
      vertex 64.8577 46.1284 -2
    endloop
  endfacet
  facet normal -0.707121 -0.707092 0
    outer loop
      vertex -4.8577 46.1284 2
      vertex -3.87164 45.1423 -2
      vertex -3.87164 45.1423 2
    endloop
  endfacet
  facet normal 0 0 1
    outer loop
      vertex -4.8577 46.1284 2
      vertex -3.87164 45.1423 2
      vertex 64.8577 46.1284 2
    endloop
  endfacet
  facet normal 0 0 1
    outer loop
      vertex -4.8577 46.1284 2
      vertex 64.8577 46.1284 2
      vertex 66 46.9282 2
    endloop
  endfacet
  facet normal -0.819154 0.573573 0
    outer loop
      vertex -3.87164 -45.1423 -2
      vertex -3.87164 -45.1423 2
      vertex -3.0718 -44 2
    endloop
  endfacet
  facet normal 0 0 -1
    outer loop
      vertex -3.87164 -45.1423 -2
      vertex -3.0718 -44 -2
      vertex 63.8716 -45.1423 -2
    endloop
  endfacet
  facet normal -0.819154 0.573573 0
    outer loop
      vertex -3.87164 -45.1423 -2
      vertex -3.0718 -44 2
      vertex -3.0718 -44 -2
    endloop
  endfacet
  facet normal 0 0 -1
    outer loop
      vertex -3.87164 -45.1423 -2
      vertex 63.8716 -45.1423 -2
      vertex 64.8577 -46.1284 -2
    endloop
  endfacet
  facet normal 0 0 1
    outer loop
      vertex -3.87164 -45.1423 2
      vertex 63.8716 -45.1423 2
      vertex -3.0718 -44 2
    endloop
  endfacet
  facet normal 0 0 1
    outer loop
      vertex -3.87164 -45.1423 2
      vertex 64.8577 -46.1284 2
      vertex 63.8716 -45.1423 2
    endloop
  endfacet
  facet normal 0 0 -1
    outer loop
      vertex -3.87164 -34.8577 -2
      vertex -3.87164 34.8577 -2
      vertex 63.8716 34.8577 -2
    endloop
  endfacet
  facet normal -0.819154 -0.573573 0
    outer loop
      vertex -3.87164 -34.8577 -2
      vertex -3.0718 -36 -2
      vertex -3.87164 -34.8577 2
    endloop
  endfacet
  facet normal 0 0 -1
    outer loop
      vertex -3.87164 -34.8577 -2
      vertex 63.8716 -34.8577 -2
      vertex -3.0718 -36 -2
    endloop
  endfacet
  facet normal 0 0 -1
    outer loop
      vertex -3.87164 -34.8577 -2
      vertex 63.8716 34.8577 -2
      vertex 63.8716 -34.8577 -2
    endloop
  endfacet
  facet normal -0.819154 -0.573573 0
    outer loop
      vertex -3.87164 -34.8577 2
      vertex -3.0718 -36 -2
      vertex -3.0718 -36 2
    endloop
  endfacet
  facet normal 0 0 1
    outer loop
      vertex -3.87164 -34.8577 2
      vertex -3.0718 -36 2
      vertex 63.8716 -34.8577 2
    endloop
  endfacet
  facet normal 0 0 1
    outer loop
      vertex -3.87164 -34.8577 2
      vertex 63.8716 -34.8577 2
      vertex -3.87164 34.8577 2
    endloop
  endfacet
  facet normal -0.819154 0.573573 0
    outer loop
      vertex -3.87164 34.8577 -2
      vertex -3.87164 34.8577 2
      vertex -3.0718 36 2
    endloop
  endfacet
  facet normal 0 0 -1
    outer loop
      vertex -3.87164 34.8577 -2
      vertex -3.0718 36 -2
      vertex 63.8716 34.8577 -2
    endloop
  endfacet
  facet normal -0.819154 0.573573 0
    outer loop
      vertex -3.87164 34.8577 -2
      vertex -3.0718 36 2
      vertex -3.0718 36 -2
    endloop
  endfacet
  facet normal 0 0 1
    outer loop
      vertex -3.87164 34.8577 2
      vertex 63.8716 -34.8577 2
      vertex 63.8716 34.8577 2
    endloop
  endfacet
  facet normal 0 0 1
    outer loop
      vertex -3.87164 34.8577 2
      vertex 63.8716 34.8577 2
      vertex -3.0718 36 2
    endloop
  endfacet
  facet normal -0.819154 -0.573573 0
    outer loop
      vertex -3.87164 45.1423 -2
      vertex -3.0718 44 -2
      vertex -3.87164 45.1423 2
    endloop
  endfacet
  facet normal 0 0 -1
    outer loop
      vertex -3.87164 45.1423 -2
      vertex 63.8716 45.1423 -2
      vertex -3.0718 44 -2
    endloop
  endfacet
  facet normal 0 0 -1
    outer loop
      vertex -3.87164 45.1423 -2
      vertex 64.8577 46.1284 -2
      vertex 63.8716 45.1423 -2
    endloop
  endfacet
  facet normal -0.819154 -0.573573 0
    outer loop
      vertex -3.87164 45.1423 2
      vertex -3.0718 44 -2
      vertex -3.0718 44 2
    endloop
  endfacet
  facet normal 0 0 1
    outer loop
      vertex -3.87164 45.1423 2
      vertex -3.0718 44 2
      vertex 63.8716 45.1423 2
    endloop
  endfacet
  facet normal 0 0 1
    outer loop
      vertex -3.87164 45.1423 2
      vertex 63.8716 45.1423 2
      vertex 64.8577 46.1284 2
    endloop
  endfacet
  facet normal -0.906302 0.42263 0
    outer loop
      vertex -3.0718 -44 -2
      vertex -3.0718 -44 2
      vertex -2.48246 -42.7362 2
    endloop
  endfacet
  facet normal 0 0 -1
    outer loop
      vertex -3.0718 -44 -2
      vertex -2.48246 -42.7362 -2
      vertex 63.0718 -44 -2
    endloop
  endfacet
  facet normal -0.906302 0.42263 0
    outer loop
      vertex -3.0718 -44 -2
      vertex -2.48246 -42.7362 2
      vertex -2.48246 -42.7362 -2
    endloop
  endfacet
  facet normal 0 0 -1
    outer loop
      vertex -3.0718 -44 -2
      vertex 63.0718 -44 -2
      vertex 63.8716 -45.1423 -2
    endloop
  endfacet
  facet normal 0 0 1
    outer loop
      vertex -3.0718 -44 2
      vertex 63.0718 -44 2
      vertex -2.48246 -42.7362 2
    endloop
  endfacet
  facet normal 0 0 1
    outer loop
      vertex -3.0718 -44 2
      vertex 63.8716 -45.1423 2
      vertex 63.0718 -44 2
    endloop
  endfacet
  facet normal -0.906302 -0.42263 0
    outer loop
      vertex -3.0718 -36 -2
      vertex -2.48246 -37.2638 -2
      vertex -3.0718 -36 2
    endloop
  endfacet
  facet normal 0 0 -1
    outer loop
      vertex -3.0718 -36 -2
      vertex 63.0718 -36 -2
      vertex -2.48246 -37.2638 -2
    endloop
  endfacet
  facet normal 0 0 -1
    outer loop
      vertex -3.0718 -36 -2
      vertex 63.8716 -34.8577 -2
      vertex 63.0718 -36 -2
    endloop
  endfacet
  facet normal -0.906302 -0.42263 0
    outer loop
      vertex -3.0718 -36 2
      vertex -2.48246 -37.2638 -2
      vertex -2.48246 -37.2638 2
    endloop
  endfacet
  facet normal 0 0 1
    outer loop
      vertex -3.0718 -36 2
      vertex -2.48246 -37.2638 2
      vertex 63.8716 -34.8577 2
    endloop
  endfacet
  facet normal -0.906302 0.42263 0
    outer loop
      vertex -3.0718 36 -2
      vertex -3.0718 36 2
      vertex -2.48246 37.2638 2
    endloop
  endfacet
  facet normal 0 0 -1
    outer loop
      vertex -3.0718 36 -2
      vertex -2.48246 37.2638 -2
      vertex 63.8716 34.8577 -2
    endloop
  endfacet
  facet normal -0.906302 0.42263 0
    outer loop
      vertex -3.0718 36 -2
      vertex -2.48246 37.2638 2
      vertex -2.48246 37.2638 -2
    endloop
  endfacet
  facet normal 0 0 1
    outer loop
      vertex -3.0718 36 2
      vertex 63.0718 36 2
      vertex -2.48246 37.2638 2
    endloop
  endfacet
  facet normal 0 0 1
    outer loop
      vertex -3.0718 36 2
      vertex 63.8716 34.8577 2
      vertex 63.0718 36 2
    endloop
  endfacet
  facet normal -0.906302 -0.42263 0
    outer loop
      vertex -3.0718 44 -2
      vertex -2.48246 42.7362 -2
      vertex -3.0718 44 2
    endloop
  endfacet
  facet normal 0 0 -1
    outer loop
      vertex -3.0718 44 -2
      vertex 63.0718 44 -2
      vertex -2.48246 42.7362 -2
    endloop
  endfacet
  facet normal 0 0 -1
    outer loop
      vertex -3.0718 44 -2
      vertex 63.8716 45.1423 -2
      vertex 63.0718 44 -2
    endloop
  endfacet
  facet normal -0.906302 -0.42263 0
    outer loop
      vertex -3.0718 44 2
      vertex -2.48246 42.7362 -2
      vertex -2.48246 42.7362 2
    endloop
  endfacet
  facet normal 0 0 1
    outer loop
      vertex -3.0718 44 2
      vertex -2.48246 42.7362 2
      vertex 63.0718 44 2
    endloop
  endfacet
  facet normal 0 0 1
    outer loop
      vertex -3.0718 44 2
      vertex 63.0718 44 2
      vertex 63.8716 45.1423 2
    endloop
  endfacet
  facet normal -0.965927 0.258814 0
    outer loop
      vertex -2.48246 -42.7362 -2
      vertex -2.48246 -42.7362 2
      vertex -2.12154 -41.3892 2
    endloop
  endfacet
  facet normal 0 0 -1
    outer loop
      vertex -2.48246 -42.7362 -2
      vertex -2.12154 -41.3892 -2
      vertex 62.4825 -42.7362 -2
    endloop
  endfacet
  facet normal -0.965927 0.258814 0
    outer loop
      vertex -2.48246 -42.7362 -2
      vertex -2.12154 -41.3892 2
      vertex -2.12154 -41.3892 -2
    endloop
  endfacet
  facet normal 0 0 -1
    outer loop
      vertex -2.48246 -42.7362 -2
      vertex 62.4825 -42.7362 -2
      vertex 63.0718 -44 -2
    endloop
  endfacet
  facet normal 0 0 1
    outer loop
      vertex -2.48246 -42.7362 2
      vertex 62.4825 -42.7362 2
      vertex -2.12154 -41.3892 2
    endloop
  endfacet
  facet normal 0 0 1
    outer loop
      vertex -2.48246 -42.7362 2
      vertex 63.0718 -44 2
      vertex 62.4825 -42.7362 2
    endloop
  endfacet
  facet normal -0.965927 -0.258814 0
    outer loop
      vertex -2.48246 -37.2638 -2
      vertex -2.12154 -38.6108 -2
      vertex -2.48246 -37.2638 2
    endloop
  endfacet
  facet normal 0 0 -1
    outer loop
      vertex -2.48246 -37.2638 -2
      vertex 62.4825 -37.2638 -2
      vertex -2.12154 -38.6108 -2
    endloop
  endfacet
  facet normal 0 0 -1
    outer loop
      vertex -2.48246 -37.2638 -2
      vertex 63.0718 -36 -2
      vertex 62.4825 -37.2638 -2
    endloop
  endfacet
  facet normal -0.965927 -0.258814 0
    outer loop
      vertex -2.48246 -37.2638 2
      vertex -2.12154 -38.6108 -2
      vertex -2.12154 -38.6108 2
    endloop
  endfacet
  facet normal 0 0 1
    outer loop
      vertex -2.48246 -37.2638 2
      vertex -2.12154 -38.6108 2
      vertex 63.8716 -34.8577 2
    endloop
  endfacet
  facet normal -0.965927 0.258814 0
    outer loop
      vertex -2.48246 37.2638 -2
      vertex -2.48246 37.2638 2
      vertex -2.12154 38.6108 2
    endloop
  endfacet
  facet normal 0 0 -1
    outer loop
      vertex -2.48246 37.2638 -2
      vertex -2.12154 38.6108 -2
      vertex 63.8716 34.8577 -2
    endloop
  endfacet
  facet normal -0.965927 0.258814 0
    outer loop
      vertex -2.48246 37.2638 -2
      vertex -2.12154 38.6108 2
      vertex -2.12154 38.6108 -2
    endloop
  endfacet
  facet normal 0 0 1
    outer loop
      vertex -2.48246 37.2638 2
      vertex 62.4825 37.2638 2
      vertex -2.12154 38.6108 2
    endloop
  endfacet
  facet normal 0 0 1
    outer loop
      vertex -2.48246 37.2638 2
      vertex 63.0718 36 2
      vertex 62.4825 37.2638 2
    endloop
  endfacet
  facet normal -0.965927 -0.258814 0
    outer loop
      vertex -2.48246 42.7362 -2
      vertex -2.12154 41.3892 -2
      vertex -2.48246 42.7362 2
    endloop
  endfacet
  facet normal 0 0 -1
    outer loop
      vertex -2.48246 42.7362 -2
      vertex 62.4825 42.7362 -2
      vertex -2.12154 41.3892 -2
    endloop
  endfacet
  facet normal 0 0 -1
    outer loop
      vertex -2.48246 42.7362 -2
      vertex 63.0718 44 -2
      vertex 62.4825 42.7362 -2
    endloop
  endfacet
  facet normal -0.965927 -0.258814 0
    outer loop
      vertex -2.48246 42.7362 2
      vertex -2.12154 41.3892 -2
      vertex -2.12154 41.3892 2
    endloop
  endfacet
  facet normal 0 0 1
    outer loop
      vertex -2.48246 42.7362 2
      vertex -2.12154 41.3892 2
      vertex 62.4825 42.7362 2
    endloop
  endfacet
  facet normal 0 0 1
    outer loop
      vertex -2.48246 42.7362 2
      vertex 62.4825 42.7362 2
      vertex 63.0718 44 2
    endloop
  endfacet
  facet normal -0.996195 0.0871563 0
    outer loop
      vertex -2.12154 -41.3892 -2
      vertex -2.12154 -41.3892 2
      vertex -2 -40 2
    endloop
  endfacet
  facet normal 0 0 -1
    outer loop
      vertex -2.12154 -41.3892 -2
      vertex -2 -40 -2
      vertex 62.1215 -41.3892 -2
    endloop
  endfacet
  facet normal -0.996195 0.0871563 0
    outer loop
      vertex -2.12154 -41.3892 -2
      vertex -2 -40 2
      vertex -2 -40 -2
    endloop
  endfacet
  facet normal 0 0 -1
    outer loop
      vertex -2.12154 -41.3892 -2
      vertex 62.1215 -41.3892 -2
      vertex 62.4825 -42.7362 -2
    endloop
  endfacet
  facet normal 0 0 1
    outer loop
      vertex -2.12154 -41.3892 2
      vertex 62.1215 -41.3892 2
      vertex -2 -40 2
    endloop
  endfacet
  facet normal 0 0 1
    outer loop
      vertex -2.12154 -41.3892 2
      vertex 62.4825 -42.7362 2
      vertex 62.1215 -41.3892 2
    endloop
  endfacet
  facet normal -0.996195 -0.0871563 0
    outer loop
      vertex -2.12154 -38.6108 -2
      vertex -2 -40 -2
      vertex -2.12154 -38.6108 2
    endloop
  endfacet
  facet normal 0 0 -1
    outer loop
      vertex -2.12154 -38.6108 -2
      vertex 62.1215 -38.6108 -2
      vertex -2 -40 -2
    endloop
  endfacet
  facet normal 0 0 -1
    outer loop
      vertex -2.12154 -38.6108 -2
      vertex 62.4825 -37.2638 -2
      vertex 62.1215 -38.6108 -2
    endloop
  endfacet
  facet normal -0.996195 -0.0871563 0
    outer loop
      vertex -2.12154 -38.6108 2
      vertex -2 -40 -2
      vertex -2 -40 2
    endloop
  endfacet
  facet normal 0 0 1
    outer loop
      vertex -2.12154 -38.6108 2
      vertex -2 -40 2
      vertex 63.8716 -34.8577 2
    endloop
  endfacet
  facet normal -0.996195 0.0871563 0
    outer loop
      vertex -2.12154 38.6108 -2
      vertex -2.12154 38.6108 2
      vertex -2 40 2
    endloop
  endfacet
  facet normal 0 0 -1
    outer loop
      vertex -2.12154 38.6108 -2
      vertex -2 40 -2
      vertex 63.8716 34.8577 -2
    endloop
  endfacet
  facet normal -0.996195 0.0871563 0
    outer loop
      vertex -2.12154 38.6108 -2
      vertex -2 40 2
      vertex -2 40 -2
    endloop
  endfacet
  facet normal 0 0 1
    outer loop
      vertex -2.12154 38.6108 2
      vertex 62.1215 38.6108 2
      vertex -2 40 2
    endloop
  endfacet
  facet normal 0 0 1
    outer loop
      vertex -2.12154 38.6108 2
      vertex 62.4825 37.2638 2
      vertex 62.1215 38.6108 2
    endloop
  endfacet
  facet normal -0.996195 -0.0871563 0
    outer loop
      vertex -2.12154 41.3892 -2
      vertex -2 40 -2
      vertex -2.12154 41.3892 2
    endloop
  endfacet
  facet normal 0 0 -1
    outer loop
      vertex -2.12154 41.3892 -2
      vertex 62.1215 41.3892 -2
      vertex -2 40 -2
    endloop
  endfacet
  facet normal 0 0 -1
    outer loop
      vertex -2.12154 41.3892 -2
      vertex 62.4825 42.7362 -2
      vertex 62.1215 41.3892 -2
    endloop
  endfacet
  facet normal -0.996195 -0.0871563 0
    outer loop
      vertex -2.12154 41.3892 2
      vertex -2 40 -2
      vertex -2 40 2
    endloop
  endfacet
  facet normal 0 0 1
    outer loop
      vertex -2.12154 41.3892 2
      vertex -2 40 2
      vertex 62.1215 41.3892 2
    endloop
  endfacet
  facet normal 0 0 1
    outer loop
      vertex -2.12154 41.3892 2
      vertex 62.1215 41.3892 2
      vertex 62.4825 42.7362 2
    endloop
  endfacet
  facet normal 0 0 -1
    outer loop
      vertex -2 -40 -2
      vertex 62 -40 -2
      vertex 62.1215 -41.3892 -2
    endloop
  endfacet
  facet normal 0 0 -1
    outer loop
      vertex -2 -40 -2
      vertex 62.1215 -38.6108 -2
      vertex 62 -40 -2
    endloop
  endfacet
  facet normal 0 0 1
    outer loop
      vertex -2 -40 2
      vertex 62 -40 2
      vertex 62.1215 -38.6108 2
    endloop
  endfacet
  facet normal 0 0 1
    outer loop
      vertex -2 -40 2
      vertex 62.1215 -41.3892 2
      vertex 62 -40 2
    endloop
  endfacet
  facet normal 0 0 1
    outer loop
      vertex -2 -40 2
      vertex 62.1215 -38.6108 2
      vertex 62.4825 -37.2638 2
    endloop
  endfacet
  facet normal 0 0 1
    outer loop
      vertex -2 -40 2
      vertex 62.4825 -37.2638 2
      vertex 63.0718 -36 2
    endloop
  endfacet
  facet normal 0 0 1
    outer loop
      vertex -2 -40 2
      vertex 63.0718 -36 2
      vertex 63.8716 -34.8577 2
    endloop
  endfacet
  facet normal 0 0 -1
    outer loop
      vertex -2 40 -2
      vertex 62 40 -2
      vertex 62.1215 38.6108 -2
    endloop
  endfacet
  facet normal 0 0 -1
    outer loop
      vertex -2 40 -2
      vertex 62.1215 38.6108 -2
      vertex 62.4825 37.2638 -2
    endloop
  endfacet
  facet normal 0 0 -1
    outer loop
      vertex -2 40 -2
      vertex 62.1215 41.3892 -2
      vertex 62 40 -2
    endloop
  endfacet
  facet normal 0 0 -1
    outer loop
      vertex -2 40 -2
      vertex 62.4825 37.2638 -2
      vertex 63.0718 36 -2
    endloop
  endfacet
  facet normal 0 0 -1
    outer loop
      vertex -2 40 -2
      vertex 63.0718 36 -2
      vertex 63.8716 34.8577 -2
    endloop
  endfacet
  facet normal 0 0 1
    outer loop
      vertex -2 40 2
      vertex 62 40 2
      vertex 62.1215 41.3892 2
    endloop
  endfacet
  facet normal 0 0 1
    outer loop
      vertex -2 40 2
      vertex 62.1215 38.6108 2
      vertex 62 40 2
    endloop
  endfacet
  facet normal 0.996197 0.0871278 0
    outer loop
      vertex 62 -40 -2
      vertex 62 -40 2
      vertex 62.1215 -41.3892 2
    endloop
  endfacet
  facet normal 0.996197 0.0871278 0
    outer loop
      vertex 62 -40 -2
      vertex 62.1215 -41.3892 2
      vertex 62.1215 -41.3892 -2
    endloop
  endfacet
  facet normal 0.996197 -0.0871278 0
    outer loop
      vertex 62 -40 -2
      vertex 62.1215 -38.6108 -2
      vertex 62 -40 2
    endloop
  endfacet
  facet normal 0.996197 -0.0871278 0
    outer loop
      vertex 62 -40 2
      vertex 62.1215 -38.6108 -2
      vertex 62.1215 -38.6108 2
    endloop
  endfacet
  facet normal 0.996197 0.0871278 0
    outer loop
      vertex 62 40 -2
      vertex 62 40 2
      vertex 62.1215 38.6108 2
    endloop
  endfacet
  facet normal 0.996197 0.0871278 0
    outer loop
      vertex 62 40 -2
      vertex 62.1215 38.6108 2
      vertex 62.1215 38.6108 -2
    endloop
  endfacet
  facet normal 0.996197 -0.0871278 0
    outer loop
      vertex 62 40 -2
      vertex 62.1215 41.3892 -2
      vertex 62 40 2
    endloop
  endfacet
  facet normal 0.996197 -0.0871278 0
    outer loop
      vertex 62 40 2
      vertex 62.1215 41.3892 -2
      vertex 62.1215 41.3892 2
    endloop
  endfacet
  facet normal 0.965913 0.258868 0
    outer loop
      vertex 62.1215 -41.3892 -2
      vertex 62.1215 -41.3892 2
      vertex 62.4825 -42.7362 2
    endloop
  endfacet
  facet normal 0.965913 0.258868 0
    outer loop
      vertex 62.1215 -41.3892 -2
      vertex 62.4825 -42.7362 2
      vertex 62.4825 -42.7362 -2
    endloop
  endfacet
  facet normal 0.965913 -0.258868 0
    outer loop
      vertex 62.1215 -38.6108 -2
      vertex 62.4825 -37.2638 -2
      vertex 62.1215 -38.6108 2
    endloop
  endfacet
  facet normal 0.965913 -0.258868 0
    outer loop
      vertex 62.1215 -38.6108 2
      vertex 62.4825 -37.2638 -2
      vertex 62.4825 -37.2638 2
    endloop
  endfacet
  facet normal 0.965913 0.258868 0
    outer loop
      vertex 62.1215 38.6108 -2
      vertex 62.1215 38.6108 2
      vertex 62.4825 37.2638 2
    endloop
  endfacet
  facet normal 0.965913 0.258868 0
    outer loop
      vertex 62.1215 38.6108 -2
      vertex 62.4825 37.2638 2
      vertex 62.4825 37.2638 -2
    endloop
  endfacet
  facet normal 0.965913 -0.258868 0
    outer loop
      vertex 62.1215 41.3892 -2
      vertex 62.4825 42.7362 -2
      vertex 62.1215 41.3892 2
    endloop
  endfacet
  facet normal 0.965913 -0.258868 0
    outer loop
      vertex 62.1215 41.3892 2
      vertex 62.4825 42.7362 -2
      vertex 62.4825 42.7362 2
    endloop
  endfacet
  facet normal 0.906313 0.422607 0
    outer loop
      vertex 62.4825 -42.7362 -2
      vertex 62.4825 -42.7362 2
      vertex 63.0718 -44 2
    endloop
  endfacet
  facet normal 0.906313 0.422607 0
    outer loop
      vertex 62.4825 -42.7362 -2
      vertex 63.0718 -44 2
      vertex 63.0718 -44 -2
    endloop
  endfacet
  facet normal 0.906313 -0.422607 0
    outer loop
      vertex 62.4825 -37.2638 -2
      vertex 63.0718 -36 -2
      vertex 62.4825 -37.2638 2
    endloop
  endfacet
  facet normal 0.906313 -0.422607 0
    outer loop
      vertex 62.4825 -37.2638 2
      vertex 63.0718 -36 -2
      vertex 63.0718 -36 2
    endloop
  endfacet
  facet normal 0.906313 0.422607 0
    outer loop
      vertex 62.4825 37.2638 -2
      vertex 62.4825 37.2638 2
      vertex 63.0718 36 2
    endloop
  endfacet
  facet normal 0.906313 0.422607 0
    outer loop
      vertex 62.4825 37.2638 -2
      vertex 63.0718 36 2
      vertex 63.0718 36 -2
    endloop
  endfacet
  facet normal 0.906313 -0.422607 0
    outer loop
      vertex 62.4825 42.7362 -2
      vertex 63.0718 44 -2
      vertex 62.4825 42.7362 2
    endloop
  endfacet
  facet normal 0.906313 -0.422607 0
    outer loop
      vertex 62.4825 42.7362 2
      vertex 63.0718 44 -2
      vertex 63.0718 44 2
    endloop
  endfacet
  facet normal 0.819168 0.573554 0
    outer loop
      vertex 63.0718 -44 -2
      vertex 63.0718 -44 2
      vertex 63.8716 -45.1423 2
    endloop
  endfacet
  facet normal 0.819168 0.573554 0
    outer loop
      vertex 63.0718 -44 -2
      vertex 63.8716 -45.1423 2
      vertex 63.8716 -45.1423 -2
    endloop
  endfacet
  facet normal 0.819168 -0.573554 0
    outer loop
      vertex 63.0718 -36 -2
      vertex 63.8716 -34.8577 -2
      vertex 63.0718 -36 2
    endloop
  endfacet
  facet normal 0.819168 -0.573554 0
    outer loop
      vertex 63.0718 -36 2
      vertex 63.8716 -34.8577 -2
      vertex 63.8716 -34.8577 2
    endloop
  endfacet
  facet normal 0.819168 0.573554 0
    outer loop
      vertex 63.0718 36 -2
      vertex 63.0718 36 2
      vertex 63.8716 34.8577 2
    endloop
  endfacet
  facet normal 0.819168 0.573554 0
    outer loop
      vertex 63.0718 36 -2
      vertex 63.8716 34.8577 2
      vertex 63.8716 34.8577 -2
    endloop
  endfacet
  facet normal 0.819168 -0.573554 0
    outer loop
      vertex 63.0718 44 -2
      vertex 63.8716 45.1423 -2
      vertex 63.0718 44 2
    endloop
  endfacet
  facet normal 0.819168 -0.573554 0
    outer loop
      vertex 63.0718 44 2
      vertex 63.8716 45.1423 -2
      vertex 63.8716 45.1423 2
    endloop
  endfacet
  facet normal 0.707107 0.707107 0
    outer loop
      vertex 63.8716 -45.1423 -2
      vertex 63.8716 -45.1423 2
      vertex 64.8577 -46.1284 2
    endloop
  endfacet
  facet normal 0.707107 0.707107 0
    outer loop
      vertex 63.8716 -45.1423 -2
      vertex 64.8577 -46.1284 2
      vertex 64.8577 -46.1284 -2
    endloop
  endfacet
  facet normal 0 0 -1
    outer loop
      vertex 63.8716 -34.8577 -2
      vertex 63.8716 34.8577 -2
      vertex 64.8577 33.8716 -2
    endloop
  endfacet
  facet normal 0.707107 -0.707107 0
    outer loop
      vertex 63.8716 -34.8577 -2
      vertex 64.8577 -33.8716 -2
      vertex 63.8716 -34.8577 2
    endloop
  endfacet
  facet normal 0 0 -1
    outer loop
      vertex 63.8716 -34.8577 -2
      vertex 64.8577 33.8716 -2
      vertex 64.8577 -33.8716 -2
    endloop
  endfacet
  facet normal 0.707107 -0.707107 0
    outer loop
      vertex 63.8716 -34.8577 2
      vertex 64.8577 -33.8716 -2
      vertex 64.8577 -33.8716 2
    endloop
  endfacet
  facet normal 0 0 1
    outer loop
      vertex 63.8716 -34.8577 2
      vertex 64.8577 -33.8716 2
      vertex 63.8716 34.8577 2
    endloop
  endfacet
  facet normal 0.707107 0.707107 0
    outer loop
      vertex 63.8716 34.8577 -2
      vertex 63.8716 34.8577 2
      vertex 64.8577 33.8716 2
    endloop
  endfacet
  facet normal 0.707107 0.707107 0
    outer loop
      vertex 63.8716 34.8577 -2
      vertex 64.8577 33.8716 2
      vertex 64.8577 33.8716 -2
    endloop
  endfacet
  facet normal 0 0 1
    outer loop
      vertex 63.8716 34.8577 2
      vertex 64.8577 -33.8716 2
      vertex 64.8577 33.8716 2
    endloop
  endfacet
  facet normal 0.707107 -0.707107 0
    outer loop
      vertex 63.8716 45.1423 -2
      vertex 64.8577 46.1284 -2
      vertex 63.8716 45.1423 2
    endloop
  endfacet
  facet normal 0.707107 -0.707107 0
    outer loop
      vertex 63.8716 45.1423 2
      vertex 64.8577 46.1284 -2
      vertex 64.8577 46.1284 2
    endloop
  endfacet
  facet normal 0.573554 0.819168 0
    outer loop
      vertex 64.8577 -46.1284 -2
      vertex 64.8577 -46.1284 2
      vertex 66 -46.9282 -2
    endloop
  endfacet
  facet normal 0.573554 0.819168 0
    outer loop
      vertex 64.8577 -46.1284 2
      vertex 66 -46.9282 2
      vertex 66 -46.9282 -2
    endloop
  endfacet
  facet normal 0 0 -1
    outer loop
      vertex 64.8577 -33.8716 -2
      vertex 64.8577 33.8716 -2
      vertex 66 33.0718 -2
    endloop
  endfacet
  facet normal 0.573554 -0.819168 0
    outer loop
      vertex 64.8577 -33.8716 -2
      vertex 66 -33.0718 -2
      vertex 66 -33.0718 2
    endloop
  endfacet
  facet normal 0.573554 -0.819168 0
    outer loop
      vertex 64.8577 -33.8716 -2
      vertex 66 -33.0718 2
      vertex 64.8577 -33.8716 2
    endloop
  endfacet
  facet normal 0 0 -1
    outer loop
      vertex 64.8577 -33.8716 -2
      vertex 66 33.0718 -2
      vertex 66 -33.0718 -2
    endloop
  endfacet
  facet normal 0 0 1
    outer loop
      vertex 64.8577 -33.8716 2
      vertex 66 -33.0718 2
      vertex 64.8577 33.8716 2
    endloop
  endfacet
  facet normal 0.573554 0.819168 0
    outer loop
      vertex 64.8577 33.8716 -2
      vertex 64.8577 33.8716 2
      vertex 66 33.0718 -2
    endloop
  endfacet
  facet normal 0 0 1
    outer loop
      vertex 64.8577 33.8716 2
      vertex 66 -33.0718 2
      vertex 66 33.0718 2
    endloop
  endfacet
  facet normal 0.573554 0.819168 0
    outer loop
      vertex 64.8577 33.8716 2
      vertex 66 33.0718 2
      vertex 66 33.0718 -2
    endloop
  endfacet
  facet normal 0.573554 -0.819168 0
    outer loop
      vertex 64.8577 46.1284 -2
      vertex 66 46.9282 -2
      vertex 66 46.9282 2
    endloop
  endfacet
  facet normal 0.573554 -0.819168 0
    outer loop
      vertex 64.8577 46.1284 -2
      vertex 66 46.9282 2
      vertex 64.8577 46.1284 2
    endloop
  endfacet
  facet normal 0.422607 0.906313 0
    outer loop
      vertex 66 -46.9282 -2
      vertex 66 -46.9282 2
      vertex 67.2638 -47.5175 -2
    endloop
  endfacet
  facet normal 0.422607 0.906313 0
    outer loop
      vertex 66 -46.9282 2
      vertex 67.2638 -47.5175 2
      vertex 67.2638 -47.5175 -2
    endloop
  endfacet
  facet normal 0 0 -1
    outer loop
      vertex 66 -33.0718 -2
      vertex 66 33.0718 -2
      vertex 67.2638 32.4825 -2
    endloop
  endfacet
  facet normal 0.422607 -0.906313 0
    outer loop
      vertex 66 -33.0718 -2
      vertex 67.2638 -32.4825 -2
      vertex 67.2638 -32.4825 2
    endloop
  endfacet
  facet normal 0.422607 -0.906313 0
    outer loop
      vertex 66 -33.0718 -2
      vertex 67.2638 -32.4825 2
      vertex 66 -33.0718 2
    endloop
  endfacet
  facet normal 0 0 -1
    outer loop
      vertex 66 -33.0718 -2
      vertex 67.2638 32.4825 -2
      vertex 67.2638 -32.4825 -2
    endloop
  endfacet
  facet normal 0 0 1
    outer loop
      vertex 66 -33.0718 2
      vertex 67.2638 -32.4825 2
      vertex 66 33.0718 2
    endloop
  endfacet
  facet normal 0.422607 0.906313 0
    outer loop
      vertex 66 33.0718 -2
      vertex 66 33.0718 2
      vertex 67.2638 32.4825 -2
    endloop
  endfacet
  facet normal 0 0 1
    outer loop
      vertex 66 33.0718 2
      vertex 67.2638 -32.4825 2
      vertex 67.2638 32.4825 2
    endloop
  endfacet
  facet normal 0.422607 0.906313 0
    outer loop
      vertex 66 33.0718 2
      vertex 67.2638 32.4825 2
      vertex 67.2638 32.4825 -2
    endloop
  endfacet
  facet normal 0.422607 -0.906313 0
    outer loop
      vertex 66 46.9282 -2
      vertex 67.2638 47.5175 -2
      vertex 67.2638 47.5175 2
    endloop
  endfacet
  facet normal 0.422607 -0.906313 0
    outer loop
      vertex 66 46.9282 -2
      vertex 67.2638 47.5175 2
      vertex 66 46.9282 2
    endloop
  endfacet
  facet normal 0.258868 0.965913 0
    outer loop
      vertex 67.2638 -47.5175 -2
      vertex 67.2638 -47.5175 2
      vertex 68.6108 -47.8785 -2
    endloop
  endfacet
  facet normal 0.258868 0.965913 0
    outer loop
      vertex 67.2638 -47.5175 2
      vertex 68.6108 -47.8785 2
      vertex 68.6108 -47.8785 -2
    endloop
  endfacet
  facet normal 0 0 -1
    outer loop
      vertex 67.2638 -32.4825 -2
      vertex 67.2638 32.4825 -2
      vertex 68.6108 32.1215 -2
    endloop
  endfacet
  facet normal 0.258868 -0.965913 0
    outer loop
      vertex 67.2638 -32.4825 -2
      vertex 68.6108 -32.1215 -2
      vertex 68.6108 -32.1215 2
    endloop
  endfacet
  facet normal 0.258868 -0.965913 0
    outer loop
      vertex 67.2638 -32.4825 -2
      vertex 68.6108 -32.1215 2
      vertex 67.2638 -32.4825 2
    endloop
  endfacet
  facet normal 0 0 -1
    outer loop
      vertex 67.2638 -32.4825 -2
      vertex 68.6108 32.1215 -2
      vertex 68.6108 -32.1215 -2
    endloop
  endfacet
  facet normal 0 0 1
    outer loop
      vertex 67.2638 -32.4825 2
      vertex 68.6108 -32.1215 2
      vertex 67.2638 32.4825 2
    endloop
  endfacet
  facet normal 0.258868 0.965913 0
    outer loop
      vertex 67.2638 32.4825 -2
      vertex 67.2638 32.4825 2
      vertex 68.6108 32.1215 -2
    endloop
  endfacet
  facet normal 0 0 1
    outer loop
      vertex 67.2638 32.4825 2
      vertex 68.6108 -32.1215 2
      vertex 68.6108 32.1215 2
    endloop
  endfacet
  facet normal 0.258868 0.965913 0
    outer loop
      vertex 67.2638 32.4825 2
      vertex 68.6108 32.1215 2
      vertex 68.6108 32.1215 -2
    endloop
  endfacet
  facet normal 0.258868 -0.965913 0
    outer loop
      vertex 67.2638 47.5175 -2
      vertex 68.6108 47.8785 -2
      vertex 68.6108 47.8785 2
    endloop
  endfacet
  facet normal 0.258868 -0.965913 0
    outer loop
      vertex 67.2638 47.5175 -2
      vertex 68.6108 47.8785 2
      vertex 67.2638 47.5175 2
    endloop
  endfacet
  facet normal 0.0871278 0.996197 0
    outer loop
      vertex 68.6108 -47.8785 -2
      vertex 68.6108 -47.8785 2
      vertex 70 -48 -2
    endloop
  endfacet
  facet normal 0.0871278 0.996197 0
    outer loop
      vertex 68.6108 -47.8785 2
      vertex 70 -48 2
      vertex 70 -48 -2
    endloop
  endfacet
  facet normal 0 0 -1
    outer loop
      vertex 68.6108 -32.1215 -2
      vertex 68.6108 32.1215 -2
      vertex 70 32 -2
    endloop
  endfacet
  facet normal 0.0871278 -0.996197 0
    outer loop
      vertex 68.6108 -32.1215 -2
      vertex 70 -32 -2
      vertex 70 -32 2
    endloop
  endfacet
  facet normal 0.0871278 -0.996197 0
    outer loop
      vertex 68.6108 -32.1215 -2
      vertex 70 -32 2
      vertex 68.6108 -32.1215 2
    endloop
  endfacet
  facet normal 0 0 -1
    outer loop
      vertex 68.6108 -32.1215 -2
      vertex 70 32 -2
      vertex 70 -32 -2
    endloop
  endfacet
  facet normal 0 0 1
    outer loop
      vertex 68.6108 -32.1215 2
      vertex 70 -32 2
      vertex 68.6108 32.1215 2
    endloop
  endfacet
  facet normal 0.0871278 0.996197 0
    outer loop
      vertex 68.6108 32.1215 -2
      vertex 68.6108 32.1215 2
      vertex 70 32 -2
    endloop
  endfacet
  facet normal 0 0 1
    outer loop
      vertex 68.6108 32.1215 2
      vertex 70 -32 2
      vertex 70 32 2
    endloop
  endfacet
  facet normal 0.0871278 0.996197 0
    outer loop
      vertex 68.6108 32.1215 2
      vertex 70 32 2
      vertex 70 32 -2
    endloop
  endfacet
  facet normal 0.0871278 -0.996197 0
    outer loop
      vertex 68.6108 47.8785 -2
      vertex 70 48 -2
      vertex 70 48 2
    endloop
  endfacet
  facet normal 0.0871278 -0.996197 0
    outer loop
      vertex 68.6108 47.8785 -2
      vertex 70 48 2
      vertex 68.6108 47.8785 2
    endloop
  endfacet
  facet normal -0.0871278 0.996197 0
    outer loop
      vertex 70 -48 -2
      vertex 70 -48 2
      vertex 71.3892 -47.8785 -2
    endloop
  endfacet
  facet normal 0 0 -1
    outer loop
      vertex 70 -48 -2
      vertex 71.3892 -47.8785 -2
      vertex 250 -80 -2
    endloop
  endfacet
  facet normal -0.0871278 0.996197 0
    outer loop
      vertex 70 -48 2
      vertex 71.3892 -47.8785 2
      vertex 71.3892 -47.8785 -2
    endloop
  endfacet
  facet normal 0 0 1
    outer loop
      vertex 70 -48 2
      vertex 250 -76 2
      vertex 71.3892 -47.8785 2
    endloop
  endfacet
  facet normal 0 0 -1
    outer loop
      vertex 70 -32 -2
      vertex 70 32 -2
      vertex 71.3892 32.1215 -2
    endloop
  endfacet
  facet normal -0.0871278 -0.996197 0
    outer loop
      vertex 70 -32 -2
      vertex 71.3892 -32.1215 -2
      vertex 71.3892 -32.1215 2
    endloop
  endfacet
  facet normal -0.0871278 -0.996197 0
    outer loop
      vertex 70 -32 -2
      vertex 71.3892 -32.1215 2
      vertex 70 -32 2
    endloop
  endfacet
  facet normal 0 0 -1
    outer loop
      vertex 70 -32 -2
      vertex 71.3892 32.1215 -2
      vertex 71.3892 -32.1215 -2
    endloop
  endfacet
  facet normal 0 0 1
    outer loop
      vertex 70 -32 2
      vertex 71.3892 -32.1215 2
      vertex 70 32 2
    endloop
  endfacet
  facet normal -0.0871278 0.996197 0
    outer loop
      vertex 70 32 -2
      vertex 70 32 2
      vertex 71.3892 32.1215 -2
    endloop
  endfacet
  facet normal 0 0 1
    outer loop
      vertex 70 32 2
      vertex 71.3892 -32.1215 2
      vertex 71.3892 32.1215 2
    endloop
  endfacet
  facet normal -0.0871278 0.996197 0
    outer loop
      vertex 70 32 2
      vertex 71.3892 32.1215 2
      vertex 71.3892 32.1215 -2
    endloop
  endfacet
  facet normal -0.0871278 -0.996197 0
    outer loop
      vertex 70 48 -2
      vertex 71.3892 47.8785 -2
      vertex 71.3892 47.8785 2
    endloop
  endfacet
  facet normal -0.0871278 -0.996197 0
    outer loop
      vertex 70 48 -2
      vertex 71.3892 47.8785 2
      vertex 70 48 2
    endloop
  endfacet
  facet normal 0 0 -1
    outer loop
      vertex 70 48 -2
      vertex 250 80 -2
      vertex 71.3892 47.8785 -2
    endloop
  endfacet
  facet normal 0 0 1
    outer loop
      vertex 70 48 2
      vertex 71.3892 47.8785 2
      vertex 250 76 2
    endloop
  endfacet
  facet normal -0.258868 0.965913 0
    outer loop
      vertex 71.3892 -47.8785 -2
      vertex 71.3892 -47.8785 2
      vertex 72.7362 -47.5175 -2
    endloop
  endfacet
  facet normal 0 0 -1
    outer loop
      vertex 71.3892 -47.8785 -2
      vertex 72.7362 -47.5175 -2
      vertex 147.264 -47.5175 -2
    endloop
  endfacet
  facet normal 0 0 -1
    outer loop
      vertex 71.3892 -47.8785 -2
      vertex 147.264 -47.5175 -2
      vertex 148.611 -47.8785 -2
    endloop
  endfacet
  facet normal 0 0 -1
    outer loop
      vertex 71.3892 -47.8785 -2
      vertex 148.611 -47.8785 -2
      vertex 250 -80 -2
    endloop
  endfacet
  facet normal -0.258868 0.965913 0
    outer loop
      vertex 71.3892 -47.8785 2
      vertex 72.7362 -47.5175 2
      vertex 72.7362 -47.5175 -2
    endloop
  endfacet
  facet normal 0 0 1
    outer loop
      vertex 71.3892 -47.8785 2
      vertex 147.264 -47.5175 2
      vertex 72.7362 -47.5175 2
    endloop
  endfacet
  facet normal 0 0 1
    outer loop
      vertex 71.3892 -47.8785 2
      vertex 148.611 -47.8785 2
      vertex 147.264 -47.5175 2
    endloop
  endfacet
  facet normal 0 0 1
    outer loop
      vertex 71.3892 -47.8785 2
      vertex 250 -76 2
      vertex 148.611 -47.8785 2
    endloop
  endfacet
  facet normal 0 0 -1
    outer loop
      vertex 71.3892 -32.1215 -2
      vertex 71.3892 32.1215 -2
      vertex 72.7362 32.4825 -2
    endloop
  endfacet
  facet normal -0.258868 -0.965913 0
    outer loop
      vertex 71.3892 -32.1215 -2
      vertex 72.7362 -32.4825 -2
      vertex 72.7362 -32.4825 2
    endloop
  endfacet
  facet normal -0.258868 -0.965913 0
    outer loop
      vertex 71.3892 -32.1215 -2
      vertex 72.7362 -32.4825 2
      vertex 71.3892 -32.1215 2
    endloop
  endfacet
  facet normal 0 0 -1
    outer loop
      vertex 71.3892 -32.1215 -2
      vertex 72.7362 32.4825 -2
      vertex 72.7362 -32.4825 -2
    endloop
  endfacet
  facet normal 0 0 1
    outer loop
      vertex 71.3892 -32.1215 2
      vertex 72.7362 -32.4825 2
      vertex 71.3892 32.1215 2
    endloop
  endfacet
  facet normal -0.258868 0.965913 0
    outer loop
      vertex 71.3892 32.1215 -2
      vertex 71.3892 32.1215 2
      vertex 72.7362 32.4825 -2
    endloop
  endfacet
  facet normal 0 0 1
    outer loop
      vertex 71.3892 32.1215 2
      vertex 72.7362 -32.4825 2
      vertex 72.7362 32.4825 2
    endloop
  endfacet
  facet normal -0.258868 0.965913 0
    outer loop
      vertex 71.3892 32.1215 2
      vertex 72.7362 32.4825 2
      vertex 72.7362 32.4825 -2
    endloop
  endfacet
  facet normal -0.258868 -0.965913 0
    outer loop
      vertex 71.3892 47.8785 -2
      vertex 72.7362 47.5175 -2
      vertex 72.7362 47.5175 2
    endloop
  endfacet
  facet normal -0.258868 -0.965913 0
    outer loop
      vertex 71.3892 47.8785 -2
      vertex 72.7362 47.5175 2
      vertex 71.3892 47.8785 2
    endloop
  endfacet
  facet normal 0 0 -1
    outer loop
      vertex 71.3892 47.8785 -2
      vertex 147.264 47.5175 -2
      vertex 72.7362 47.5175 -2
    endloop
  endfacet
  facet normal 0 0 -1
    outer loop
      vertex 71.3892 47.8785 -2
      vertex 148.611 47.8785 -2
      vertex 147.264 47.5175 -2
    endloop
  endfacet
  facet normal 0 0 -1
    outer loop
      vertex 71.3892 47.8785 -2
      vertex 250 80 -2
      vertex 148.611 47.8785 -2
    endloop
  endfacet
  facet normal 0 0 1
    outer loop
      vertex 71.3892 47.8785 2
      vertex 72.7362 47.5175 2
      vertex 147.264 47.5175 2
    endloop
  endfacet
  facet normal 0 0 1
    outer loop
      vertex 71.3892 47.8785 2
      vertex 147.264 47.5175 2
      vertex 148.611 47.8785 2
    endloop
  endfacet
  facet normal 0 0 1
    outer loop
      vertex 71.3892 47.8785 2
      vertex 148.611 47.8785 2
      vertex 250 76 2
    endloop
  endfacet
  facet normal -0.422607 0.906313 0
    outer loop
      vertex 72.7362 -47.5175 -2
      vertex 72.7362 -47.5175 2
      vertex 74 -46.9282 -2
    endloop
  endfacet
  facet normal 0 0 -1
    outer loop
      vertex 72.7362 -47.5175 -2
      vertex 74 -46.9282 -2
      vertex 147.264 -47.5175 -2
    endloop
  endfacet
  facet normal -0.422607 0.906313 0
    outer loop
      vertex 72.7362 -47.5175 2
      vertex 74 -46.9282 2
      vertex 74 -46.9282 -2
    endloop
  endfacet
  facet normal 0 0 1
    outer loop
      vertex 72.7362 -47.5175 2
      vertex 147.264 -47.5175 2
      vertex 74 -46.9282 2
    endloop
  endfacet
  facet normal 0 0 -1
    outer loop
      vertex 72.7362 -32.4825 -2
      vertex 72.7362 32.4825 -2
      vertex 74 33.0718 -2
    endloop
  endfacet
  facet normal -0.422607 -0.906313 0
    outer loop
      vertex 72.7362 -32.4825 -2
      vertex 74 -33.0718 -2
      vertex 74 -33.0718 2
    endloop
  endfacet
  facet normal -0.422607 -0.906313 0
    outer loop
      vertex 72.7362 -32.4825 -2
      vertex 74 -33.0718 2
      vertex 72.7362 -32.4825 2
    endloop
  endfacet
  facet normal 0 0 -1
    outer loop
      vertex 72.7362 -32.4825 -2
      vertex 74 33.0718 -2
      vertex 74 -33.0718 -2
    endloop
  endfacet
  facet normal 0 0 1
    outer loop
      vertex 72.7362 -32.4825 2
      vertex 74 -33.0718 2
      vertex 72.7362 32.4825 2
    endloop
  endfacet
  facet normal -0.422607 0.906313 0
    outer loop
      vertex 72.7362 32.4825 -2
      vertex 72.7362 32.4825 2
      vertex 74 33.0718 -2
    endloop
  endfacet
  facet normal 0 0 1
    outer loop
      vertex 72.7362 32.4825 2
      vertex 74 -33.0718 2
      vertex 74 33.0718 2
    endloop
  endfacet
  facet normal -0.422607 0.906313 0
    outer loop
      vertex 72.7362 32.4825 2
      vertex 74 33.0718 2
      vertex 74 33.0718 -2
    endloop
  endfacet
  facet normal -0.422607 -0.906313 0
    outer loop
      vertex 72.7362 47.5175 -2
      vertex 74 46.9282 -2
      vertex 74 46.9282 2
    endloop
  endfacet
  facet normal -0.422607 -0.906313 0
    outer loop
      vertex 72.7362 47.5175 -2
      vertex 74 46.9282 2
      vertex 72.7362 47.5175 2
    endloop
  endfacet
  facet normal 0 0 -1
    outer loop
      vertex 72.7362 47.5175 -2
      vertex 147.264 47.5175 -2
      vertex 74 46.9282 -2
    endloop
  endfacet
  facet normal 0 0 1
    outer loop
      vertex 72.7362 47.5175 2
      vertex 74 46.9282 2
      vertex 147.264 47.5175 2
    endloop
  endfacet
  facet normal -0.573554 0.819168 0
    outer loop
      vertex 74 -46.9282 -2
      vertex 74 -46.9282 2
      vertex 75.1423 -46.1284 -2
    endloop
  endfacet
  facet normal 0 0 -1
    outer loop
      vertex 74 -46.9282 -2
      vertex 75.1423 -46.1284 -2
      vertex 146 -46.9282 -2
    endloop
  endfacet
  facet normal 0 0 -1
    outer loop
      vertex 74 -46.9282 -2
      vertex 146 -46.9282 -2
      vertex 147.264 -47.5175 -2
    endloop
  endfacet
  facet normal -0.573554 0.819168 0
    outer loop
      vertex 74 -46.9282 2
      vertex 75.1423 -46.1284 2
      vertex 75.1423 -46.1284 -2
    endloop
  endfacet
  facet normal 0 0 1
    outer loop
      vertex 74 -46.9282 2
      vertex 146 -46.9282 2
      vertex 75.1423 -46.1284 2
    endloop
  endfacet
  facet normal 0 0 1
    outer loop
      vertex 74 -46.9282 2
      vertex 147.264 -47.5175 2
      vertex 146 -46.9282 2
    endloop
  endfacet
  facet normal 0 0 -1
    outer loop
      vertex 74 -33.0718 -2
      vertex 74 33.0718 -2
      vertex 75.1423 33.8716 -2
    endloop
  endfacet
  facet normal -0.573554 -0.819168 0
    outer loop
      vertex 74 -33.0718 -2
      vertex 75.1423 -33.8716 -2
      vertex 75.1423 -33.8716 2
    endloop
  endfacet
  facet normal -0.573554 -0.819168 0
    outer loop
      vertex 74 -33.0718 -2
      vertex 75.1423 -33.8716 2
      vertex 74 -33.0718 2
    endloop
  endfacet
  facet normal 0 0 -1
    outer loop
      vertex 74 -33.0718 -2
      vertex 75.1423 33.8716 -2
      vertex 75.1423 -33.8716 -2
    endloop
  endfacet
  facet normal 0 0 1
    outer loop
      vertex 74 -33.0718 2
      vertex 75.1423 -33.8716 2
      vertex 74 33.0718 2
    endloop
  endfacet
  facet normal -0.573554 0.819168 0
    outer loop
      vertex 74 33.0718 -2
      vertex 74 33.0718 2
      vertex 75.1423 33.8716 -2
    endloop
  endfacet
  facet normal 0 0 1
    outer loop
      vertex 74 33.0718 2
      vertex 75.1423 -33.8716 2
      vertex 75.1423 33.8716 2
    endloop
  endfacet
  facet normal -0.573554 0.819168 0
    outer loop
      vertex 74 33.0718 2
      vertex 75.1423 33.8716 2
      vertex 75.1423 33.8716 -2
    endloop
  endfacet
  facet normal -0.573554 -0.819168 0
    outer loop
      vertex 74 46.9282 -2
      vertex 75.1423 46.1284 -2
      vertex 75.1423 46.1284 2
    endloop
  endfacet
  facet normal -0.573554 -0.819168 0
    outer loop
      vertex 74 46.9282 -2
      vertex 75.1423 46.1284 2
      vertex 74 46.9282 2
    endloop
  endfacet
  facet normal 0 0 -1
    outer loop
      vertex 74 46.9282 -2
      vertex 146 46.9282 -2
      vertex 75.1423 46.1284 -2
    endloop
  endfacet
  facet normal 0 0 -1
    outer loop
      vertex 74 46.9282 -2
      vertex 147.264 47.5175 -2
      vertex 146 46.9282 -2
    endloop
  endfacet
  facet normal 0 0 1
    outer loop
      vertex 74 46.9282 2
      vertex 75.1423 46.1284 2
      vertex 146 46.9282 2
    endloop
  endfacet
  facet normal 0 0 1
    outer loop
      vertex 74 46.9282 2
      vertex 146 46.9282 2
      vertex 147.264 47.5175 2
    endloop
  endfacet
  facet normal -0.707107 0.707107 0
    outer loop
      vertex 75.1423 -46.1284 -2
      vertex 75.1423 -46.1284 2
      vertex 76.1284 -45.1423 2
    endloop
  endfacet
  facet normal 0 0 -1
    outer loop
      vertex 75.1423 -46.1284 -2
      vertex 76.1284 -45.1423 -2
      vertex 144.858 -46.1284 -2
    endloop
  endfacet
  facet normal -0.707107 0.707107 0
    outer loop
      vertex 75.1423 -46.1284 -2
      vertex 76.1284 -45.1423 2
      vertex 76.1284 -45.1423 -2
    endloop
  endfacet
  facet normal 0 0 -1
    outer loop
      vertex 75.1423 -46.1284 -2
      vertex 144.858 -46.1284 -2
      vertex 146 -46.9282 -2
    endloop
  endfacet
  facet normal 0 0 1
    outer loop
      vertex 75.1423 -46.1284 2
      vertex 144.858 -46.1284 2
      vertex 76.1284 -45.1423 2
    endloop
  endfacet
  facet normal 0 0 1
    outer loop
      vertex 75.1423 -46.1284 2
      vertex 146 -46.9282 2
      vertex 144.858 -46.1284 2
    endloop
  endfacet
  facet normal 0 0 -1
    outer loop
      vertex 75.1423 -33.8716 -2
      vertex 75.1423 33.8716 -2
      vertex 76.1284 34.8577 -2
    endloop
  endfacet
  facet normal -0.707107 -0.707107 0
    outer loop
      vertex 75.1423 -33.8716 -2
      vertex 76.1284 -34.8577 -2
      vertex 75.1423 -33.8716 2
    endloop
  endfacet
  facet normal 0 0 -1
    outer loop
      vertex 75.1423 -33.8716 -2
      vertex 76.1284 34.8577 -2
      vertex 76.1284 -34.8577 -2
    endloop
  endfacet
  facet normal -0.707107 -0.707107 0
    outer loop
      vertex 75.1423 -33.8716 2
      vertex 76.1284 -34.8577 -2
      vertex 76.1284 -34.8577 2
    endloop
  endfacet
  facet normal 0 0 1
    outer loop
      vertex 75.1423 -33.8716 2
      vertex 76.1284 -34.8577 2
      vertex 75.1423 33.8716 2
    endloop
  endfacet
  facet normal -0.707107 0.707107 0
    outer loop
      vertex 75.1423 33.8716 -2
      vertex 75.1423 33.8716 2
      vertex 76.1284 34.8577 2
    endloop
  endfacet
  facet normal -0.707107 0.707107 0
    outer loop
      vertex 75.1423 33.8716 -2
      vertex 76.1284 34.8577 2
      vertex 76.1284 34.8577 -2
    endloop
  endfacet
  facet normal 0 0 1
    outer loop
      vertex 75.1423 33.8716 2
      vertex 76.1284 -34.8577 2
      vertex 76.1284 34.8577 2
    endloop
  endfacet
  facet normal -0.707107 -0.707107 0
    outer loop
      vertex 75.1423 46.1284 -2
      vertex 76.1284 45.1423 -2
      vertex 75.1423 46.1284 2
    endloop
  endfacet
  facet normal 0 0 -1
    outer loop
      vertex 75.1423 46.1284 -2
      vertex 144.858 46.1284 -2
      vertex 76.1284 45.1423 -2
    endloop
  endfacet
  facet normal 0 0 -1
    outer loop
      vertex 75.1423 46.1284 -2
      vertex 146 46.9282 -2
      vertex 144.858 46.1284 -2
    endloop
  endfacet
  facet normal -0.707107 -0.707107 0
    outer loop
      vertex 75.1423 46.1284 2
      vertex 76.1284 45.1423 -2
      vertex 76.1284 45.1423 2
    endloop
  endfacet
  facet normal 0 0 1
    outer loop
      vertex 75.1423 46.1284 2
      vertex 76.1284 45.1423 2
      vertex 144.858 46.1284 2
    endloop
  endfacet
  facet normal 0 0 1
    outer loop
      vertex 75.1423 46.1284 2
      vertex 144.858 46.1284 2
      vertex 146 46.9282 2
    endloop
  endfacet
  facet normal -0.819168 0.573554 0
    outer loop
      vertex 76.1284 -45.1423 -2
      vertex 76.1284 -45.1423 2
      vertex 76.9282 -44 2
    endloop
  endfacet
  facet normal 0 0 -1
    outer loop
      vertex 76.1284 -45.1423 -2
      vertex 76.9282 -44 -2
      vertex 143.872 -45.1423 -2
    endloop
  endfacet
  facet normal -0.819168 0.573554 0
    outer loop
      vertex 76.1284 -45.1423 -2
      vertex 76.9282 -44 2
      vertex 76.9282 -44 -2
    endloop
  endfacet
  facet normal 0 0 -1
    outer loop
      vertex 76.1284 -45.1423 -2
      vertex 143.872 -45.1423 -2
      vertex 144.858 -46.1284 -2
    endloop
  endfacet
  facet normal 0 0 1
    outer loop
      vertex 76.1284 -45.1423 2
      vertex 143.872 -45.1423 2
      vertex 76.9282 -44 2
    endloop
  endfacet
  facet normal 0 0 1
    outer loop
      vertex 76.1284 -45.1423 2
      vertex 144.858 -46.1284 2
      vertex 143.872 -45.1423 2
    endloop
  endfacet
  facet normal 0 0 -1
    outer loop
      vertex 76.1284 -34.8577 -2
      vertex 76.1284 34.8577 -2
      vertex 143.872 34.8577 -2
    endloop
  endfacet
  facet normal -0.819168 -0.573554 0
    outer loop
      vertex 76.1284 -34.8577 -2
      vertex 76.9282 -36 -2
      vertex 76.1284 -34.8577 2
    endloop
  endfacet
  facet normal 0 0 -1
    outer loop
      vertex 76.1284 -34.8577 -2
      vertex 143.872 -34.8577 -2
      vertex 76.9282 -36 -2
    endloop
  endfacet
  facet normal 0 0 -1
    outer loop
      vertex 76.1284 -34.8577 -2
      vertex 143.872 34.8577 -2
      vertex 143.872 -34.8577 -2
    endloop
  endfacet
  facet normal -0.819168 -0.573554 0
    outer loop
      vertex 76.1284 -34.8577 2
      vertex 76.9282 -36 -2
      vertex 76.9282 -36 2
    endloop
  endfacet
  facet normal 0 0 1
    outer loop
      vertex 76.1284 -34.8577 2
      vertex 76.9282 -36 2
      vertex 143.872 -34.8577 2
    endloop
  endfacet
  facet normal 0 0 1
    outer loop
      vertex 76.1284 -34.8577 2
      vertex 143.872 -34.8577 2
      vertex 76.1284 34.8577 2
    endloop
  endfacet
  facet normal -0.819168 0.573554 0
    outer loop
      vertex 76.1284 34.8577 -2
      vertex 76.1284 34.8577 2
      vertex 76.9282 36 2
    endloop
  endfacet
  facet normal 0 0 -1
    outer loop
      vertex 76.1284 34.8577 -2
      vertex 76.9282 36 -2
      vertex 143.872 34.8577 -2
    endloop
  endfacet
  facet normal -0.819168 0.573554 0
    outer loop
      vertex 76.1284 34.8577 -2
      vertex 76.9282 36 2
      vertex 76.9282 36 -2
    endloop
  endfacet
  facet normal 0 0 1
    outer loop
      vertex 76.1284 34.8577 2
      vertex 143.872 -34.8577 2
      vertex 143.872 34.8577 2
    endloop
  endfacet
  facet normal 0 0 1
    outer loop
      vertex 76.1284 34.8577 2
      vertex 143.872 34.8577 2
      vertex 76.9282 36 2
    endloop
  endfacet
  facet normal -0.819168 -0.573554 0
    outer loop
      vertex 76.1284 45.1423 -2
      vertex 76.9282 44 -2
      vertex 76.1284 45.1423 2
    endloop
  endfacet
  facet normal 0 0 -1
    outer loop
      vertex 76.1284 45.1423 -2
      vertex 143.872 45.1423 -2
      vertex 76.9282 44 -2
    endloop
  endfacet
  facet normal 0 0 -1
    outer loop
      vertex 76.1284 45.1423 -2
      vertex 144.858 46.1284 -2
      vertex 143.872 45.1423 -2
    endloop
  endfacet
  facet normal -0.819168 -0.573554 0
    outer loop
      vertex 76.1284 45.1423 2
      vertex 76.9282 44 -2
      vertex 76.9282 44 2
    endloop
  endfacet
  facet normal 0 0 1
    outer loop
      vertex 76.1284 45.1423 2
      vertex 76.9282 44 2
      vertex 143.872 45.1423 2
    endloop
  endfacet
  facet normal 0 0 1
    outer loop
      vertex 76.1284 45.1423 2
      vertex 143.872 45.1423 2
      vertex 144.858 46.1284 2
    endloop
  endfacet
  facet normal -0.906313 0.422607 0
    outer loop
      vertex 76.9282 -44 -2
      vertex 76.9282 -44 2
      vertex 77.5175 -42.7362 2
    endloop
  endfacet
  facet normal 0 0 -1
    outer loop
      vertex 76.9282 -44 -2
      vertex 77.5175 -42.7362 -2
      vertex 143.072 -44 -2
    endloop
  endfacet
  facet normal -0.906313 0.422607 0
    outer loop
      vertex 76.9282 -44 -2
      vertex 77.5175 -42.7362 2
      vertex 77.5175 -42.7362 -2
    endloop
  endfacet
  facet normal 0 0 -1
    outer loop
      vertex 76.9282 -44 -2
      vertex 143.072 -44 -2
      vertex 143.872 -45.1423 -2
    endloop
  endfacet
  facet normal 0 0 1
    outer loop
      vertex 76.9282 -44 2
      vertex 143.072 -44 2
      vertex 77.5175 -42.7362 2
    endloop
  endfacet
  facet normal 0 0 1
    outer loop
      vertex 76.9282 -44 2
      vertex 143.872 -45.1423 2
      vertex 143.072 -44 2
    endloop
  endfacet
  facet normal -0.906313 -0.422607 0
    outer loop
      vertex 76.9282 -36 -2
      vertex 77.5175 -37.2638 -2
      vertex 76.9282 -36 2
    endloop
  endfacet
  facet normal 0 0 -1
    outer loop
      vertex 76.9282 -36 -2
      vertex 143.072 -36 -2
      vertex 77.5175 -37.2638 -2
    endloop
  endfacet
  facet normal 0 0 -1
    outer loop
      vertex 76.9282 -36 -2
      vertex 143.872 -34.8577 -2
      vertex 143.072 -36 -2
    endloop
  endfacet
  facet normal -0.906313 -0.422607 0
    outer loop
      vertex 76.9282 -36 2
      vertex 77.5175 -37.2638 -2
      vertex 77.5175 -37.2638 2
    endloop
  endfacet
  facet normal 0 0 1
    outer loop
      vertex 76.9282 -36 2
      vertex 77.5175 -37.2638 2
      vertex 143.872 -34.8577 2
    endloop
  endfacet
  facet normal -0.906313 0.422607 0
    outer loop
      vertex 76.9282 36 -2
      vertex 76.9282 36 2
      vertex 77.5175 37.2638 2
    endloop
  endfacet
  facet normal 0 0 -1
    outer loop
      vertex 76.9282 36 -2
      vertex 77.5175 37.2638 -2
      vertex 143.872 34.8577 -2
    endloop
  endfacet
  facet normal -0.906313 0.422607 0
    outer loop
      vertex 76.9282 36 -2
      vertex 77.5175 37.2638 2
      vertex 77.5175 37.2638 -2
    endloop
  endfacet
  facet normal 0 0 1
    outer loop
      vertex 76.9282 36 2
      vertex 143.072 36 2
      vertex 77.5175 37.2638 2
    endloop
  endfacet
  facet normal 0 0 1
    outer loop
      vertex 76.9282 36 2
      vertex 143.872 34.8577 2
      vertex 143.072 36 2
    endloop
  endfacet
  facet normal -0.906313 -0.422607 0
    outer loop
      vertex 76.9282 44 -2
      vertex 77.5175 42.7362 -2
      vertex 76.9282 44 2
    endloop
  endfacet
  facet normal 0 0 -1
    outer loop
      vertex 76.9282 44 -2
      vertex 143.072 44 -2
      vertex 77.5175 42.7362 -2
    endloop
  endfacet
  facet normal 0 0 -1
    outer loop
      vertex 76.9282 44 -2
      vertex 143.872 45.1423 -2
      vertex 143.072 44 -2
    endloop
  endfacet
  facet normal -0.906313 -0.422607 0
    outer loop
      vertex 76.9282 44 2
      vertex 77.5175 42.7362 -2
      vertex 77.5175 42.7362 2
    endloop
  endfacet
  facet normal 0 0 1
    outer loop
      vertex 76.9282 44 2
      vertex 77.5175 42.7362 2
      vertex 143.072 44 2
    endloop
  endfacet
  facet normal 0 0 1
    outer loop
      vertex 76.9282 44 2
      vertex 143.072 44 2
      vertex 143.872 45.1423 2
    endloop
  endfacet
  facet normal -0.965913 0.258868 0
    outer loop
      vertex 77.5175 -42.7362 -2
      vertex 77.5175 -42.7362 2
      vertex 77.8785 -41.3892 2
    endloop
  endfacet
  facet normal 0 0 -1
    outer loop
      vertex 77.5175 -42.7362 -2
      vertex 77.8785 -41.3892 -2
      vertex 142.482 -42.7362 -2
    endloop
  endfacet
  facet normal -0.965913 0.258868 0
    outer loop
      vertex 77.5175 -42.7362 -2
      vertex 77.8785 -41.3892 2
      vertex 77.8785 -41.3892 -2
    endloop
  endfacet
  facet normal 0 0 -1
    outer loop
      vertex 77.5175 -42.7362 -2
      vertex 142.482 -42.7362 -2
      vertex 143.072 -44 -2
    endloop
  endfacet
  facet normal 0 0 1
    outer loop
      vertex 77.5175 -42.7362 2
      vertex 142.482 -42.7362 2
      vertex 77.8785 -41.3892 2
    endloop
  endfacet
  facet normal 0 0 1
    outer loop
      vertex 77.5175 -42.7362 2
      vertex 143.072 -44 2
      vertex 142.482 -42.7362 2
    endloop
  endfacet
  facet normal -0.965913 -0.258868 0
    outer loop
      vertex 77.5175 -37.2638 -2
      vertex 77.8785 -38.6108 -2
      vertex 77.5175 -37.2638 2
    endloop
  endfacet
  facet normal 0 0 -1
    outer loop
      vertex 77.5175 -37.2638 -2
      vertex 142.482 -37.2638 -2
      vertex 77.8785 -38.6108 -2
    endloop
  endfacet
  facet normal 0 0 -1
    outer loop
      vertex 77.5175 -37.2638 -2
      vertex 143.072 -36 -2
      vertex 142.482 -37.2638 -2
    endloop
  endfacet
  facet normal -0.965913 -0.258868 0
    outer loop
      vertex 77.5175 -37.2638 2
      vertex 77.8785 -38.6108 -2
      vertex 77.8785 -38.6108 2
    endloop
  endfacet
  facet normal 0 0 1
    outer loop
      vertex 77.5175 -37.2638 2
      vertex 77.8785 -38.6108 2
      vertex 143.872 -34.8577 2
    endloop
  endfacet
  facet normal -0.965913 0.258868 0
    outer loop
      vertex 77.5175 37.2638 -2
      vertex 77.5175 37.2638 2
      vertex 77.8785 38.6108 2
    endloop
  endfacet
  facet normal 0 0 -1
    outer loop
      vertex 77.5175 37.2638 -2
      vertex 77.8785 38.6108 -2
      vertex 143.872 34.8577 -2
    endloop
  endfacet
  facet normal -0.965913 0.258868 0
    outer loop
      vertex 77.5175 37.2638 -2
      vertex 77.8785 38.6108 2
      vertex 77.8785 38.6108 -2
    endloop
  endfacet
  facet normal 0 0 1
    outer loop
      vertex 77.5175 37.2638 2
      vertex 142.482 37.2638 2
      vertex 77.8785 38.6108 2
    endloop
  endfacet
  facet normal 0 0 1
    outer loop
      vertex 77.5175 37.2638 2
      vertex 143.072 36 2
      vertex 142.482 37.2638 2
    endloop
  endfacet
  facet normal -0.965913 -0.258868 0
    outer loop
      vertex 77.5175 42.7362 -2
      vertex 77.8785 41.3892 -2
      vertex 77.5175 42.7362 2
    endloop
  endfacet
  facet normal 0 0 -1
    outer loop
      vertex 77.5175 42.7362 -2
      vertex 142.482 42.7362 -2
      vertex 77.8785 41.3892 -2
    endloop
  endfacet
  facet normal 0 0 -1
    outer loop
      vertex 77.5175 42.7362 -2
      vertex 143.072 44 -2
      vertex 142.482 42.7362 -2
    endloop
  endfacet
  facet normal -0.965913 -0.258868 0
    outer loop
      vertex 77.5175 42.7362 2
      vertex 77.8785 41.3892 -2
      vertex 77.8785 41.3892 2
    endloop
  endfacet
  facet normal 0 0 1
    outer loop
      vertex 77.5175 42.7362 2
      vertex 77.8785 41.3892 2
      vertex 142.482 42.7362 2
    endloop
  endfacet
  facet normal 0 0 1
    outer loop
      vertex 77.5175 42.7362 2
      vertex 142.482 42.7362 2
      vertex 143.072 44 2
    endloop
  endfacet
  facet normal -0.996197 0.0871278 0
    outer loop
      vertex 77.8785 -41.3892 -2
      vertex 77.8785 -41.3892 2
      vertex 78 -40 2
    endloop
  endfacet
  facet normal 0 0 -1
    outer loop
      vertex 77.8785 -41.3892 -2
      vertex 78 -40 -2
      vertex 142.122 -41.3892 -2
    endloop
  endfacet
  facet normal -0.996197 0.0871278 0
    outer loop
      vertex 77.8785 -41.3892 -2
      vertex 78 -40 2
      vertex 78 -40 -2
    endloop
  endfacet
  facet normal 0 0 -1
    outer loop
      vertex 77.8785 -41.3892 -2
      vertex 142.122 -41.3892 -2
      vertex 142.482 -42.7362 -2
    endloop
  endfacet
  facet normal 0 0 1
    outer loop
      vertex 77.8785 -41.3892 2
      vertex 142.122 -41.3892 2
      vertex 78 -40 2
    endloop
  endfacet
  facet normal 0 0 1
    outer loop
      vertex 77.8785 -41.3892 2
      vertex 142.482 -42.7362 2
      vertex 142.122 -41.3892 2
    endloop
  endfacet
  facet normal -0.996197 -0.0871278 0
    outer loop
      vertex 77.8785 -38.6108 -2
      vertex 78 -40 -2
      vertex 77.8785 -38.6108 2
    endloop
  endfacet
  facet normal 0 0 -1
    outer loop
      vertex 77.8785 -38.6108 -2
      vertex 142.122 -38.6108 -2
      vertex 78 -40 -2
    endloop
  endfacet
  facet normal 0 0 -1
    outer loop
      vertex 77.8785 -38.6108 -2
      vertex 142.482 -37.2638 -2
      vertex 142.122 -38.6108 -2
    endloop
  endfacet
  facet normal -0.996197 -0.0871278 0
    outer loop
      vertex 77.8785 -38.6108 2
      vertex 78 -40 -2
      vertex 78 -40 2
    endloop
  endfacet
  facet normal 0 0 1
    outer loop
      vertex 77.8785 -38.6108 2
      vertex 78 -40 2
      vertex 143.872 -34.8577 2
    endloop
  endfacet
  facet normal -0.996197 0.0871278 0
    outer loop
      vertex 77.8785 38.6108 -2
      vertex 77.8785 38.6108 2
      vertex 78 40 2
    endloop
  endfacet
  facet normal 0 0 -1
    outer loop
      vertex 77.8785 38.6108 -2
      vertex 78 40 -2
      vertex 143.872 34.8577 -2
    endloop
  endfacet
  facet normal -0.996197 0.0871278 0
    outer loop
      vertex 77.8785 38.6108 -2
      vertex 78 40 2
      vertex 78 40 -2
    endloop
  endfacet
  facet normal 0 0 1
    outer loop
      vertex 77.8785 38.6108 2
      vertex 142.122 38.6108 2
      vertex 78 40 2
    endloop
  endfacet
  facet normal 0 0 1
    outer loop
      vertex 77.8785 38.6108 2
      vertex 142.482 37.2638 2
      vertex 142.122 38.6108 2
    endloop
  endfacet
  facet normal -0.996197 -0.0871278 0
    outer loop
      vertex 77.8785 41.3892 -2
      vertex 78 40 -2
      vertex 77.8785 41.3892 2
    endloop
  endfacet
  facet normal 0 0 -1
    outer loop
      vertex 77.8785 41.3892 -2
      vertex 142.122 41.3892 -2
      vertex 78 40 -2
    endloop
  endfacet
  facet normal 0 0 -1
    outer loop
      vertex 77.8785 41.3892 -2
      vertex 142.482 42.7362 -2
      vertex 142.122 41.3892 -2
    endloop
  endfacet
  facet normal -0.996197 -0.0871278 0
    outer loop
      vertex 77.8785 41.3892 2
      vertex 78 40 -2
      vertex 78 40 2
    endloop
  endfacet
  facet normal 0 0 1
    outer loop
      vertex 77.8785 41.3892 2
      vertex 78 40 2
      vertex 142.122 41.3892 2
    endloop
  endfacet
  facet normal 0 0 1
    outer loop
      vertex 77.8785 41.3892 2
      vertex 142.122 41.3892 2
      vertex 142.482 42.7362 2
    endloop
  endfacet
  facet normal 0 0 -1
    outer loop
      vertex 78 -40 -2
      vertex 142 -40 -2
      vertex 142.122 -41.3892 -2
    endloop
  endfacet
  facet normal 0 0 -1
    outer loop
      vertex 78 -40 -2
      vertex 142.122 -38.6108 -2
      vertex 142 -40 -2
    endloop
  endfacet
  facet normal 0 0 1
    outer loop
      vertex 78 -40 2
      vertex 142 -40 2
      vertex 142.122 -38.6108 2
    endloop
  endfacet
  facet normal 0 0 1
    outer loop
      vertex 78 -40 2
      vertex 142.122 -41.3892 2
      vertex 142 -40 2
    endloop
  endfacet
  facet normal 0 0 1
    outer loop
      vertex 78 -40 2
      vertex 142.122 -38.6108 2
      vertex 142.482 -37.2638 2
    endloop
  endfacet
  facet normal 0 0 1
    outer loop
      vertex 78 -40 2
      vertex 142.482 -37.2638 2
      vertex 143.072 -36 2
    endloop
  endfacet
  facet normal 0 0 1
    outer loop
      vertex 78 -40 2
      vertex 143.072 -36 2
      vertex 143.872 -34.8577 2
    endloop
  endfacet
  facet normal 0 0 -1
    outer loop
      vertex 78 40 -2
      vertex 142 40 -2
      vertex 142.122 38.6108 -2
    endloop
  endfacet
  facet normal 0 0 -1
    outer loop
      vertex 78 40 -2
      vertex 142.122 38.6108 -2
      vertex 142.482 37.2638 -2
    endloop
  endfacet
  facet normal 0 0 -1
    outer loop
      vertex 78 40 -2
      vertex 142.122 41.3892 -2
      vertex 142 40 -2
    endloop
  endfacet
  facet normal 0 0 -1
    outer loop
      vertex 78 40 -2
      vertex 142.482 37.2638 -2
      vertex 143.072 36 -2
    endloop
  endfacet
  facet normal 0 0 -1
    outer loop
      vertex 78 40 -2
      vertex 143.072 36 -2
      vertex 143.872 34.8577 -2
    endloop
  endfacet
  facet normal 0 0 1
    outer loop
      vertex 78 40 2
      vertex 142 40 2
      vertex 142.122 41.3892 2
    endloop
  endfacet
  facet normal 0 0 1
    outer loop
      vertex 78 40 2
      vertex 142.122 38.6108 2
      vertex 142 40 2
    endloop
  endfacet
  facet normal 0.996166 0.0874836 0
    outer loop
      vertex 142 -40 -2
      vertex 142 -40 2
      vertex 142.122 -41.3892 2
    endloop
  endfacet
  facet normal 0.996166 0.0874836 0
    outer loop
      vertex 142 -40 -2
      vertex 142.122 -41.3892 2
      vertex 142.122 -41.3892 -2
    endloop
  endfacet
  facet normal 0.996166 -0.0874836 0
    outer loop
      vertex 142 -40 -2
      vertex 142.122 -38.6108 -2
      vertex 142 -40 2
    endloop
  endfacet
  facet normal 0.996166 -0.0874836 0
    outer loop
      vertex 142 -40 2
      vertex 142.122 -38.6108 -2
      vertex 142.122 -38.6108 2
    endloop
  endfacet
  facet normal 0.996166 0.0874836 0
    outer loop
      vertex 142 40 -2
      vertex 142 40 2
      vertex 142.122 38.6108 2
    endloop
  endfacet
  facet normal 0.996166 0.0874836 0
    outer loop
      vertex 142 40 -2
      vertex 142.122 38.6108 2
      vertex 142.122 38.6108 -2
    endloop
  endfacet
  facet normal 0.996166 -0.0874836 0
    outer loop
      vertex 142 40 -2
      vertex 142.122 41.3892 -2
      vertex 142 40 2
    endloop
  endfacet
  facet normal 0.996166 -0.0874836 0
    outer loop
      vertex 142 40 2
      vertex 142.122 41.3892 -2
      vertex 142.122 41.3892 2
    endloop
  endfacet
  facet normal 0.966092 0.258198 0
    outer loop
      vertex 142.122 -41.3892 -2
      vertex 142.122 -41.3892 2
      vertex 142.482 -42.7362 2
    endloop
  endfacet
  facet normal 0.966092 0.258198 0
    outer loop
      vertex 142.122 -41.3892 -2
      vertex 142.482 -42.7362 2
      vertex 142.482 -42.7362 -2
    endloop
  endfacet
  facet normal 0.966092 -0.258198 0
    outer loop
      vertex 142.122 -38.6108 -2
      vertex 142.482 -37.2638 -2
      vertex 142.122 -38.6108 2
    endloop
  endfacet
  facet normal 0.966092 -0.258198 0
    outer loop
      vertex 142.122 -38.6108 2
      vertex 142.482 -37.2638 -2
      vertex 142.482 -37.2638 2
    endloop
  endfacet
  facet normal 0.966092 0.258198 0
    outer loop
      vertex 142.122 38.6108 -2
      vertex 142.122 38.6108 2
      vertex 142.482 37.2638 2
    endloop
  endfacet
  facet normal 0.966092 0.258198 0
    outer loop
      vertex 142.122 38.6108 -2
      vertex 142.482 37.2638 2
      vertex 142.482 37.2638 -2
    endloop
  endfacet
  facet normal 0.966092 -0.258198 0
    outer loop
      vertex 142.122 41.3892 -2
      vertex 142.482 42.7362 -2
      vertex 142.122 41.3892 2
    endloop
  endfacet
  facet normal 0.966092 -0.258198 0
    outer loop
      vertex 142.122 41.3892 2
      vertex 142.482 42.7362 -2
      vertex 142.482 42.7362 2
    endloop
  endfacet
  facet normal 0.906121 0.423019 0
    outer loop
      vertex 142.482 -42.7362 -2
      vertex 142.482 -42.7362 2
      vertex 143.072 -44 2
    endloop
  endfacet
  facet normal 0.906121 0.423019 0
    outer loop
      vertex 142.482 -42.7362 -2
      vertex 143.072 -44 2
      vertex 143.072 -44 -2
    endloop
  endfacet
  facet normal 0.906121 -0.423019 0
    outer loop
      vertex 142.482 -37.2638 -2
      vertex 143.072 -36 -2
      vertex 142.482 -37.2638 2
    endloop
  endfacet
  facet normal 0.906121 -0.423019 0
    outer loop
      vertex 142.482 -37.2638 2
      vertex 143.072 -36 -2
      vertex 143.072 -36 2
    endloop
  endfacet
  facet normal 0.906121 0.423019 0
    outer loop
      vertex 142.482 37.2638 -2
      vertex 142.482 37.2638 2
      vertex 143.072 36 2
    endloop
  endfacet
  facet normal 0.906121 0.423019 0
    outer loop
      vertex 142.482 37.2638 -2
      vertex 143.072 36 2
      vertex 143.072 36 -2
    endloop
  endfacet
  facet normal 0.906121 -0.423019 0
    outer loop
      vertex 142.482 42.7362 -2
      vertex 143.072 44 -2
      vertex 142.482 42.7362 2
    endloop
  endfacet
  facet normal 0.906121 -0.423019 0
    outer loop
      vertex 142.482 42.7362 2
      vertex 143.072 44 -2
      vertex 143.072 44 2
    endloop
  endfacet
  facet normal 0.819101 0.57365 0
    outer loop
      vertex 143.072 -44 -2
      vertex 143.072 -44 2
      vertex 143.872 -45.1423 2
    endloop
  endfacet
  facet normal 0.819101 0.57365 0
    outer loop
      vertex 143.072 -44 -2
      vertex 143.872 -45.1423 2
      vertex 143.872 -45.1423 -2
    endloop
  endfacet
  facet normal 0.819101 -0.57365 0
    outer loop
      vertex 143.072 -36 -2
      vertex 143.872 -34.8577 -2
      vertex 143.072 -36 2
    endloop
  endfacet
  facet normal 0.819101 -0.57365 0
    outer loop
      vertex 143.072 -36 2
      vertex 143.872 -34.8577 -2
      vertex 143.872 -34.8577 2
    endloop
  endfacet
  facet normal 0.819101 0.57365 0
    outer loop
      vertex 143.072 36 -2
      vertex 143.072 36 2
      vertex 143.872 34.8577 2
    endloop
  endfacet
  facet normal 0.819101 0.57365 0
    outer loop
      vertex 143.072 36 -2
      vertex 143.872 34.8577 2
      vertex 143.872 34.8577 -2
    endloop
  endfacet
  facet normal 0.819101 -0.57365 0
    outer loop
      vertex 143.072 44 -2
      vertex 143.872 45.1423 -2
      vertex 143.072 44 2
    endloop
  endfacet
  facet normal 0.819101 -0.57365 0
    outer loop
      vertex 143.072 44 2
      vertex 143.872 45.1423 -2
      vertex 143.872 45.1423 2
    endloop
  endfacet
  facet normal 0.707143 0.707071 0
    outer loop
      vertex 143.872 -45.1423 -2
      vertex 143.872 -45.1423 2
      vertex 144.858 -46.1284 2
    endloop
  endfacet
  facet normal 0.707143 0.707071 0
    outer loop
      vertex 143.872 -45.1423 -2
      vertex 144.858 -46.1284 2
      vertex 144.858 -46.1284 -2
    endloop
  endfacet
  facet normal 0 0 -1
    outer loop
      vertex 143.872 -34.8577 -2
      vertex 143.872 34.8577 -2
      vertex 144.858 33.8716 -2
    endloop
  endfacet
  facet normal 0.707143 -0.707071 0
    outer loop
      vertex 143.872 -34.8577 -2
      vertex 144.858 -33.8716 -2
      vertex 143.872 -34.8577 2
    endloop
  endfacet
  facet normal 0 0 -1
    outer loop
      vertex 143.872 -34.8577 -2
      vertex 144.858 33.8716 -2
      vertex 144.858 -33.8716 -2
    endloop
  endfacet
  facet normal 0.707143 -0.707071 0
    outer loop
      vertex 143.872 -34.8577 2
      vertex 144.858 -33.8716 -2
      vertex 144.858 -33.8716 2
    endloop
  endfacet
  facet normal 0 0 1
    outer loop
      vertex 143.872 -34.8577 2
      vertex 144.858 -33.8716 2
      vertex 143.872 34.8577 2
    endloop
  endfacet
  facet normal 0.707143 0.707071 0
    outer loop
      vertex 143.872 34.8577 -2
      vertex 143.872 34.8577 2
      vertex 144.858 33.8716 2
    endloop
  endfacet
  facet normal 0.707143 0.707071 0
    outer loop
      vertex 143.872 34.8577 -2
      vertex 144.858 33.8716 2
      vertex 144.858 33.8716 -2
    endloop
  endfacet
  facet normal 0 0 1
    outer loop
      vertex 143.872 34.8577 2
      vertex 144.858 -33.8716 2
      vertex 144.858 33.8716 2
    endloop
  endfacet
  facet normal 0.707143 -0.707071 0
    outer loop
      vertex 143.872 45.1423 -2
      vertex 144.858 46.1284 -2
      vertex 143.872 45.1423 2
    endloop
  endfacet
  facet normal 0.707143 -0.707071 0
    outer loop
      vertex 143.872 45.1423 2
      vertex 144.858 46.1284 -2
      vertex 144.858 46.1284 2
    endloop
  endfacet
  facet normal 0.573655 0.819097 0
    outer loop
      vertex 144.858 -46.1284 -2
      vertex 144.858 -46.1284 2
      vertex 146 -46.9282 -2
    endloop
  endfacet
  facet normal 0.573655 0.819097 0
    outer loop
      vertex 144.858 -46.1284 2
      vertex 146 -46.9282 2
      vertex 146 -46.9282 -2
    endloop
  endfacet
  facet normal 0 0 -1
    outer loop
      vertex 144.858 -33.8716 -2
      vertex 144.858 33.8716 -2
      vertex 146 33.0718 -2
    endloop
  endfacet
  facet normal 0.573655 -0.819097 0
    outer loop
      vertex 144.858 -33.8716 -2
      vertex 146 -33.0718 -2
      vertex 146 -33.0718 2
    endloop
  endfacet
  facet normal 0.573655 -0.819097 0
    outer loop
      vertex 144.858 -33.8716 -2
      vertex 146 -33.0718 2
      vertex 144.858 -33.8716 2
    endloop
  endfacet
  facet normal 0 0 -1
    outer loop
      vertex 144.858 -33.8716 -2
      vertex 146 33.0718 -2
      vertex 146 -33.0718 -2
    endloop
  endfacet
  facet normal 0 0 1
    outer loop
      vertex 144.858 -33.8716 2
      vertex 146 -33.0718 2
      vertex 144.858 33.8716 2
    endloop
  endfacet
  facet normal 0.573655 0.819097 0
    outer loop
      vertex 144.858 33.8716 -2
      vertex 144.858 33.8716 2
      vertex 146 33.0718 -2
    endloop
  endfacet
  facet normal 0 0 1
    outer loop
      vertex 144.858 33.8716 2
      vertex 146 -33.0718 2
      vertex 146 33.0718 2
    endloop
  endfacet
  facet normal 0.573655 0.819097 0
    outer loop
      vertex 144.858 33.8716 2
      vertex 146 33.0718 2
      vertex 146 33.0718 -2
    endloop
  endfacet
  facet normal 0.573655 -0.819097 0
    outer loop
      vertex 144.858 46.1284 -2
      vertex 146 46.9282 -2
      vertex 146 46.9282 2
    endloop
  endfacet
  facet normal 0.573655 -0.819097 0
    outer loop
      vertex 144.858 46.1284 -2
      vertex 146 46.9282 2
      vertex 144.858 46.1284 2
    endloop
  endfacet
  facet normal 0.422552 0.906339 0
    outer loop
      vertex 146 -46.9282 -2
      vertex 146 -46.9282 2
      vertex 147.264 -47.5175 -2
    endloop
  endfacet
  facet normal 0.422552 0.906339 0
    outer loop
      vertex 146 -46.9282 2
      vertex 147.264 -47.5175 2
      vertex 147.264 -47.5175 -2
    endloop
  endfacet
  facet normal 0 0 -1
    outer loop
      vertex 146 -33.0718 -2
      vertex 146 33.0718 -2
      vertex 147.264 32.4825 -2
    endloop
  endfacet
  facet normal 0.422552 -0.906339 0
    outer loop
      vertex 146 -33.0718 -2
      vertex 147.264 -32.4825 -2
      vertex 147.264 -32.4825 2
    endloop
  endfacet
  facet normal 0.422552 -0.906339 0
    outer loop
      vertex 146 -33.0718 -2
      vertex 147.264 -32.4825 2
      vertex 146 -33.0718 2
    endloop
  endfacet
  facet normal 0 0 -1
    outer loop
      vertex 146 -33.0718 -2
      vertex 147.264 32.4825 -2
      vertex 147.264 -32.4825 -2
    endloop
  endfacet
  facet normal 0 0 1
    outer loop
      vertex 146 -33.0718 2
      vertex 147.264 -32.4825 2
      vertex 146 33.0718 2
    endloop
  endfacet
  facet normal 0.422552 0.906339 0
    outer loop
      vertex 146 33.0718 -2
      vertex 146 33.0718 2
      vertex 147.264 32.4825 -2
    endloop
  endfacet
  facet normal 0 0 1
    outer loop
      vertex 146 33.0718 2
      vertex 147.264 -32.4825 2
      vertex 147.264 32.4825 2
    endloop
  endfacet
  facet normal 0.422552 0.906339 0
    outer loop
      vertex 146 33.0718 2
      vertex 147.264 32.4825 2
      vertex 147.264 32.4825 -2
    endloop
  endfacet
  facet normal 0.422552 -0.906339 0
    outer loop
      vertex 146 46.9282 -2
      vertex 147.264 47.5175 -2
      vertex 147.264 47.5175 2
    endloop
  endfacet
  facet normal 0.422552 -0.906339 0
    outer loop
      vertex 146 46.9282 -2
      vertex 147.264 47.5175 2
      vertex 146 46.9282 2
    endloop
  endfacet
  facet normal 0.258868 0.965913 0
    outer loop
      vertex 147.264 -47.5175 -2
      vertex 147.264 -47.5175 2
      vertex 148.611 -47.8785 -2
    endloop
  endfacet
  facet normal 0.258868 0.965913 0
    outer loop
      vertex 147.264 -47.5175 2
      vertex 148.611 -47.8785 2
      vertex 148.611 -47.8785 -2
    endloop
  endfacet
  facet normal 0 0 -1
    outer loop
      vertex 147.264 -32.4825 -2
      vertex 147.264 32.4825 -2
      vertex 148.611 32.1215 -2
    endloop
  endfacet
  facet normal 0.258868 -0.965913 0
    outer loop
      vertex 147.264 -32.4825 -2
      vertex 148.611 -32.1215 -2
      vertex 148.611 -32.1215 2
    endloop
  endfacet
  facet normal 0.258868 -0.965913 0
    outer loop
      vertex 147.264 -32.4825 -2
      vertex 148.611 -32.1215 2
      vertex 147.264 -32.4825 2
    endloop
  endfacet
  facet normal 0 0 -1
    outer loop
      vertex 147.264 -32.4825 -2
      vertex 148.611 32.1215 -2
      vertex 148.611 -32.1215 -2
    endloop
  endfacet
  facet normal 0 0 1
    outer loop
      vertex 147.264 -32.4825 2
      vertex 148.611 -32.1215 2
      vertex 147.264 32.4825 2
    endloop
  endfacet
  facet normal 0.258868 0.965913 0
    outer loop
      vertex 147.264 32.4825 -2
      vertex 147.264 32.4825 2
      vertex 148.611 32.1215 -2
    endloop
  endfacet
  facet normal 0 0 1
    outer loop
      vertex 147.264 32.4825 2
      vertex 148.611 -32.1215 2
      vertex 148.611 32.1215 2
    endloop
  endfacet
  facet normal 0.258868 0.965913 0
    outer loop
      vertex 147.264 32.4825 2
      vertex 148.611 32.1215 2
      vertex 148.611 32.1215 -2
    endloop
  endfacet
  facet normal 0.258868 -0.965913 0
    outer loop
      vertex 147.264 47.5175 -2
      vertex 148.611 47.8785 -2
      vertex 148.611 47.8785 2
    endloop
  endfacet
  facet normal 0.258868 -0.965913 0
    outer loop
      vertex 147.264 47.5175 -2
      vertex 148.611 47.8785 2
      vertex 147.264 47.5175 2
    endloop
  endfacet
  facet normal 0.0871403 0.996196 0
    outer loop
      vertex 148.611 -47.8785 -2
      vertex 148.611 -47.8785 2
      vertex 150 -48 -2
    endloop
  endfacet
  facet normal 0 0 -1
    outer loop
      vertex 148.611 -47.8785 -2
      vertex 150 -48 -2
      vertex 250 -80 -2
    endloop
  endfacet
  facet normal 0.0871403 0.996196 0
    outer loop
      vertex 148.611 -47.8785 2
      vertex 150 -48 2
      vertex 150 -48 -2
    endloop
  endfacet
  facet normal 0 0 1
    outer loop
      vertex 148.611 -47.8785 2
      vertex 250 -76 2
      vertex 150 -48 2
    endloop
  endfacet
  facet normal 0 0 -1
    outer loop
      vertex 148.611 -32.1215 -2
      vertex 148.611 32.1215 -2
      vertex 150 32 -2
    endloop
  endfacet
  facet normal 0.0871403 -0.996196 0
    outer loop
      vertex 148.611 -32.1215 -2
      vertex 150 -32 -2
      vertex 150 -32 2
    endloop
  endfacet
  facet normal 0.0871403 -0.996196 0
    outer loop
      vertex 148.611 -32.1215 -2
      vertex 150 -32 2
      vertex 148.611 -32.1215 2
    endloop
  endfacet
  facet normal 0 0 -1
    outer loop
      vertex 148.611 -32.1215 -2
      vertex 150 32 -2
      vertex 150 -32 -2
    endloop
  endfacet
  facet normal 0 0 1
    outer loop
      vertex 148.611 -32.1215 2
      vertex 150 -32 2
      vertex 148.611 32.1215 2
    endloop
  endfacet
  facet normal 0.0871403 0.996196 0
    outer loop
      vertex 148.611 32.1215 -2
      vertex 148.611 32.1215 2
      vertex 150 32 -2
    endloop
  endfacet
  facet normal 0 0 1
    outer loop
      vertex 148.611 32.1215 2
      vertex 150 -32 2
      vertex 150 32 2
    endloop
  endfacet
  facet normal 0.0871403 0.996196 0
    outer loop
      vertex 148.611 32.1215 2
      vertex 150 32 2
      vertex 150 32 -2
    endloop
  endfacet
  facet normal 0.0871403 -0.996196 0
    outer loop
      vertex 148.611 47.8785 -2
      vertex 150 48 -2
      vertex 150 48 2
    endloop
  endfacet
  facet normal 0.0871403 -0.996196 0
    outer loop
      vertex 148.611 47.8785 -2
      vertex 150 48 2
      vertex 148.611 47.8785 2
    endloop
  endfacet
  facet normal 0 0 -1
    outer loop
      vertex 148.611 47.8785 -2
      vertex 250 80 -2
      vertex 150 48 -2
    endloop
  endfacet
  facet normal 0 0 1
    outer loop
      vertex 148.611 47.8785 2
      vertex 150 48 2
      vertex 250 76 2
    endloop
  endfacet
  facet normal -0.0871403 0.996196 0
    outer loop
      vertex 150 -48 -2
      vertex 150 -48 2
      vertex 151.389 -47.8785 -2
    endloop
  endfacet
  facet normal 0 0 -1
    outer loop
      vertex 150 -48 -2
      vertex 151.389 -47.8785 -2
      vertex 250 -80 -2
    endloop
  endfacet
  facet normal -0.0871403 0.996196 0
    outer loop
      vertex 150 -48 2
      vertex 151.389 -47.8785 2
      vertex 151.389 -47.8785 -2
    endloop
  endfacet
  facet normal 0 0 1
    outer loop
      vertex 150 -48 2
      vertex 250 -76 2
      vertex 151.389 -47.8785 2
    endloop
  endfacet
  facet normal 0 0 -1
    outer loop
      vertex 150 -32 -2
      vertex 150 32 -2
      vertex 151.389 32.1215 -2
    endloop
  endfacet
  facet normal -0.0871403 -0.996196 0
    outer loop
      vertex 150 -32 -2
      vertex 151.389 -32.1215 -2
      vertex 151.389 -32.1215 2
    endloop
  endfacet
  facet normal -0.0871403 -0.996196 0
    outer loop
      vertex 150 -32 -2
      vertex 151.389 -32.1215 2
      vertex 150 -32 2
    endloop
  endfacet
  facet normal 0 0 -1
    outer loop
      vertex 150 -32 -2
      vertex 151.389 32.1215 -2
      vertex 151.389 -32.1215 -2
    endloop
  endfacet
  facet normal 0 0 1
    outer loop
      vertex 150 -32 2
      vertex 151.389 -32.1215 2
      vertex 150 32 2
    endloop
  endfacet
  facet normal -0.0871403 0.996196 0
    outer loop
      vertex 150 32 -2
      vertex 150 32 2
      vertex 151.389 32.1215 -2
    endloop
  endfacet
  facet normal 0 0 1
    outer loop
      vertex 150 32 2
      vertex 151.389 -32.1215 2
      vertex 151.389 32.1215 2
    endloop
  endfacet
  facet normal -0.0871403 0.996196 0
    outer loop
      vertex 150 32 2
      vertex 151.389 32.1215 2
      vertex 151.389 32.1215 -2
    endloop
  endfacet
  facet normal -0.0871403 -0.996196 0
    outer loop
      vertex 150 48 -2
      vertex 151.389 47.8785 -2
      vertex 151.389 47.8785 2
    endloop
  endfacet
  facet normal -0.0871403 -0.996196 0
    outer loop
      vertex 150 48 -2
      vertex 151.389 47.8785 2
      vertex 150 48 2
    endloop
  endfacet
  facet normal 0 0 -1
    outer loop
      vertex 150 48 -2
      vertex 250 80 -2
      vertex 151.389 47.8785 -2
    endloop
  endfacet
  facet normal 0 0 1
    outer loop
      vertex 150 48 2
      vertex 151.389 47.8785 2
      vertex 250 76 2
    endloop
  endfacet
  facet normal -0.258868 0.965913 0
    outer loop
      vertex 151.389 -47.8785 -2
      vertex 151.389 -47.8785 2
      vertex 152.736 -47.5175 -2
    endloop
  endfacet
  facet normal 0 0 -1
    outer loop
      vertex 151.389 -47.8785 -2
      vertex 152.736 -47.5175 -2
      vertex 250 -80 -2
    endloop
  endfacet
  facet normal -0.258868 0.965913 0
    outer loop
      vertex 151.389 -47.8785 2
      vertex 152.736 -47.5175 2
      vertex 152.736 -47.5175 -2
    endloop
  endfacet
  facet normal 0 0 1
    outer loop
      vertex 151.389 -47.8785 2
      vertex 250 -76 2
      vertex 152.736 -47.5175 2
    endloop
  endfacet
  facet normal 0 0 -1
    outer loop
      vertex 151.389 -32.1215 -2
      vertex 151.389 32.1215 -2
      vertex 152.736 32.4825 -2
    endloop
  endfacet
  facet normal -0.258868 -0.965913 0
    outer loop
      vertex 151.389 -32.1215 -2
      vertex 152.736 -32.4825 -2
      vertex 152.736 -32.4825 2
    endloop
  endfacet
  facet normal -0.258868 -0.965913 0
    outer loop
      vertex 151.389 -32.1215 -2
      vertex 152.736 -32.4825 2
      vertex 151.389 -32.1215 2
    endloop
  endfacet
  facet normal 0 0 -1
    outer loop
      vertex 151.389 -32.1215 -2
      vertex 152.736 32.4825 -2
      vertex 152.736 -32.4825 -2
    endloop
  endfacet
  facet normal 0 0 1
    outer loop
      vertex 151.389 -32.1215 2
      vertex 152.736 -32.4825 2
      vertex 151.389 32.1215 2
    endloop
  endfacet
  facet normal -0.258868 0.965913 0
    outer loop
      vertex 151.389 32.1215 -2
      vertex 151.389 32.1215 2
      vertex 152.736 32.4825 -2
    endloop
  endfacet
  facet normal 0 0 1
    outer loop
      vertex 151.389 32.1215 2
      vertex 152.736 -32.4825 2
      vertex 152.736 32.4825 2
    endloop
  endfacet
  facet normal -0.258868 0.965913 0
    outer loop
      vertex 151.389 32.1215 2
      vertex 152.736 32.4825 2
      vertex 152.736 32.4825 -2
    endloop
  endfacet
  facet normal -0.258868 -0.965913 0
    outer loop
      vertex 151.389 47.8785 -2
      vertex 152.736 47.5175 -2
      vertex 152.736 47.5175 2
    endloop
  endfacet
  facet normal -0.258868 -0.965913 0
    outer loop
      vertex 151.389 47.8785 -2
      vertex 152.736 47.5175 2
      vertex 151.389 47.8785 2
    endloop
  endfacet
  facet normal 0 0 -1
    outer loop
      vertex 151.389 47.8785 -2
      vertex 250 80 -2
      vertex 152.736 47.5175 -2
    endloop
  endfacet
  facet normal 0 0 1
    outer loop
      vertex 151.389 47.8785 2
      vertex 152.736 47.5175 2
      vertex 250 76 2
    endloop
  endfacet
  facet normal -0.422552 0.906339 0
    outer loop
      vertex 152.736 -47.5175 -2
      vertex 152.736 -47.5175 2
      vertex 154 -46.9282 -2
    endloop
  endfacet
  facet normal 0 0 -1
    outer loop
      vertex 152.736 -47.5175 -2
      vertex 154 -46.9282 -2
      vertex 250 -80 -2
    endloop
  endfacet
  facet normal -0.422552 0.906339 0
    outer loop
      vertex 152.736 -47.5175 2
      vertex 154 -46.9282 2
      vertex 154 -46.9282 -2
    endloop
  endfacet
  facet normal 0 0 1
    outer loop
      vertex 152.736 -47.5175 2
      vertex 250 -76 2
      vertex 154 -46.9282 2
    endloop
  endfacet
  facet normal 0 0 -1
    outer loop
      vertex 152.736 -32.4825 -2
      vertex 152.736 32.4825 -2
      vertex 154 33.0718 -2
    endloop
  endfacet
  facet normal -0.422552 -0.906339 0
    outer loop
      vertex 152.736 -32.4825 -2
      vertex 154 -33.0718 -2
      vertex 154 -33.0718 2
    endloop
  endfacet
  facet normal -0.422552 -0.906339 0
    outer loop
      vertex 152.736 -32.4825 -2
      vertex 154 -33.0718 2
      vertex 152.736 -32.4825 2
    endloop
  endfacet
  facet normal 0 0 -1
    outer loop
      vertex 152.736 -32.4825 -2
      vertex 154 33.0718 -2
      vertex 154 -33.0718 -2
    endloop
  endfacet
  facet normal 0 0 1
    outer loop
      vertex 152.736 -32.4825 2
      vertex 154 -33.0718 2
      vertex 152.736 32.4825 2
    endloop
  endfacet
  facet normal -0.422552 0.906339 0
    outer loop
      vertex 152.736 32.4825 -2
      vertex 152.736 32.4825 2
      vertex 154 33.0718 -2
    endloop
  endfacet
  facet normal 0 0 1
    outer loop
      vertex 152.736 32.4825 2
      vertex 154 -33.0718 2
      vertex 154 33.0718 2
    endloop
  endfacet
  facet normal -0.422552 0.906339 0
    outer loop
      vertex 152.736 32.4825 2
      vertex 154 33.0718 2
      vertex 154 33.0718 -2
    endloop
  endfacet
  facet normal -0.422552 -0.906339 0
    outer loop
      vertex 152.736 47.5175 -2
      vertex 154 46.9282 -2
      vertex 154 46.9282 2
    endloop
  endfacet
  facet normal -0.422552 -0.906339 0
    outer loop
      vertex 152.736 47.5175 -2
      vertex 154 46.9282 2
      vertex 152.736 47.5175 2
    endloop
  endfacet
  facet normal 0 0 -1
    outer loop
      vertex 152.736 47.5175 -2
      vertex 250 80 -2
      vertex 154 46.9282 -2
    endloop
  endfacet
  facet normal 0 0 1
    outer loop
      vertex 152.736 47.5175 2
      vertex 154 46.9282 2
      vertex 250 76 2
    endloop
  endfacet
  facet normal -0.573655 0.819097 0
    outer loop
      vertex 154 -46.9282 -2
      vertex 154 -46.9282 2
      vertex 155.142 -46.1284 -2
    endloop
  endfacet
  facet normal 0 0 -1
    outer loop
      vertex 154 -46.9282 -2
      vertex 155.142 -46.1284 -2
      vertex 250 -80 -2
    endloop
  endfacet
  facet normal -0.573655 0.819097 0
    outer loop
      vertex 154 -46.9282 2
      vertex 155.142 -46.1284 2
      vertex 155.142 -46.1284 -2
    endloop
  endfacet
  facet normal 0 0 1
    outer loop
      vertex 154 -46.9282 2
      vertex 250 -76 2
      vertex 155.142 -46.1284 2
    endloop
  endfacet
  facet normal 0 0 -1
    outer loop
      vertex 154 -33.0718 -2
      vertex 154 33.0718 -2
      vertex 155.142 33.8716 -2
    endloop
  endfacet
  facet normal -0.573655 -0.819097 0
    outer loop
      vertex 154 -33.0718 -2
      vertex 155.142 -33.8716 -2
      vertex 155.142 -33.8716 2
    endloop
  endfacet
  facet normal -0.573655 -0.819097 0
    outer loop
      vertex 154 -33.0718 -2
      vertex 155.142 -33.8716 2
      vertex 154 -33.0718 2
    endloop
  endfacet
  facet normal 0 0 -1
    outer loop
      vertex 154 -33.0718 -2
      vertex 155.142 33.8716 -2
      vertex 155.142 -33.8716 -2
    endloop
  endfacet
  facet normal 0 0 1
    outer loop
      vertex 154 -33.0718 2
      vertex 155.142 -33.8716 2
      vertex 154 33.0718 2
    endloop
  endfacet
  facet normal -0.573655 0.819097 0
    outer loop
      vertex 154 33.0718 -2
      vertex 154 33.0718 2
      vertex 155.142 33.8716 -2
    endloop
  endfacet
  facet normal 0 0 1
    outer loop
      vertex 154 33.0718 2
      vertex 155.142 -33.8716 2
      vertex 155.142 33.8716 2
    endloop
  endfacet
  facet normal -0.573655 0.819097 0
    outer loop
      vertex 154 33.0718 2
      vertex 155.142 33.8716 2
      vertex 155.142 33.8716 -2
    endloop
  endfacet
  facet normal -0.573655 -0.819097 0
    outer loop
      vertex 154 46.9282 -2
      vertex 155.142 46.1284 -2
      vertex 155.142 46.1284 2
    endloop
  endfacet
  facet normal -0.573655 -0.819097 0
    outer loop
      vertex 154 46.9282 -2
      vertex 155.142 46.1284 2
      vertex 154 46.9282 2
    endloop
  endfacet
  facet normal 0 0 -1
    outer loop
      vertex 154 46.9282 -2
      vertex 250 80 -2
      vertex 155.142 46.1284 -2
    endloop
  endfacet
  facet normal 0 0 1
    outer loop
      vertex 154 46.9282 2
      vertex 155.142 46.1284 2
      vertex 250 76 2
    endloop
  endfacet
  facet normal -0.707143 0.707071 0
    outer loop
      vertex 155.142 -46.1284 -2
      vertex 155.142 -46.1284 2
      vertex 156.128 -45.1423 2
    endloop
  endfacet
  facet normal 0 0 -1
    outer loop
      vertex 155.142 -46.1284 -2
      vertex 156.128 -45.1423 -2
      vertex 250 -80 -2
    endloop
  endfacet
  facet normal -0.707143 0.707071 0
    outer loop
      vertex 155.142 -46.1284 -2
      vertex 156.128 -45.1423 2
      vertex 156.128 -45.1423 -2
    endloop
  endfacet
  facet normal 0 0 1
    outer loop
      vertex 155.142 -46.1284 2
      vertex 250 -76 2
      vertex 156.128 -45.1423 2
    endloop
  endfacet
  facet normal 0 0 -1
    outer loop
      vertex 155.142 -33.8716 -2
      vertex 155.142 33.8716 -2
      vertex 156.128 34.8577 -2
    endloop
  endfacet
  facet normal -0.707143 -0.707071 0
    outer loop
      vertex 155.142 -33.8716 -2
      vertex 156.128 -34.8577 -2
      vertex 155.142 -33.8716 2
    endloop
  endfacet
  facet normal 0 0 -1
    outer loop
      vertex 155.142 -33.8716 -2
      vertex 156.128 34.8577 -2
      vertex 156.128 -34.8577 -2
    endloop
  endfacet
  facet normal -0.707143 -0.707071 0
    outer loop
      vertex 155.142 -33.8716 2
      vertex 156.128 -34.8577 -2
      vertex 156.128 -34.8577 2
    endloop
  endfacet
  facet normal 0 0 1
    outer loop
      vertex 155.142 -33.8716 2
      vertex 156.128 -34.8577 2
      vertex 155.142 33.8716 2
    endloop
  endfacet
  facet normal -0.707143 0.707071 0
    outer loop
      vertex 155.142 33.8716 -2
      vertex 155.142 33.8716 2
      vertex 156.128 34.8577 2
    endloop
  endfacet
  facet normal -0.707143 0.707071 0
    outer loop
      vertex 155.142 33.8716 -2
      vertex 156.128 34.8577 2
      vertex 156.128 34.8577 -2
    endloop
  endfacet
  facet normal 0 0 1
    outer loop
      vertex 155.142 33.8716 2
      vertex 156.128 -34.8577 2
      vertex 156.128 34.8577 2
    endloop
  endfacet
  facet normal -0.707143 -0.707071 0
    outer loop
      vertex 155.142 46.1284 -2
      vertex 156.128 45.1423 -2
      vertex 155.142 46.1284 2
    endloop
  endfacet
  facet normal 0 0 -1
    outer loop
      vertex 155.142 46.1284 -2
      vertex 250 80 -2
      vertex 156.128 45.1423 -2
    endloop
  endfacet
  facet normal -0.707143 -0.707071 0
    outer loop
      vertex 155.142 46.1284 2
      vertex 156.128 45.1423 -2
      vertex 156.128 45.1423 2
    endloop
  endfacet
  facet normal 0 0 1
    outer loop
      vertex 155.142 46.1284 2
      vertex 156.128 45.1423 2
      vertex 250 76 2
    endloop
  endfacet
  facet normal -0.819101 0.57365 0
    outer loop
      vertex 156.128 -45.1423 -2
      vertex 156.128 -45.1423 2
      vertex 156.928 -44 2
    endloop
  endfacet
  facet normal 0 0 -1
    outer loop
      vertex 156.128 -45.1423 -2
      vertex 156.928 -44 -2
      vertex 250 -80 -2
    endloop
  endfacet
  facet normal -0.819101 0.57365 0
    outer loop
      vertex 156.128 -45.1423 -2
      vertex 156.928 -44 2
      vertex 156.928 -44 -2
    endloop
  endfacet
  facet normal 0 0 1
    outer loop
      vertex 156.128 -45.1423 2
      vertex 250 -76 2
      vertex 156.928 -44 2
    endloop
  endfacet
  facet normal 0 0 -1
    outer loop
      vertex 156.128 -34.8577 -2
      vertex 156.128 34.8577 -2
      vertex 156.928 36 -2
    endloop
  endfacet
  facet normal -0.819101 -0.57365 0
    outer loop
      vertex 156.128 -34.8577 -2
      vertex 156.928 -36 -2
      vertex 156.128 -34.8577 2
    endloop
  endfacet
  facet normal 0 0 -1
    outer loop
      vertex 156.128 -34.8577 -2
      vertex 156.928 36 -2
      vertex 156.928 -36 -2
    endloop
  endfacet
  facet normal -0.819101 -0.57365 0
    outer loop
      vertex 156.128 -34.8577 2
      vertex 156.928 -36 -2
      vertex 156.928 -36 2
    endloop
  endfacet
  facet normal 0 0 1
    outer loop
      vertex 156.128 -34.8577 2
      vertex 156.928 -36 2
      vertex 156.128 34.8577 2
    endloop
  endfacet
  facet normal -0.819101 0.57365 0
    outer loop
      vertex 156.128 34.8577 -2
      vertex 156.128 34.8577 2
      vertex 156.928 36 2
    endloop
  endfacet
  facet normal -0.819101 0.57365 0
    outer loop
      vertex 156.128 34.8577 -2
      vertex 156.928 36 2
      vertex 156.928 36 -2
    endloop
  endfacet
  facet normal 0 0 1
    outer loop
      vertex 156.128 34.8577 2
      vertex 156.928 -36 2
      vertex 156.928 36 2
    endloop
  endfacet
  facet normal -0.819101 -0.57365 0
    outer loop
      vertex 156.128 45.1423 -2
      vertex 156.928 44 -2
      vertex 156.128 45.1423 2
    endloop
  endfacet
  facet normal 0 0 -1
    outer loop
      vertex 156.128 45.1423 -2
      vertex 250 80 -2
      vertex 156.928 44 -2
    endloop
  endfacet
  facet normal -0.819101 -0.57365 0
    outer loop
      vertex 156.128 45.1423 2
      vertex 156.928 44 -2
      vertex 156.928 44 2
    endloop
  endfacet
  facet normal 0 0 1
    outer loop
      vertex 156.128 45.1423 2
      vertex 156.928 44 2
      vertex 250 76 2
    endloop
  endfacet
  facet normal -0.906121 0.423019 0
    outer loop
      vertex 156.928 -44 -2
      vertex 156.928 -44 2
      vertex 157.518 -42.7362 2
    endloop
  endfacet
  facet normal 0 0 -1
    outer loop
      vertex 156.928 -44 -2
      vertex 157.518 -42.7362 -2
      vertex 250 -80 -2
    endloop
  endfacet
  facet normal -0.906121 0.423019 0
    outer loop
      vertex 156.928 -44 -2
      vertex 157.518 -42.7362 2
      vertex 157.518 -42.7362 -2
    endloop
  endfacet
  facet normal 0 0 1
    outer loop
      vertex 156.928 -44 2
      vertex 250 -76 2
      vertex 157.518 -42.7362 2
    endloop
  endfacet
  facet normal 0 0 -1
    outer loop
      vertex 156.928 -36 -2
      vertex 156.928 36 -2
      vertex 250 80 -2
    endloop
  endfacet
  facet normal -0.906121 -0.423019 0
    outer loop
      vertex 156.928 -36 -2
      vertex 157.518 -37.2638 -2
      vertex 156.928 -36 2
    endloop
  endfacet
  facet normal 0 0 -1
    outer loop
      vertex 156.928 -36 -2
      vertex 250 -80 -2
      vertex 157.518 -37.2638 -2
    endloop
  endfacet
  facet normal 0 0 -1
    outer loop
      vertex 156.928 -36 -2
      vertex 250 80 -2
      vertex 250 -80 -2
    endloop
  endfacet
  facet normal -0.906121 -0.423019 0
    outer loop
      vertex 156.928 -36 2
      vertex 157.518 -37.2638 -2
      vertex 157.518 -37.2638 2
    endloop
  endfacet
  facet normal 0 0 1
    outer loop
      vertex 156.928 -36 2
      vertex 157.518 -37.2638 2
      vertex 250 -76 2
    endloop
  endfacet
  facet normal 0 0 1
    outer loop
      vertex 156.928 -36 2
      vertex 250 -76 2
      vertex 156.928 36 2
    endloop
  endfacet
  facet normal -0.906121 0.423019 0
    outer loop
      vertex 156.928 36 -2
      vertex 156.928 36 2
      vertex 157.518 37.2638 2
    endloop
  endfacet
  facet normal 0 0 -1
    outer loop
      vertex 156.928 36 -2
      vertex 157.518 37.2638 -2
      vertex 250 80 -2
    endloop
  endfacet
  facet normal -0.906121 0.423019 0
    outer loop
      vertex 156.928 36 -2
      vertex 157.518 37.2638 2
      vertex 157.518 37.2638 -2
    endloop
  endfacet
  facet normal 0 0 1
    outer loop
      vertex 156.928 36 2
      vertex 250 -76 2
      vertex 250 76 2
    endloop
  endfacet
  facet normal 0 0 1
    outer loop
      vertex 156.928 36 2
      vertex 250 76 2
      vertex 157.518 37.2638 2
    endloop
  endfacet
  facet normal -0.906121 -0.423019 0
    outer loop
      vertex 156.928 44 -2
      vertex 157.518 42.7362 -2
      vertex 156.928 44 2
    endloop
  endfacet
  facet normal 0 0 -1
    outer loop
      vertex 156.928 44 -2
      vertex 250 80 -2
      vertex 157.518 42.7362 -2
    endloop
  endfacet
  facet normal -0.906121 -0.423019 0
    outer loop
      vertex 156.928 44 2
      vertex 157.518 42.7362 -2
      vertex 157.518 42.7362 2
    endloop
  endfacet
  facet normal 0 0 1
    outer loop
      vertex 156.928 44 2
      vertex 157.518 42.7362 2
      vertex 250 76 2
    endloop
  endfacet
  facet normal -0.966092 0.258198 0
    outer loop
      vertex 157.518 -42.7362 -2
      vertex 157.518 -42.7362 2
      vertex 157.878 -41.3892 2
    endloop
  endfacet
  facet normal 0 0 -1
    outer loop
      vertex 157.518 -42.7362 -2
      vertex 157.878 -41.3892 -2
      vertex 250 -80 -2
    endloop
  endfacet
  facet normal -0.966092 0.258198 0
    outer loop
      vertex 157.518 -42.7362 -2
      vertex 157.878 -41.3892 2
      vertex 157.878 -41.3892 -2
    endloop
  endfacet
  facet normal 0 0 1
    outer loop
      vertex 157.518 -42.7362 2
      vertex 250 -76 2
      vertex 157.878 -41.3892 2
    endloop
  endfacet
  facet normal -0.966092 -0.258198 0
    outer loop
      vertex 157.518 -37.2638 -2
      vertex 157.878 -38.6108 -2
      vertex 157.518 -37.2638 2
    endloop
  endfacet
  facet normal 0 0 -1
    outer loop
      vertex 157.518 -37.2638 -2
      vertex 250 -80 -2
      vertex 157.878 -38.6108 -2
    endloop
  endfacet
  facet normal -0.966092 -0.258198 0
    outer loop
      vertex 157.518 -37.2638 2
      vertex 157.878 -38.6108 -2
      vertex 157.878 -38.6108 2
    endloop
  endfacet
  facet normal 0 0 1
    outer loop
      vertex 157.518 -37.2638 2
      vertex 157.878 -38.6108 2
      vertex 250 -76 2
    endloop
  endfacet
  facet normal -0.966092 0.258198 0
    outer loop
      vertex 157.518 37.2638 -2
      vertex 157.518 37.2638 2
      vertex 157.878 38.6108 2
    endloop
  endfacet
  facet normal 0 0 -1
    outer loop
      vertex 157.518 37.2638 -2
      vertex 157.878 38.6108 -2
      vertex 250 80 -2
    endloop
  endfacet
  facet normal -0.966092 0.258198 0
    outer loop
      vertex 157.518 37.2638 -2
      vertex 157.878 38.6108 2
      vertex 157.878 38.6108 -2
    endloop
  endfacet
  facet normal 0 0 1
    outer loop
      vertex 157.518 37.2638 2
      vertex 250 76 2
      vertex 157.878 38.6108 2
    endloop
  endfacet
  facet normal -0.966092 -0.258198 0
    outer loop
      vertex 157.518 42.7362 -2
      vertex 157.878 41.3892 -2
      vertex 157.518 42.7362 2
    endloop
  endfacet
  facet normal 0 0 -1
    outer loop
      vertex 157.518 42.7362 -2
      vertex 250 80 -2
      vertex 157.878 41.3892 -2
    endloop
  endfacet
  facet normal -0.966092 -0.258198 0
    outer loop
      vertex 157.518 42.7362 2
      vertex 157.878 41.3892 -2
      vertex 157.878 41.3892 2
    endloop
  endfacet
  facet normal 0 0 1
    outer loop
      vertex 157.518 42.7362 2
      vertex 157.878 41.3892 2
      vertex 250 76 2
    endloop
  endfacet
  facet normal -0.996166 0.0874836 0
    outer loop
      vertex 157.878 -41.3892 -2
      vertex 157.878 -41.3892 2
      vertex 158 -40 2
    endloop
  endfacet
  facet normal 0 0 -1
    outer loop
      vertex 157.878 -41.3892 -2
      vertex 158 -40 -2
      vertex 250 -80 -2
    endloop
  endfacet
  facet normal -0.996166 0.0874836 0
    outer loop
      vertex 157.878 -41.3892 -2
      vertex 158 -40 2
      vertex 158 -40 -2
    endloop
  endfacet
  facet normal 0 0 1
    outer loop
      vertex 157.878 -41.3892 2
      vertex 250 -76 2
      vertex 158 -40 2
    endloop
  endfacet
  facet normal -0.996166 -0.0874836 0
    outer loop
      vertex 157.878 -38.6108 -2
      vertex 158 -40 -2
      vertex 157.878 -38.6108 2
    endloop
  endfacet
  facet normal 0 0 -1
    outer loop
      vertex 157.878 -38.6108 -2
      vertex 250 -80 -2
      vertex 158 -40 -2
    endloop
  endfacet
  facet normal -0.996166 -0.0874836 0
    outer loop
      vertex 157.878 -38.6108 2
      vertex 158 -40 -2
      vertex 158 -40 2
    endloop
  endfacet
  facet normal 0 0 1
    outer loop
      vertex 157.878 -38.6108 2
      vertex 158 -40 2
      vertex 250 -76 2
    endloop
  endfacet
  facet normal -0.996166 0.0874836 0
    outer loop
      vertex 157.878 38.6108 -2
      vertex 157.878 38.6108 2
      vertex 158 40 2
    endloop
  endfacet
  facet normal 0 0 -1
    outer loop
      vertex 157.878 38.6108 -2
      vertex 158 40 -2
      vertex 250 80 -2
    endloop
  endfacet
  facet normal -0.996166 0.0874836 0
    outer loop
      vertex 157.878 38.6108 -2
      vertex 158 40 2
      vertex 158 40 -2
    endloop
  endfacet
  facet normal 0 0 1
    outer loop
      vertex 157.878 38.6108 2
      vertex 250 76 2
      vertex 158 40 2
    endloop
  endfacet
  facet normal -0.996166 -0.0874836 0
    outer loop
      vertex 157.878 41.3892 -2
      vertex 158 40 -2
      vertex 157.878 41.3892 2
    endloop
  endfacet
  facet normal 0 0 -1
    outer loop
      vertex 157.878 41.3892 -2
      vertex 250 80 -2
      vertex 158 40 -2
    endloop
  endfacet
  facet normal -0.996166 -0.0874836 0
    outer loop
      vertex 157.878 41.3892 2
      vertex 158 40 -2
      vertex 158 40 2
    endloop
  endfacet
  facet normal 0 0 1
    outer loop
      vertex 157.878 41.3892 2
      vertex 158 40 2
      vertex 250 76 2
    endloop
  endfacet
  facet normal 1 0 0
    outer loop
      vertex 250 -80 -2
      vertex 250 -76 2
      vertex 250 -80 60
    endloop
  endfacet
  facet normal 1 0 0
    outer loop
      vertex 250 -80 -2
      vertex 250 80 -2
      vertex 250 -76 2
    endloop
  endfacet
  facet normal 1 0 0
    outer loop
      vertex 250 -80 60
      vertex 250 -76 2
      vertex 250 -76 60
    endloop
  endfacet
  facet normal 1 0 0
    outer loop
      vertex 250 -76 2
      vertex 250 80 -2
      vertex 250 76 2
    endloop
  endfacet
  facet normal 1 0 0
    outer loop
      vertex 250 76 2
      vertex 250 80 -2
      vertex 250 80 60
    endloop
  endfacet
  facet normal 1 0 0
    outer loop
      vertex 250 76 2
      vertex 250 80 60
      vertex 250 76 60
    endloop
  endfacet
endsolid openscad_cable_tray_segment_type_b
