ISO-10303-21;
HEADER;
FILE_DESCRIPTION(('ViewDefinition [CoordinationView]'),'2;1');
FILE_NAME('mechanical_room_freecad_review.ifc','2026-06-01T01:40:13',('',''),(''),'IfcOpenShell 0.8.4','IfcOpenShell 0.8.4','');
FILE_SCHEMA(('IFC4'));
ENDSEC;
DATA;
#1=IFCPERSON($,$,'',$,$,$,$,$);
#2=IFCORGANIZATION($,'',$,$,$);
#3=IFCPERSONANDORGANIZATION(#1,#2,$);
#4=IFCAPPLICATION(#2,'1.1 build 1','FreeCAD','118df2cf_ed21_438e_a41');
#5=IFCOWNERHISTORY(#3,#4,$,.ADDED.,1780278013,#3,#4,1780278013);
#6=IFCDIRECTION((1.,0.,0.));
#7=IFCDIRECTION((0.,0.,1.));
#8=IFCCARTESIANPOINT((0.,0.,0.));
#9=IFCAXIS2PLACEMENT3D(#8,#7,#6);
#10=IFCDIRECTION((0.,1.,0.));
#12=IFCDIMENSIONALEXPONENTS(0,0,0,0,0,0,0);
#13=IFCSIUNIT(*,.LENGTHUNIT.,$,.METRE.);
#14=IFCSIUNIT(*,.AREAUNIT.,$,.SQUARE_METRE.);
#15=IFCSIUNIT(*,.VOLUMEUNIT.,$,.CUBIC_METRE.);
#16=IFCSIUNIT(*,.PLANEANGLEUNIT.,$,.RADIAN.);
#17=IFCMEASUREWITHUNIT(IFCPLANEANGLEMEASURE(0.0174532925199433),#16);
#18=IFCCONVERSIONBASEDUNIT(#12,.PLANEANGLEUNIT.,'DEGREE',#17);
#19=IFCUNITASSIGNMENT((#13,#14,#15,#18));
#20=IFCDIRECTION((6.12323399573677E-17,1.));
#21=IFCGEOMETRICREPRESENTATIONCONTEXT($,'Model',3,1.E-05,#9,#20);
#22=IFCGEOMETRICREPRESENTATIONSUBCONTEXT('Body','Model',*,*,*,*,#21,$,.MODEL_VIEW.,$);
#23=IFCPROJECT('0q5vLpBVbD58S7CxQSFCai',#5,'Project_CoordProof_MechanicalRoom','','','Project_CoordProof_MechanicalRoom','',(#21),#19);
#24=IFCCARTESIANPOINT((0.,0.,0.2));
#25=IFCCARTESIANPOINT((0.,4.2,0.2));
#26=IFCCARTESIANPOINT((0.,4.2,0.));
#27=IFCPOLYLOOP((#8,#24,#25,#26));
#28=IFCFACEOUTERBOUND(#27,.T.);
#29=IFCFACE((#28));
#30=IFCCARTESIANPOINT((6.,0.,0.2));
#31=IFCCARTESIANPOINT((6.,0.,0.));
#32=IFCCARTESIANPOINT((6.,4.2,0.));
#33=IFCCARTESIANPOINT((6.,4.2,0.2));
#34=IFCPOLYLOOP((#30,#31,#32,#33));
#35=IFCFACEOUTERBOUND(#34,.T.);
#36=IFCFACE((#35));
#37=IFCPOLYLOOP((#8,#31,#30,#24));
#38=IFCFACEOUTERBOUND(#37,.T.);
#39=IFCFACE((#38));
#40=IFCPOLYLOOP((#32,#26,#25,#33));
#41=IFCFACEOUTERBOUND(#40,.T.);
#42=IFCFACE((#41));
#43=IFCPOLYLOOP((#8,#26,#32,#31));
#44=IFCFACEOUTERBOUND(#43,.T.);
#45=IFCFACE((#44));
#46=IFCPOLYLOOP((#25,#24,#30,#33));
#47=IFCFACEOUTERBOUND(#46,.T.);
#48=IFCFACE((#47));
#49=IFCCLOSEDSHELL((#29,#36,#39,#42,#45,#48));
#50=IFCFACETEDBREP(#49);
#51=IFCLOCALPLACEMENT($,#9);
#52=IFCSHAPEREPRESENTATION(#22,'Body','Brep',(#50));
#53=IFCPRODUCTDEFINITIONSHAPE($,$,(#52));
#54=IFCSLAB('0sOl4JeDjCUPvQHkyhu45D',#5,'Slab_Concrete_Base','',$,#51,#53,$,$);
#55=IFCCARTESIANPOINT((0.,4.,0.2));
#56=IFCCARTESIANPOINT((0.,4.,3.4));
#57=IFCCARTESIANPOINT((0.,4.2,3.4));
#58=IFCPOLYLOOP((#55,#56,#57,#25));
#59=IFCFACEOUTERBOUND(#58,.T.);
#60=IFCFACE((#59));
#61=IFCCARTESIANPOINT((6.,4.,3.4));
#62=IFCCARTESIANPOINT((6.,4.,0.2));
#63=IFCCARTESIANPOINT((6.,4.2,3.4));
#64=IFCPOLYLOOP((#61,#62,#33,#63));
#65=IFCFACEOUTERBOUND(#64,.T.);
#66=IFCFACE((#65));
#67=IFCPOLYLOOP((#55,#62,#61,#56));
#68=IFCFACEOUTERBOUND(#67,.T.);
#69=IFCFACE((#68));
#70=IFCPOLYLOOP((#33,#25,#57,#63));
#71=IFCFACEOUTERBOUND(#70,.T.);
#72=IFCFACE((#71));
#73=IFCPOLYLOOP((#55,#25,#33,#62));
#74=IFCFACEOUTERBOUND(#73,.T.);
#75=IFCFACE((#74));
#76=IFCPOLYLOOP((#57,#56,#61,#63));
#77=IFCFACEOUTERBOUND(#76,.T.);
#78=IFCFACE((#77));
#79=IFCCLOSEDSHELL((#60,#66,#69,#72,#75,#78));
#80=IFCFACETEDBREP(#79);
#81=IFCSHAPEREPRESENTATION(#22,'Body','Brep',(#80));
#82=IFCPRODUCTDEFINITIONSHAPE($,$,(#81));
#83=IFCWALL('1jDHZhHl5BnwRuDS_ELKI1',#5,'Wall_North_01','',$,#51,#82,$,$);
#84=IFCCARTESIANPOINT((0.,0.,3.4));
#85=IFCCARTESIANPOINT((0.,0.2,3.4));
#86=IFCCARTESIANPOINT((0.,0.2,0.2));
#87=IFCPOLYLOOP((#24,#84,#85,#86));
#88=IFCFACEOUTERBOUND(#87,.T.);
#89=IFCFACE((#88));
#90=IFCCARTESIANPOINT((2.3,0.,3.4));
#91=IFCCARTESIANPOINT((2.3,0.,0.2));
#92=IFCCARTESIANPOINT((2.3,0.2,0.2));
#93=IFCCARTESIANPOINT((2.3,0.2,3.4));
#94=IFCPOLYLOOP((#90,#91,#92,#93));
#95=IFCFACEOUTERBOUND(#94,.T.);
#96=IFCFACE((#95));
#97=IFCPOLYLOOP((#24,#91,#90,#84));
#98=IFCFACEOUTERBOUND(#97,.T.);
#99=IFCFACE((#98));
#100=IFCPOLYLOOP((#92,#86,#85,#93));
#101=IFCFACEOUTERBOUND(#100,.T.);
#102=IFCFACE((#101));
#103=IFCPOLYLOOP((#24,#86,#92,#91));
#104=IFCFACEOUTERBOUND(#103,.T.);
#105=IFCFACE((#104));
#106=IFCPOLYLOOP((#85,#84,#90,#93));
#107=IFCFACEOUTERBOUND(#106,.T.);
#108=IFCFACE((#107));
#109=IFCCLOSEDSHELL((#89,#96,#99,#102,#105,#108));
#110=IFCFACETEDBREP(#109);
#111=IFCSHAPEREPRESENTATION(#22,'Body','Brep',(#110));
#112=IFCPRODUCTDEFINITIONSHAPE($,$,(#111));
#113=IFCWALL('2y_qh8OQnAKundynyzBrnN',#5,'Wall_South_01','',$,#51,#112,$,$);
#114=IFCCARTESIANPOINT((3.3,0.,0.2));
#115=IFCCARTESIANPOINT((3.3,0.,3.4));
#116=IFCCARTESIANPOINT((3.3,0.2,3.4));
#117=IFCCARTESIANPOINT((3.3,0.2,0.2));
#118=IFCPOLYLOOP((#114,#115,#116,#117));
#119=IFCFACEOUTERBOUND(#118,.T.);
#120=IFCFACE((#119));
#121=IFCCARTESIANPOINT((6.,0.,3.4));
#122=IFCCARTESIANPOINT((6.,0.2,0.2));
#123=IFCCARTESIANPOINT((6.,0.2,3.4));
#124=IFCPOLYLOOP((#121,#30,#122,#123));
#125=IFCFACEOUTERBOUND(#124,.T.);
#126=IFCFACE((#125));
#127=IFCPOLYLOOP((#114,#30,#121,#115));
#128=IFCFACEOUTERBOUND(#127,.T.);
#129=IFCFACE((#128));
#130=IFCPOLYLOOP((#122,#117,#116,#123));
#131=IFCFACEOUTERBOUND(#130,.T.);
#132=IFCFACE((#131));
#133=IFCPOLYLOOP((#114,#117,#122,#30));
#134=IFCFACEOUTERBOUND(#133,.T.);
#135=IFCFACE((#134));
#136=IFCPOLYLOOP((#116,#115,#121,#123));
#137=IFCFACEOUTERBOUND(#136,.T.);
#138=IFCFACE((#137));
#139=IFCCLOSEDSHELL((#120,#126,#129,#132,#135,#138));
#140=IFCFACETEDBREP(#139);
#141=IFCSHAPEREPRESENTATION(#22,'Body','Brep',(#140));
#142=IFCPRODUCTDEFINITIONSHAPE($,$,(#141));
#143=IFCWALL('1KQLi9bVP0ZfPwGNa4Dgre',#5,'Wall_South_02','',$,#51,#142,$,$);
#144=IFCCARTESIANPOINT((5.8,0.,0.2));
#145=IFCCARTESIANPOINT((5.8,0.,3.4));
#146=IFCCARTESIANPOINT((5.8,4.2,3.4));
#147=IFCCARTESIANPOINT((5.8,4.2,0.2));
#148=IFCPOLYLOOP((#144,#145,#146,#147));
#149=IFCFACEOUTERBOUND(#148,.T.);
#150=IFCFACE((#149));
#151=IFCPOLYLOOP((#121,#30,#33,#63));
#152=IFCFACEOUTERBOUND(#151,.T.);
#153=IFCFACE((#152));
#154=IFCPOLYLOOP((#144,#30,#121,#145));
#155=IFCFACEOUTERBOUND(#154,.T.);
#156=IFCFACE((#155));
#157=IFCPOLYLOOP((#33,#147,#146,#63));
#158=IFCFACEOUTERBOUND(#157,.T.);
#159=IFCFACE((#158));
#160=IFCPOLYLOOP((#144,#147,#33,#30));
#161=IFCFACEOUTERBOUND(#160,.T.);
#162=IFCFACE((#161));
#163=IFCPOLYLOOP((#146,#145,#121,#63));
#164=IFCFACEOUTERBOUND(#163,.T.);
#165=IFCFACE((#164));
#166=IFCCLOSEDSHELL((#150,#153,#156,#159,#162,#165));
#167=IFCFACETEDBREP(#166);
#168=IFCSHAPEREPRESENTATION(#22,'Body','Brep',(#167));
#169=IFCPRODUCTDEFINITIONSHAPE($,$,(#168));
#170=IFCWALL('15PXsxn6PCChNm6_1Hw2Lz',#5,'Wall_East_01','',$,#51,#169,$,$);
#171=IFCPOLYLOOP((#24,#84,#57,#25));
#172=IFCFACEOUTERBOUND(#171,.T.);
#173=IFCFACE((#172));
#174=IFCCARTESIANPOINT((0.2,0.,3.4));
#175=IFCCARTESIANPOINT((0.2,0.,0.2));
#176=IFCCARTESIANPOINT((0.2,4.2,0.2));
#177=IFCCARTESIANPOINT((0.2,4.2,3.4));
#178=IFCPOLYLOOP((#174,#175,#176,#177));
#179=IFCFACEOUTERBOUND(#178,.T.);
#180=IFCFACE((#179));
#181=IFCPOLYLOOP((#24,#175,#174,#84));
#182=IFCFACEOUTERBOUND(#181,.T.);
#183=IFCFACE((#182));
#184=IFCPOLYLOOP((#176,#25,#57,#177));
#185=IFCFACEOUTERBOUND(#184,.T.);
#186=IFCFACE((#185));
#187=IFCPOLYLOOP((#24,#25,#176,#175));
#188=IFCFACEOUTERBOUND(#187,.T.);
#189=IFCFACE((#188));
#190=IFCPOLYLOOP((#57,#84,#174,#177));
#191=IFCFACEOUTERBOUND(#190,.T.);
#192=IFCFACE((#191));
#193=IFCCLOSEDSHELL((#173,#180,#183,#186,#189,#192));
#194=IFCFACETEDBREP(#193);
#195=IFCSHAPEREPRESENTATION(#22,'Body','Brep',(#194));
#196=IFCPRODUCTDEFINITIONSHAPE($,$,(#195));
#197=IFCWALL('3AwpCKsrDCFQ1vrLf6Fo1Z',#5,'Wall_West_01','',$,#51,#196,$,$);
#198=IFCCARTESIANPOINT((2.3,-0.03,0.2));
#199=IFCCARTESIANPOINT((2.3,-0.03,2.3));
#200=IFCCARTESIANPOINT((2.3,0.03,2.3));
#201=IFCCARTESIANPOINT((2.3,0.03,0.2));
#202=IFCPOLYLOOP((#198,#199,#200,#201));
#203=IFCFACEOUTERBOUND(#202,.T.);
#204=IFCFACE((#203));
#205=IFCCARTESIANPOINT((3.3,-0.03,2.3));
#206=IFCCARTESIANPOINT((3.3,-0.03,0.2));
#207=IFCCARTESIANPOINT((3.3,0.03,0.2));
#208=IFCCARTESIANPOINT((3.3,0.03,2.3));
#209=IFCPOLYLOOP((#205,#206,#207,#208));
#210=IFCFACEOUTERBOUND(#209,.T.);
#211=IFCFACE((#210));
#212=IFCPOLYLOOP((#198,#206,#205,#199));
#213=IFCFACEOUTERBOUND(#212,.T.);
#214=IFCFACE((#213));
#215=IFCPOLYLOOP((#207,#201,#200,#208));
#216=IFCFACEOUTERBOUND(#215,.T.);
#217=IFCFACE((#216));
#218=IFCPOLYLOOP((#198,#201,#207,#206));
#219=IFCFACEOUTERBOUND(#218,.T.);
#220=IFCFACE((#219));
#221=IFCPOLYLOOP((#200,#199,#205,#208));
#222=IFCFACEOUTERBOUND(#221,.T.);
#223=IFCFACE((#222));
#224=IFCCLOSEDSHELL((#204,#211,#214,#217,#220,#223));
#225=IFCFACETEDBREP(#224);
#226=IFCSHAPEREPRESENTATION(#22,'Body','Brep',(#225));
#227=IFCPRODUCTDEFINITIONSHAPE($,$,(#226));
#228=IFCDOOR('36jNR_yQzEnvXO3pX6UB2s',#5,'Door_Access_01','',$,#51,#227,$,$,$,$,$,$);
#229=IFCCARTESIANPOINT((0.7,0.65,0.2));
#230=IFCCARTESIANPOINT((0.7,0.65,0.36));
#231=IFCCARTESIANPOINT((0.7,1.75,0.36));
#232=IFCCARTESIANPOINT((0.7,1.75,0.2));
#233=IFCPOLYLOOP((#229,#230,#231,#232));
#234=IFCFACEOUTERBOUND(#233,.T.);
#235=IFCFACE((#234));
#236=IFCCARTESIANPOINT((2.4,0.65,0.36));
#237=IFCCARTESIANPOINT((2.4,0.65,0.2));
#238=IFCCARTESIANPOINT((2.4,1.75,0.2));
#239=IFCCARTESIANPOINT((2.4,1.75,0.36));
#240=IFCPOLYLOOP((#236,#237,#238,#239));
#241=IFCFACEOUTERBOUND(#240,.T.);
#242=IFCFACE((#241));
#243=IFCPOLYLOOP((#229,#237,#236,#230));
#244=IFCFACEOUTERBOUND(#243,.T.);
#245=IFCFACE((#244));
#246=IFCPOLYLOOP((#238,#232,#231,#239));
#247=IFCFACEOUTERBOUND(#246,.T.);
#248=IFCFACE((#247));
#249=IFCPOLYLOOP((#229,#232,#238,#237));
#250=IFCFACEOUTERBOUND(#249,.T.);
#251=IFCFACE((#250));
#252=IFCPOLYLOOP((#231,#230,#236,#239));
#253=IFCFACEOUTERBOUND(#252,.T.);
#254=IFCFACE((#253));
#255=IFCCLOSEDSHELL((#235,#242,#245,#248,#251,#254));
#256=IFCFACETEDBREP(#255);
#257=IFCSHAPEREPRESENTATION(#22,'Body','Brep',(#256));
#258=IFCPRODUCTDEFINITIONSHAPE($,$,(#257));
#259=IFCFOOTING('0_3PTbq6T9ERAT7r2tpOL0',#5,'EquipmentPad_AHU_01','',$,#51,#258,$,$);
#260=IFCCARTESIANPOINT((0.85,0.78,0.36));
#261=IFCCARTESIANPOINT((0.85,0.78,1.46));
#262=IFCCARTESIANPOINT((0.85,1.63,1.46));
#263=IFCCARTESIANPOINT((0.85,1.63,0.36));
#264=IFCPOLYLOOP((#260,#261,#262,#263));
#265=IFCFACEOUTERBOUND(#264,.T.);
#266=IFCFACE((#265));
#267=IFCCARTESIANPOINT((2.35,0.78,1.46));
#268=IFCCARTESIANPOINT((2.35,0.78,0.36));
#269=IFCCARTESIANPOINT((2.35,1.63,0.36));
#270=IFCCARTESIANPOINT((2.35,1.63,1.46));
#271=IFCPOLYLOOP((#267,#268,#269,#270));
#272=IFCFACEOUTERBOUND(#271,.T.);
#273=IFCFACE((#272));
#274=IFCPOLYLOOP((#260,#268,#267,#261));
#275=IFCFACEOUTERBOUND(#274,.T.);
#276=IFCFACE((#275));
#277=IFCPOLYLOOP((#269,#263,#262,#270));
#278=IFCFACEOUTERBOUND(#277,.T.);
#279=IFCFACE((#278));
#280=IFCPOLYLOOP((#260,#263,#269,#268));
#281=IFCFACEOUTERBOUND(#280,.T.);
#282=IFCFACE((#281));
#283=IFCPOLYLOOP((#262,#261,#267,#270));
#284=IFCFACEOUTERBOUND(#283,.T.);
#285=IFCFACE((#284));
#286=IFCCLOSEDSHELL((#266,#273,#276,#279,#282,#285));
#287=IFCFACETEDBREP(#286);
#288=IFCSHAPEREPRESENTATION(#22,'Body','Brep',(#287));
#289=IFCPRODUCTDEFINITIONSHAPE($,$,(#288));
#290=IFCFLOWTERMINAL('2oRFDdWwH0Keqgia9f0vy1',#5,'Equipment_AHU_01','',$,#51,#289,$);
#291=IFCCARTESIANPOINT((0.89,0.805,0.475));
#292=IFCCARTESIANPOINT((0.89,0.805,1.375));
#293=IFCCARTESIANPOINT((0.89,1.605,1.375));
#294=IFCCARTESIANPOINT((0.89,1.605,0.475));
#295=IFCPOLYLOOP((#291,#292,#293,#294));
#296=IFCFACEOUTERBOUND(#295,.T.);
#297=IFCFACE((#296));
#298=IFCCARTESIANPOINT((1.01,0.805,1.375));
#299=IFCCARTESIANPOINT((1.01,0.805,0.475));
#300=IFCCARTESIANPOINT((1.01,1.605,0.475));
#301=IFCCARTESIANPOINT((1.01,1.605,1.375));
#302=IFCPOLYLOOP((#298,#299,#300,#301));
#303=IFCFACEOUTERBOUND(#302,.T.);
#304=IFCFACE((#303));
#305=IFCPOLYLOOP((#291,#299,#298,#292));
#306=IFCFACEOUTERBOUND(#305,.T.);
#307=IFCFACE((#306));
#308=IFCPOLYLOOP((#300,#294,#293,#301));
#309=IFCFACEOUTERBOUND(#308,.T.);
#310=IFCFACE((#309));
#311=IFCPOLYLOOP((#291,#294,#300,#299));
#312=IFCFACEOUTERBOUND(#311,.T.);
#313=IFCFACE((#312));
#314=IFCPOLYLOOP((#293,#292,#298,#301));
#315=IFCFACEOUTERBOUND(#314,.T.);
#316=IFCFACE((#315));
#317=IFCCLOSEDSHELL((#297,#304,#307,#310,#313,#316));
#318=IFCFACETEDBREP(#317);
#319=IFCSHAPEREPRESENTATION(#22,'Body','Brep',(#318));
#320=IFCPRODUCTDEFINITIONSHAPE($,$,(#319));
#321=IFCFLOWTERMINAL('0zb5xjDQf6NQnD$TPMomFR',#5,'AHU_FilterBank_01','',$,#51,#320,$);
#322=IFCCARTESIANPOINT((1.135,0.76,0.52));
#323=IFCCARTESIANPOINT((1.135,0.76,1.28));
#324=IFCCARTESIANPOINT((1.135,0.796,1.28));
#325=IFCCARTESIANPOINT((1.135,0.796,0.52));
#326=IFCPOLYLOOP((#322,#323,#324,#325));
#327=IFCFACEOUTERBOUND(#326,.T.);
#328=IFCFACE((#327));
#329=IFCCARTESIANPOINT((1.605,0.76,1.28));
#330=IFCCARTESIANPOINT((1.605,0.76,0.52));
#331=IFCCARTESIANPOINT((1.605,0.796,0.52));
#332=IFCCARTESIANPOINT((1.605,0.796,1.28));
#333=IFCPOLYLOOP((#329,#330,#331,#332));
#334=IFCFACEOUTERBOUND(#333,.T.);
#335=IFCFACE((#334));
#336=IFCPOLYLOOP((#322,#330,#329,#323));
#337=IFCFACEOUTERBOUND(#336,.T.);
#338=IFCFACE((#337));
#339=IFCPOLYLOOP((#331,#325,#324,#332));
#340=IFCFACEOUTERBOUND(#339,.T.);
#341=IFCFACE((#340));
#342=IFCPOLYLOOP((#322,#325,#331,#330));
#343=IFCFACEOUTERBOUND(#342,.T.);
#344=IFCFACE((#343));
#345=IFCPOLYLOOP((#324,#323,#329,#332));
#346=IFCFACEOUTERBOUND(#345,.T.);
#347=IFCFACE((#346));
#348=IFCCLOSEDSHELL((#328,#335,#338,#341,#344,#347));
#349=IFCFACETEDBREP(#348);
#350=IFCSHAPEREPRESENTATION(#22,'Body','Brep',(#349));
#351=IFCPRODUCTDEFINITIONSHAPE($,$,(#350));
#352=IFCFLOWTERMINAL('2$281K10r31xZc2EujgrHI',#5,'AHU_ServicePanel_01','',$,#51,#351,$);
#353=IFCCARTESIANPOINT((2.10021469970025,-0.149999999999977,0.967499999999973));
#354=IFCCARTESIANPOINT((2.125,-0.149999999999977,0.875));
#355=IFCCARTESIANPOINT((2.125,0.759999999999991,0.875));
#356=IFCPOLYLOOP((#353,#354,#355));
#357=IFCFACEOUTERBOUND(#356,.T.);
#358=IFCFACE((#357));
#359=IFCCARTESIANPOINT((2.10021469970025,0.759999999999991,0.967499999999973));
#360=IFCPOLYLOOP((#353,#355,#359));
#361=IFCFACEOUTERBOUND(#360,.T.);
#362=IFCFACE((#361));
#363=IFCCARTESIANPOINT((2.03250000000003,-0.149999999999977,1.03521469970008));
#364=IFCCARTESIANPOINT((2.03250000000003,0.759999999999991,1.03521469970008));
#365=IFCPOLYLOOP((#363,#359,#364));
#366=IFCFACEOUTERBOUND(#365,.T.);
#367=IFCFACE((#366));
#368=IFCPOLYLOOP((#363,#353,#359));
#369=IFCFACEOUTERBOUND(#368,.T.);
#370=IFCFACE((#369));
#371=IFCCARTESIANPOINT((1.94000000000005,-0.149999999999977,1.05999999999995));
#372=IFCCARTESIANPOINT((1.94000000000005,0.759999999999991,1.05999999999995));
#373=IFCPOLYLOOP((#371,#364,#372));
#374=IFCFACEOUTERBOUND(#373,.T.);
#375=IFCFACE((#374));
#376=IFCPOLYLOOP((#371,#363,#364));
#377=IFCFACEOUTERBOUND(#376,.T.);
#378=IFCFACE((#377));
#379=IFCCARTESIANPOINT((1.84750000000008,-0.149999999999977,1.03521469970008));
#380=IFCCARTESIANPOINT((1.84750000000008,0.759999999999991,1.03521469970008));
#381=IFCPOLYLOOP((#379,#372,#380));
#382=IFCFACEOUTERBOUND(#381,.T.);
#383=IFCFACE((#382));
#384=IFCPOLYLOOP((#379,#371,#372));
#385=IFCFACEOUTERBOUND(#384,.T.);
#386=IFCFACE((#385));
#387=IFCCARTESIANPOINT((1.77978530029986,-0.149999999999977,0.967499999999973));
#388=IFCCARTESIANPOINT((1.77978530029986,0.759999999999991,0.967499999999973));
#389=IFCPOLYLOOP((#387,#380,#388));
#390=IFCFACEOUTERBOUND(#389,.T.);
#391=IFCFACE((#390));
#392=IFCPOLYLOOP((#387,#379,#380));
#393=IFCFACEOUTERBOUND(#392,.T.);
#394=IFCFACE((#393));
#395=IFCCARTESIANPOINT((1.75500000000011,-0.149999999999977,0.875));
#396=IFCCARTESIANPOINT((1.75500000000011,0.759999999999991,0.875));
#397=IFCPOLYLOOP((#395,#388,#396));
#398=IFCFACEOUTERBOUND(#397,.T.);
#399=IFCFACE((#398));
#400=IFCPOLYLOOP((#395,#387,#388));
#401=IFCFACEOUTERBOUND(#400,.T.);
#402=IFCFACE((#401));
#403=IFCCARTESIANPOINT((1.77978530029986,-0.149999999999977,0.782500000000027));
#404=IFCCARTESIANPOINT((1.77978530029986,0.759999999999991,0.782500000000027));
#405=IFCPOLYLOOP((#403,#396,#404));
#406=IFCFACEOUTERBOUND(#405,.T.);
#407=IFCFACE((#406));
#408=IFCPOLYLOOP((#403,#395,#396));
#409=IFCFACEOUTERBOUND(#408,.T.);
#410=IFCFACE((#409));
#411=IFCCARTESIANPOINT((1.84750000000008,-0.149999999999977,0.714785300299923));
#412=IFCCARTESIANPOINT((1.84750000000008,0.759999999999991,0.714785300299923));
#413=IFCPOLYLOOP((#411,#404,#412));
#414=IFCFACEOUTERBOUND(#413,.T.);
#415=IFCFACE((#414));
#416=IFCPOLYLOOP((#411,#403,#404));
#417=IFCFACEOUTERBOUND(#416,.T.);
#418=IFCFACE((#417));
#419=IFCCARTESIANPOINT((1.94000000000005,-0.149999999999977,0.690000000000055));
#420=IFCCARTESIANPOINT((1.94000000000005,0.759999999999991,0.690000000000055));
#421=IFCPOLYLOOP((#419,#412,#420));
#422=IFCFACEOUTERBOUND(#421,.T.);
#423=IFCFACE((#422));
#424=IFCPOLYLOOP((#419,#411,#412));
#425=IFCFACEOUTERBOUND(#424,.T.);
#426=IFCFACE((#425));
#427=IFCCARTESIANPOINT((2.03250000000003,-0.149999999999977,0.714785300299923));
#428=IFCCARTESIANPOINT((2.03250000000003,0.759999999999991,0.714785300299923));
#429=IFCPOLYLOOP((#427,#420,#428));
#430=IFCFACEOUTERBOUND(#429,.T.);
#431=IFCFACE((#430));
#432=IFCPOLYLOOP((#427,#419,#420));
#433=IFCFACEOUTERBOUND(#432,.T.);
#434=IFCFACE((#433));
#435=IFCCARTESIANPOINT((2.10021469970025,-0.149999999999977,0.782500000000027));
#436=IFCCARTESIANPOINT((2.10021469970025,0.759999999999991,0.782500000000027));
#437=IFCPOLYLOOP((#435,#428,#436));
#438=IFCFACEOUTERBOUND(#437,.T.);
#439=IFCFACE((#438));
#440=IFCPOLYLOOP((#435,#436,#355));
#441=IFCFACEOUTERBOUND(#440,.T.);
#442=IFCFACE((#441));
#443=IFCPOLYLOOP((#435,#427,#428));
#444=IFCFACEOUTERBOUND(#443,.T.);
#445=IFCFACE((#444));
#446=IFCPOLYLOOP((#354,#435,#355));
#447=IFCFACEOUTERBOUND(#446,.T.);
#448=IFCFACE((#447));
#449=IFCPOLYLOOP((#353,#363,#371));
#450=IFCFACEOUTERBOUND(#449,.T.);
#451=IFCFACE((#450));
#452=IFCPOLYLOOP((#353,#371,#379));
#453=IFCFACEOUTERBOUND(#452,.T.);
#454=IFCFACE((#453));
#455=IFCPOLYLOOP((#353,#379,#387));
#456=IFCFACEOUTERBOUND(#455,.T.);
#457=IFCFACE((#456));
#458=IFCPOLYLOOP((#353,#387,#395));
#459=IFCFACEOUTERBOUND(#458,.T.);
#460=IFCFACE((#459));
#461=IFCPOLYLOOP((#353,#395,#403));
#462=IFCFACEOUTERBOUND(#461,.T.);
#463=IFCFACE((#462));
#464=IFCPOLYLOOP((#353,#403,#411));
#465=IFCFACEOUTERBOUND(#464,.T.);
#466=IFCFACE((#465));
#467=IFCPOLYLOOP((#353,#411,#419));
#468=IFCFACEOUTERBOUND(#467,.T.);
#469=IFCFACE((#468));
#470=IFCPOLYLOOP((#353,#419,#427));
#471=IFCFACEOUTERBOUND(#470,.T.);
#472=IFCFACE((#471));
#473=IFCPOLYLOOP((#353,#427,#435));
#474=IFCFACEOUTERBOUND(#473,.T.);
#475=IFCFACE((#474));
#476=IFCPOLYLOOP((#353,#435,#354));
#477=IFCFACEOUTERBOUND(#476,.T.);
#478=IFCFACE((#477));
#479=IFCPOLYLOOP((#364,#359,#372));
#480=IFCFACEOUTERBOUND(#479,.T.);
#481=IFCFACE((#480));
#482=IFCPOLYLOOP((#372,#359,#380));
#483=IFCFACEOUTERBOUND(#482,.T.);
#484=IFCFACE((#483));
#485=IFCPOLYLOOP((#380,#359,#388));
#486=IFCFACEOUTERBOUND(#485,.T.);
#487=IFCFACE((#486));
#488=IFCPOLYLOOP((#388,#359,#396));
#489=IFCFACEOUTERBOUND(#488,.T.);
#490=IFCFACE((#489));
#491=IFCPOLYLOOP((#396,#359,#404));
#492=IFCFACEOUTERBOUND(#491,.T.);
#493=IFCFACE((#492));
#494=IFCPOLYLOOP((#404,#359,#412));
#495=IFCFACEOUTERBOUND(#494,.T.);
#496=IFCFACE((#495));
#497=IFCPOLYLOOP((#412,#359,#420));
#498=IFCFACEOUTERBOUND(#497,.T.);
#499=IFCFACE((#498));
#500=IFCPOLYLOOP((#420,#359,#428));
#501=IFCFACEOUTERBOUND(#500,.T.);
#502=IFCFACE((#501));
#503=IFCPOLYLOOP((#428,#359,#436));
#504=IFCFACEOUTERBOUND(#503,.T.);
#505=IFCFACE((#504));
#506=IFCPOLYLOOP((#436,#359,#355));
#507=IFCFACEOUTERBOUND(#506,.T.);
#508=IFCFACE((#507));
#509=IFCCLOSEDSHELL((#358,#362,#367,#370,#375,#378,#383,#386,#391,#394,#399,#402,#407,#410,#415,#418,#423,#426,#431,#434,#439,#442,#445,#448,#451,#454,#457,#460,#463,#466,#469,#472,#475,#478,#481,#484,#487,#490,#493,#496,#499,#502,#505,#508));
#510=IFCFACETEDBREP(#509);
#511=IFCSHAPEREPRESENTATION(#22,'Body','Brep',(#510));
#512=IFCPRODUCTDEFINITIONSHAPE($,$,(#511));
#513=IFCFLOWTERMINAL('1CgNz1yzD30Rtnr_0u0Pet',#5,'AHU_FanHousing_01','',$,#51,#512,$);
#514=IFCCARTESIANPOINT((2.28,1.05,1.16));
#515=IFCCARTESIANPOINT((2.28,1.05,1.49));
#516=IFCCARTESIANPOINT((2.28,1.38,1.49));
#517=IFCCARTESIANPOINT((2.28,1.38,1.16));
#518=IFCPOLYLOOP((#514,#515,#516,#517));
#519=IFCFACEOUTERBOUND(#518,.T.);
#520=IFCFACE((#519));
#521=IFCCARTESIANPOINT((2.84,1.05,1.49));
#522=IFCCARTESIANPOINT((2.84,1.05,1.16));
#523=IFCCARTESIANPOINT((2.84,1.38,1.16));
#524=IFCCARTESIANPOINT((2.84,1.38,1.49));
#525=IFCPOLYLOOP((#521,#522,#523,#524));
#526=IFCFACEOUTERBOUND(#525,.T.);
#527=IFCFACE((#526));
#528=IFCPOLYLOOP((#514,#522,#521,#515));
#529=IFCFACEOUTERBOUND(#528,.T.);
#530=IFCFACE((#529));
#531=IFCPOLYLOOP((#523,#517,#516,#524));
#532=IFCFACEOUTERBOUND(#531,.T.);
#533=IFCFACE((#532));
#534=IFCPOLYLOOP((#514,#517,#523,#522));
#535=IFCFACEOUTERBOUND(#534,.T.);
#536=IFCFACE((#535));
#537=IFCPOLYLOOP((#516,#515,#521,#524));
#538=IFCFACEOUTERBOUND(#537,.T.);
#539=IFCFACE((#538));
#540=IFCCLOSEDSHELL((#520,#527,#530,#533,#536,#539));
#541=IFCFACETEDBREP(#540);
#542=IFCSHAPEREPRESENTATION(#22,'Body','Brep',(#541));
#543=IFCPRODUCTDEFINITIONSHAPE($,$,(#542));
#544=IFCFLOWFITTING('1sj7lL46HDUh2ht1KUZfd2',#5,'AHU_SupplyTransition_01','',$,#51,#543,$);
#545=IFCCARTESIANPOINT((0.625,1.03,0.72));
#546=IFCCARTESIANPOINT((0.625,1.03,1.18));
#547=IFCCARTESIANPOINT((0.625,1.39,1.18));
#548=IFCCARTESIANPOINT((0.625,1.39,0.72));
#549=IFCPOLYLOOP((#545,#546,#547,#548));
#550=IFCFACEOUTERBOUND(#549,.T.);
#551=IFCFACE((#550));
#552=IFCCARTESIANPOINT((0.885,1.03,1.18));
#553=IFCCARTESIANPOINT((0.885,1.03,0.72));
#554=IFCCARTESIANPOINT((0.885,1.39,0.72));
#555=IFCCARTESIANPOINT((0.885,1.39,1.18));
#556=IFCPOLYLOOP((#552,#553,#554,#555));
#557=IFCFACEOUTERBOUND(#556,.T.);
#558=IFCFACE((#557));
#559=IFCPOLYLOOP((#545,#553,#552,#546));
#560=IFCFACEOUTERBOUND(#559,.T.);
#561=IFCFACE((#560));
#562=IFCPOLYLOOP((#554,#548,#547,#555));
#563=IFCFACEOUTERBOUND(#562,.T.);
#564=IFCFACE((#563));
#565=IFCPOLYLOOP((#545,#548,#554,#553));
#566=IFCFACEOUTERBOUND(#565,.T.);
#567=IFCFACE((#566));
#568=IFCPOLYLOOP((#547,#546,#552,#555));
#569=IFCFACEOUTERBOUND(#568,.T.);
#570=IFCFACE((#569));
#571=IFCCLOSEDSHELL((#551,#558,#561,#564,#567,#570));
#572=IFCFACETEDBREP(#571);
#573=IFCSHAPEREPRESENTATION(#22,'Body','Brep',(#572));
#574=IFCPRODUCTDEFINITIONSHAPE($,$,(#573));
#575=IFCFLOWFITTING('02F9bT9UX8Gh57jKYouSvQ',#5,'AHU_ReturnPlenum_01','',$,#51,#574,$);
#576=IFCCARTESIANPOINT((3.6,0.65,0.2));
#577=IFCCARTESIANPOINT((3.6,0.65,0.34));
#578=IFCCARTESIANPOINT((3.6,1.45,0.34));
#579=IFCCARTESIANPOINT((3.6,1.45,0.2));
#580=IFCPOLYLOOP((#576,#577,#578,#579));
#581=IFCFACEOUTERBOUND(#580,.T.);
#582=IFCFACE((#581));
#583=IFCCARTESIANPOINT((5.,0.65,0.34));
#584=IFCCARTESIANPOINT((5.,0.65,0.2));
#585=IFCCARTESIANPOINT((5.,1.45,0.2));
#586=IFCCARTESIANPOINT((5.,1.45,0.34));
#587=IFCPOLYLOOP((#583,#584,#585,#586));
#588=IFCFACEOUTERBOUND(#587,.T.);
#589=IFCFACE((#588));
#590=IFCPOLYLOOP((#576,#584,#583,#577));
#591=IFCFACEOUTERBOUND(#590,.T.);
#592=IFCFACE((#591));
#593=IFCPOLYLOOP((#585,#579,#578,#586));
#594=IFCFACEOUTERBOUND(#593,.T.);
#595=IFCFACE((#594));
#596=IFCPOLYLOOP((#576,#579,#585,#584));
#597=IFCFACEOUTERBOUND(#596,.T.);
#598=IFCFACE((#597));
#599=IFCPOLYLOOP((#578,#577,#583,#586));
#600=IFCFACEOUTERBOUND(#599,.T.);
#601=IFCFACE((#600));
#602=IFCCLOSEDSHELL((#582,#589,#592,#595,#598,#601));
#603=IFCFACETEDBREP(#602);
#604=IFCSHAPEREPRESENTATION(#22,'Body','Brep',(#603));
#605=IFCPRODUCTDEFINITIONSHAPE($,$,(#604));
#606=IFCFOOTING('2empZbIBzBih6KdiGENv_R',#5,'EquipmentPad_PumpSkid_01','',$,#51,#605,$,$);
#607=IFCCARTESIANPOINT((3.75,0.82,0.34));
#608=IFCCARTESIANPOINT((3.75,0.82,0.52));
#609=IFCCARTESIANPOINT((3.75,1.34,0.52));
#610=IFCCARTESIANPOINT((3.75,1.34,0.34));
#611=IFCPOLYLOOP((#607,#608,#609,#610));
#612=IFCFACEOUTERBOUND(#611,.T.);
#613=IFCFACE((#612));
#614=IFCCARTESIANPOINT((4.85,0.82,0.52));
#615=IFCCARTESIANPOINT((4.85,0.82,0.34));
#616=IFCCARTESIANPOINT((4.85,1.34,0.34));
#617=IFCCARTESIANPOINT((4.85,1.34,0.52));
#618=IFCPOLYLOOP((#614,#615,#616,#617));
#619=IFCFACEOUTERBOUND(#618,.T.);
#620=IFCFACE((#619));
#621=IFCPOLYLOOP((#607,#615,#614,#608));
#622=IFCFACEOUTERBOUND(#621,.T.);
#623=IFCFACE((#622));
#624=IFCPOLYLOOP((#616,#610,#609,#617));
#625=IFCFACEOUTERBOUND(#624,.T.);
#626=IFCFACE((#625));
#627=IFCPOLYLOOP((#607,#610,#616,#615));
#628=IFCFACEOUTERBOUND(#627,.T.);
#629=IFCFACE((#628));
#630=IFCPOLYLOOP((#609,#608,#614,#617));
#631=IFCFACEOUTERBOUND(#630,.T.);
#632=IFCFACE((#631));
#633=IFCCLOSEDSHELL((#613,#620,#623,#626,#629,#632));
#634=IFCFACETEDBREP(#633);
#635=IFCSHAPEREPRESENTATION(#22,'Body','Brep',(#634));
#636=IFCPRODUCTDEFINITIONSHAPE($,$,(#635));
#637=IFCELEMENTASSEMBLY('2rmWrQP9T5Jw02aAuoXgjB',#5,'Equipment_PumpSkid_01','',$,#51,#636,$,$,$);
#638=IFCCARTESIANPOINT((3.7,0.81,0.36));
#639=IFCCARTESIANPOINT((3.7,0.81,0.48));
#640=IFCCARTESIANPOINT((3.7,0.88,0.48));
#641=IFCCARTESIANPOINT((3.7,0.88,0.36));
#642=IFCPOLYLOOP((#638,#639,#640,#641));
#643=IFCFACEOUTERBOUND(#642,.T.);
#644=IFCFACE((#643));
#645=IFCCARTESIANPOINT((4.9,0.81,0.48));
#646=IFCCARTESIANPOINT((4.9,0.81,0.36));
#647=IFCCARTESIANPOINT((4.9,0.88,0.36));
#648=IFCCARTESIANPOINT((4.9,0.88,0.48));
#649=IFCPOLYLOOP((#645,#646,#647,#648));
#650=IFCFACEOUTERBOUND(#649,.T.);
#651=IFCFACE((#650));
#652=IFCPOLYLOOP((#638,#646,#645,#639));
#653=IFCFACEOUTERBOUND(#652,.T.);
#654=IFCFACE((#653));
#655=IFCPOLYLOOP((#647,#641,#640,#648));
#656=IFCFACEOUTERBOUND(#655,.T.);
#657=IFCFACE((#656));
#658=IFCPOLYLOOP((#638,#641,#647,#646));
#659=IFCFACEOUTERBOUND(#658,.T.);
#660=IFCFACE((#659));
#661=IFCPOLYLOOP((#640,#639,#645,#648));
#662=IFCFACEOUTERBOUND(#661,.T.);
#663=IFCFACE((#662));
#664=IFCCLOSEDSHELL((#644,#651,#654,#657,#660,#663));
#665=IFCFACETEDBREP(#664);
#666=IFCSHAPEREPRESENTATION(#22,'Body','Brep',(#665));
#667=IFCPRODUCTDEFINITIONSHAPE($,$,(#666));
#668=IFCELEMENTASSEMBLY('0sc0RhYPL0huQsv14hZJk0',#5,'PumpSkid_Rail_North_01','',$,#51,#667,$,$,$);
#669=IFCCARTESIANPOINT((3.7,1.29,0.36));
#670=IFCCARTESIANPOINT((3.7,1.29,0.48));
#671=IFCCARTESIANPOINT((3.7,1.36,0.48));
#672=IFCCARTESIANPOINT((3.7,1.36,0.36));
#673=IFCPOLYLOOP((#669,#670,#671,#672));
#674=IFCFACEOUTERBOUND(#673,.T.);
#675=IFCFACE((#674));
#676=IFCCARTESIANPOINT((4.9,1.29,0.48));
#677=IFCCARTESIANPOINT((4.9,1.29,0.36));
#678=IFCCARTESIANPOINT((4.9,1.36,0.36));
#679=IFCCARTESIANPOINT((4.9,1.36,0.48));
#680=IFCPOLYLOOP((#676,#677,#678,#679));
#681=IFCFACEOUTERBOUND(#680,.T.);
#682=IFCFACE((#681));
#683=IFCPOLYLOOP((#669,#677,#676,#670));
#684=IFCFACEOUTERBOUND(#683,.T.);
#685=IFCFACE((#684));
#686=IFCPOLYLOOP((#678,#672,#671,#679));
#687=IFCFACEOUTERBOUND(#686,.T.);
#688=IFCFACE((#687));
#689=IFCPOLYLOOP((#669,#672,#678,#677));
#690=IFCFACEOUTERBOUND(#689,.T.);
#691=IFCFACE((#690));
#692=IFCPOLYLOOP((#671,#670,#676,#679));
#693=IFCFACEOUTERBOUND(#692,.T.);
#694=IFCFACE((#693));
#695=IFCCLOSEDSHELL((#675,#682,#685,#688,#691,#694));
#696=IFCFACETEDBREP(#695);
#697=IFCSHAPEREPRESENTATION(#22,'Body','Brep',(#696));
#698=IFCPRODUCTDEFINITIONSHAPE($,$,(#697));
#699=IFCELEMENTASSEMBLY('1rHw1p$gD2zetZ8qCM3ClV',#5,'PumpSkid_Rail_South_01','',$,#51,#698,$,$,$);
#700=IFCCARTESIANPOINT((3.82,0.84,0.43));
#701=IFCCARTESIANPOINT((3.82,0.84,0.51));
#702=IFCCARTESIANPOINT((3.82,1.32,0.51));
#703=IFCCARTESIANPOINT((3.82,1.32,0.43));
#704=IFCPOLYLOOP((#700,#701,#702,#703));
#705=IFCFACEOUTERBOUND(#704,.T.);
#706=IFCFACE((#705));
#707=IFCCARTESIANPOINT((3.89,0.84,0.51));
#708=IFCCARTESIANPOINT((3.89,0.84,0.43));
#709=IFCCARTESIANPOINT((3.89,1.32,0.43));
#710=IFCCARTESIANPOINT((3.89,1.32,0.51));
#711=IFCPOLYLOOP((#707,#708,#709,#710));
#712=IFCFACEOUTERBOUND(#711,.T.);
#713=IFCFACE((#712));
#714=IFCPOLYLOOP((#700,#708,#707,#701));
#715=IFCFACEOUTERBOUND(#714,.T.);
#716=IFCFACE((#715));
#717=IFCPOLYLOOP((#709,#703,#702,#710));
#718=IFCFACEOUTERBOUND(#717,.T.);
#719=IFCFACE((#718));
#720=IFCPOLYLOOP((#700,#703,#709,#708));
#721=IFCFACEOUTERBOUND(#720,.T.);
#722=IFCFACE((#721));
#723=IFCPOLYLOOP((#702,#701,#707,#710));
#724=IFCFACEOUTERBOUND(#723,.T.);
#725=IFCFACE((#724));
#726=IFCCLOSEDSHELL((#706,#713,#716,#719,#722,#725));
#727=IFCFACETEDBREP(#726);
#728=IFCSHAPEREPRESENTATION(#22,'Body','Brep',(#727));
#729=IFCPRODUCTDEFINITIONSHAPE($,$,(#728));
#730=IFCELEMENTASSEMBLY('22o8K8yNLCBBD8RARKvR5c',#5,'PumpSkid_Crossmember_01','',$,#51,#729,$,$,$);
#731=IFCCARTESIANPOINT((4.7,0.84,0.43));
#732=IFCCARTESIANPOINT((4.7,0.84,0.51));
#733=IFCCARTESIANPOINT((4.7,1.32,0.51));
#734=IFCCARTESIANPOINT((4.7,1.32,0.43));
#735=IFCPOLYLOOP((#731,#732,#733,#734));
#736=IFCFACEOUTERBOUND(#735,.T.);
#737=IFCFACE((#736));
#738=IFCCARTESIANPOINT((4.77,0.84,0.51));
#739=IFCCARTESIANPOINT((4.77,0.84,0.43));
#740=IFCCARTESIANPOINT((4.77,1.32,0.43));
#741=IFCCARTESIANPOINT((4.77,1.32,0.51));
#742=IFCPOLYLOOP((#738,#739,#740,#741));
#743=IFCFACEOUTERBOUND(#742,.T.);
#744=IFCFACE((#743));
#745=IFCPOLYLOOP((#731,#739,#738,#732));
#746=IFCFACEOUTERBOUND(#745,.T.);
#747=IFCFACE((#746));
#748=IFCPOLYLOOP((#740,#734,#733,#741));
#749=IFCFACEOUTERBOUND(#748,.T.);
#750=IFCFACE((#749));
#751=IFCPOLYLOOP((#731,#734,#740,#739));
#752=IFCFACEOUTERBOUND(#751,.T.);
#753=IFCFACE((#752));
#754=IFCPOLYLOOP((#733,#732,#738,#741));
#755=IFCFACEOUTERBOUND(#754,.T.);
#756=IFCFACE((#755));
#757=IFCCLOSEDSHELL((#737,#744,#747,#750,#753,#756));
#758=IFCFACETEDBREP(#757);
#759=IFCSHAPEREPRESENTATION(#22,'Body','Brep',(#758));
#760=IFCPRODUCTDEFINITIONSHAPE($,$,(#759));
#761=IFCELEMENTASSEMBLY('1fzdN_hv1D7A5Jf94yJm$7',#5,'PumpSkid_Crossmember_02','',$,#51,#760,$,$,$);
#762=IFCCARTESIANPOINT((4.51000000000022,1.01485281374232,0.565147186257605));
#763=IFCCARTESIANPOINT((4.51000000000022,0.92999999999995,0.529999999999973));
#764=IFCCARTESIANPOINT((4.05000000000018,0.92999999999995,0.529999999999973));
#765=IFCPOLYLOOP((#762,#763,#764));
#766=IFCFACEOUTERBOUND(#765,.T.);
#767=IFCFACE((#766));
#768=IFCCARTESIANPOINT((4.05000000000018,1.01485281374232,0.565147186257605));
#769=IFCPOLYLOOP((#762,#764,#768));
#770=IFCFACEOUTERBOUND(#769,.T.);
#771=IFCFACE((#770));
#772=IFCCARTESIANPOINT((4.51000000000022,1.04999999999995,0.649999999999977));
#773=IFCCARTESIANPOINT((4.05000000000018,1.04999999999995,0.649999999999977));
#774=IFCPOLYLOOP((#772,#768,#773));
#775=IFCFACEOUTERBOUND(#774,.T.);
#776=IFCFACE((#775));
#777=IFCPOLYLOOP((#772,#762,#768));
#778=IFCFACEOUTERBOUND(#777,.T.);
#779=IFCFACE((#778));
#780=IFCCARTESIANPOINT((4.51000000000022,1.01485281374232,0.73485281374235));
#781=IFCCARTESIANPOINT((4.05000000000018,1.01485281374232,0.73485281374235));
#782=IFCPOLYLOOP((#780,#773,#781));
#783=IFCFACEOUTERBOUND(#782,.T.);
#784=IFCFACE((#783));
#785=IFCPOLYLOOP((#780,#772,#773));
#786=IFCFACEOUTERBOUND(#785,.T.);
#787=IFCFACE((#786));
#788=IFCCARTESIANPOINT((4.51000000000022,0.92999999999995,0.769999999999982));
#789=IFCCARTESIANPOINT((4.05000000000018,0.92999999999995,0.769999999999982));
#790=IFCPOLYLOOP((#788,#781,#789));
#791=IFCFACEOUTERBOUND(#790,.T.);
#792=IFCFACE((#791));
#793=IFCPOLYLOOP((#788,#780,#781));
#794=IFCFACEOUTERBOUND(#793,.T.);
#795=IFCFACE((#794));
#796=IFCCARTESIANPOINT((4.51000000000022,0.845147186257577,0.73485281374235));
#797=IFCCARTESIANPOINT((4.05000000000018,0.845147186257577,0.73485281374235));
#798=IFCPOLYLOOP((#796,#789,#797));
#799=IFCFACEOUTERBOUND(#798,.T.);
#800=IFCFACE((#799));
#801=IFCCARTESIANPOINT((4.05000000000018,0.809999999999945,0.649999999999977));
#802=IFCPOLYLOOP((#796,#797,#801));
#803=IFCFACEOUTERBOUND(#802,.T.);
#804=IFCFACE((#803));
#805=IFCPOLYLOOP((#796,#788,#789));
#806=IFCFACEOUTERBOUND(#805,.T.);
#807=IFCFACE((#806));
#808=IFCCARTESIANPOINT((4.51000000000022,0.809999999999945,0.649999999999977));
#809=IFCPOLYLOOP((#808,#796,#801));
#810=IFCFACEOUTERBOUND(#809,.T.);
#811=IFCFACE((#810));
#812=IFCCARTESIANPOINT((4.51000000000022,0.845147186257577,0.565147186257605));
#813=IFCCARTESIANPOINT((4.05000000000018,0.845147186257577,0.565147186257605));
#814=IFCPOLYLOOP((#812,#801,#813));
#815=IFCFACEOUTERBOUND(#814,.T.);
#816=IFCFACE((#815));
#817=IFCPOLYLOOP((#812,#813,#764));
#818=IFCFACEOUTERBOUND(#817,.T.);
#819=IFCFACE((#818));
#820=IFCPOLYLOOP((#812,#808,#801));
#821=IFCFACEOUTERBOUND(#820,.T.);
#822=IFCFACE((#821));
#823=IFCPOLYLOOP((#763,#812,#764));
#824=IFCFACEOUTERBOUND(#823,.T.);
#825=IFCFACE((#824));
#826=IFCPOLYLOOP((#762,#772,#780));
#827=IFCFACEOUTERBOUND(#826,.T.);
#828=IFCFACE((#827));
#829=IFCPOLYLOOP((#762,#780,#788));
#830=IFCFACEOUTERBOUND(#829,.T.);
#831=IFCFACE((#830));
#832=IFCPOLYLOOP((#762,#788,#796));
#833=IFCFACEOUTERBOUND(#832,.T.);
#834=IFCFACE((#833));
#835=IFCPOLYLOOP((#762,#796,#808));
#836=IFCFACEOUTERBOUND(#835,.T.);
#837=IFCFACE((#836));
#838=IFCPOLYLOOP((#762,#808,#812));
#839=IFCFACEOUTERBOUND(#838,.T.);
#840=IFCFACE((#839));
#841=IFCPOLYLOOP((#762,#812,#763));
#842=IFCFACEOUTERBOUND(#841,.T.);
#843=IFCFACE((#842));
#844=IFCPOLYLOOP((#773,#768,#781));
#845=IFCFACEOUTERBOUND(#844,.T.);
#846=IFCFACE((#845));
#847=IFCPOLYLOOP((#781,#768,#789));
#848=IFCFACEOUTERBOUND(#847,.T.);
#849=IFCFACE((#848));
#850=IFCPOLYLOOP((#789,#768,#797));
#851=IFCFACEOUTERBOUND(#850,.T.);
#852=IFCFACE((#851));
#853=IFCPOLYLOOP((#797,#768,#801));
#854=IFCFACEOUTERBOUND(#853,.T.);
#855=IFCFACE((#854));
#856=IFCPOLYLOOP((#801,#768,#813));
#857=IFCFACEOUTERBOUND(#856,.T.);
#858=IFCFACE((#857));
#859=IFCPOLYLOOP((#813,#768,#764));
#860=IFCFACEOUTERBOUND(#859,.T.);
#861=IFCFACE((#860));
#862=IFCCLOSEDSHELL((#767,#771,#776,#779,#784,#787,#792,#795,#800,#804,#807,#811,#816,#819,#822,#825,#828,#831,#834,#837,#840,#843,#846,#849,#852,#855,#858,#861));
#863=IFCFACETEDBREP(#862);
#864=IFCSHAPEREPRESENTATION(#22,'Body','Brep',(#863));
#865=IFCPRODUCTDEFINITIONSHAPE($,$,(#864));
#866=IFCFLOWMOVINGDEVICE('304ADtnb99gQIYlhq1pBHe',#5,'Pump_Motor_01','',$,#51,#865,$);
#867=IFCCARTESIANPOINT((4.51000000000022,1.24485281374245,0.565147186257605));
#868=IFCCARTESIANPOINT((4.51000000000022,1.16000000000008,0.529999999999973));
#869=IFCCARTESIANPOINT((4.05000000000018,1.16000000000008,0.529999999999973));
#870=IFCPOLYLOOP((#867,#868,#869));
#871=IFCFACEOUTERBOUND(#870,.T.);
#872=IFCFACE((#871));
#873=IFCCARTESIANPOINT((4.05000000000018,1.24485281374245,0.565147186257605));
#874=IFCPOLYLOOP((#867,#869,#873));
#875=IFCFACEOUTERBOUND(#874,.T.);
#876=IFCFACE((#875));
#877=IFCCARTESIANPOINT((4.51000000000022,1.27999999999997,0.649999999999977));
#878=IFCCARTESIANPOINT((4.05000000000018,1.27999999999997,0.649999999999977));
#879=IFCPOLYLOOP((#877,#873,#878));
#880=IFCFACEOUTERBOUND(#879,.T.);
#881=IFCFACE((#880));
#882=IFCPOLYLOOP((#877,#867,#873));
#883=IFCFACEOUTERBOUND(#882,.T.);
#884=IFCFACE((#883));
#885=IFCCARTESIANPOINT((4.51000000000022,1.24485281374245,0.73485281374235));
#886=IFCCARTESIANPOINT((4.05000000000018,1.24485281374245,0.73485281374235));
#887=IFCPOLYLOOP((#885,#878,#886));
#888=IFCFACEOUTERBOUND(#887,.T.);
#889=IFCFACE((#888));
#890=IFCPOLYLOOP((#885,#877,#878));
#891=IFCFACEOUTERBOUND(#890,.T.);
#892=IFCFACE((#891));
#893=IFCCARTESIANPOINT((4.51000000000022,1.16000000000008,0.769999999999982));
#894=IFCCARTESIANPOINT((4.05000000000018,1.16000000000008,0.769999999999982));
#895=IFCPOLYLOOP((#893,#886,#894));
#896=IFCFACEOUTERBOUND(#895,.T.);
#897=IFCFACE((#896));
#898=IFCPOLYLOOP((#893,#885,#886));
#899=IFCFACEOUTERBOUND(#898,.T.);
#900=IFCFACE((#899));
#901=IFCCARTESIANPOINT((4.51000000000022,1.07514718625771,0.73485281374235));
#902=IFCCARTESIANPOINT((4.05000000000018,1.07514718625771,0.73485281374235));
#903=IFCPOLYLOOP((#901,#894,#902));
#904=IFCFACEOUTERBOUND(#903,.T.);
#905=IFCFACE((#904));
#906=IFCCARTESIANPOINT((4.05000000000018,1.04000000000019,0.649999999999977));
#907=IFCPOLYLOOP((#901,#902,#906));
#908=IFCFACEOUTERBOUND(#907,.T.);
#909=IFCFACE((#908));
#910=IFCPOLYLOOP((#901,#893,#894));
#911=IFCFACEOUTERBOUND(#910,.T.);
#912=IFCFACE((#911));
#913=IFCCARTESIANPOINT((4.51000000000022,1.04000000000019,0.649999999999977));
#914=IFCPOLYLOOP((#913,#901,#906));
#915=IFCFACEOUTERBOUND(#914,.T.);
#916=IFCFACE((#915));
#917=IFCCARTESIANPOINT((4.51000000000022,1.07514718625771,0.565147186257605));
#918=IFCCARTESIANPOINT((4.05000000000018,1.07514718625771,0.565147186257605));
#919=IFCPOLYLOOP((#917,#906,#918));
#920=IFCFACEOUTERBOUND(#919,.T.);
#921=IFCFACE((#920));
#922=IFCPOLYLOOP((#917,#918,#869));
#923=IFCFACEOUTERBOUND(#922,.T.);
#924=IFCFACE((#923));
#925=IFCPOLYLOOP((#917,#913,#906));
#926=IFCFACEOUTERBOUND(#925,.T.);
#927=IFCFACE((#926));
#928=IFCPOLYLOOP((#868,#917,#869));
#929=IFCFACEOUTERBOUND(#928,.T.);
#930=IFCFACE((#929));
#931=IFCPOLYLOOP((#917,#901,#913));
#932=IFCFACEOUTERBOUND(#931,.T.);
#933=IFCFACE((#932));
#934=IFCPOLYLOOP((#868,#893,#901));
#935=IFCFACEOUTERBOUND(#934,.T.);
#936=IFCFACE((#935));
#937=IFCPOLYLOOP((#868,#901,#917));
#938=IFCFACEOUTERBOUND(#937,.T.);
#939=IFCFACE((#938));
#940=IFCPOLYLOOP((#867,#877,#885));
#941=IFCFACEOUTERBOUND(#940,.T.);
#942=IFCFACE((#941));
#943=IFCPOLYLOOP((#867,#885,#893));
#944=IFCFACEOUTERBOUND(#943,.T.);
#945=IFCFACE((#944));
#946=IFCPOLYLOOP((#867,#893,#868));
#947=IFCFACEOUTERBOUND(#946,.T.);
#948=IFCFACE((#947));
#949=IFCPOLYLOOP((#902,#918,#906));
#950=IFCFACEOUTERBOUND(#949,.T.);
#951=IFCFACE((#950));
#952=IFCPOLYLOOP((#894,#869,#902));
#953=IFCFACEOUTERBOUND(#952,.T.);
#954=IFCFACE((#953));
#955=IFCPOLYLOOP((#902,#869,#918));
#956=IFCFACEOUTERBOUND(#955,.T.);
#957=IFCFACE((#956));
#958=IFCPOLYLOOP((#878,#873,#886));
#959=IFCFACEOUTERBOUND(#958,.T.);
#960=IFCFACE((#959));
#961=IFCPOLYLOOP((#886,#873,#894));
#962=IFCFACEOUTERBOUND(#961,.T.);
#963=IFCFACE((#962));
#964=IFCPOLYLOOP((#894,#873,#869));
#965=IFCFACEOUTERBOUND(#964,.T.);
#966=IFCFACE((#965));
#967=IFCCLOSEDSHELL((#872,#876,#881,#884,#889,#892,#897,#900,#905,#909,#912,#916,#921,#924,#927,#930,#933,#936,#939,#942,#945,#948,#951,#954,#957,#960,#963,#966));
#968=IFCFACETEDBREP(#967);
#969=IFCSHAPEREPRESENTATION(#22,'Body','Brep',(#968));
#970=IFCPRODUCTDEFINITIONSHAPE($,$,(#969));
#971=IFCFLOWMOVINGDEVICE('3IMZ2h55XFbOo_ajkPicra',#5,'Pump_Motor_02','',$,#51,#970,$);
#972=IFCCARTESIANPOINT((4.72999999999956,1.01522886158239,0.50269253581564));
#973=IFCCARTESIANPOINT((4.72999999999956,0.92999999999995,0.475000000000023));
#974=IFCCARTESIANPOINT((4.5,0.92999999999995,0.475000000000023));
#975=IFCPOLYLOOP((#972,#973,#974));
#976=IFCFACEOUTERBOUND(#975,.T.);
#977=IFCFACE((#976));
#978=IFCCARTESIANPOINT((4.5,1.01522886158239,0.50269253581564));
#979=IFCPOLYLOOP((#972,#974,#978));
#980=IFCFACEOUTERBOUND(#979,.T.);
#981=IFCFACE((#980));
#982=IFCCARTESIANPOINT((4.72999999999956,1.06790319486277,0.575192535815631));
#983=IFCCARTESIANPOINT((4.5,1.06790319486277,0.575192535815631));
#984=IFCPOLYLOOP((#982,#978,#983));
#985=IFCFACEOUTERBOUND(#984,.T.);
#986=IFCFACE((#985));
#987=IFCPOLYLOOP((#982,#972,#978));
#988=IFCFACEOUTERBOUND(#987,.T.);
#989=IFCFACE((#988));
#990=IFCCARTESIANPOINT((4.72999999999956,1.06790319486277,0.664807464184378));
#991=IFCCARTESIANPOINT((4.5,1.06790319486277,0.664807464184378));
#992=IFCPOLYLOOP((#990,#983,#991));
#993=IFCFACEOUTERBOUND(#992,.T.);
#994=IFCFACE((#993));
#995=IFCPOLYLOOP((#990,#982,#983));
#996=IFCFACEOUTERBOUND(#995,.T.);
#997=IFCFACE((#996));
#998=IFCCARTESIANPOINT((4.72999999999956,1.01522886158239,0.737307464184369));
#999=IFCCARTESIANPOINT((4.5,1.01522886158239,0.737307464184369));
#1000=IFCPOLYLOOP((#998,#991,#999));
#1001=IFCFACEOUTERBOUND(#1000,.T.);
#1002=IFCFACE((#1001));
#1003=IFCPOLYLOOP((#998,#990,#991));
#1004=IFCFACEOUTERBOUND(#1003,.T.);
#1005=IFCFACE((#1004));
#1006=IFCCARTESIANPOINT((4.72999999999956,0.92999999999995,0.764999999999986));
#1007=IFCCARTESIANPOINT((4.5,0.92999999999995,0.764999999999986));
#1008=IFCPOLYLOOP((#1006,#999,#1007));
#1009=IFCFACEOUTERBOUND(#1008,.T.);
#1010=IFCFACE((#1009));
#1011=IFCPOLYLOOP((#1006,#998,#999));
#1012=IFCFACEOUTERBOUND(#1011,.T.);
#1013=IFCFACE((#1012));
#1014=IFCCARTESIANPOINT((4.72999999999956,0.844771138417514,0.737307464184369));
#1015=IFCCARTESIANPOINT((4.5,0.844771138417514,0.737307464184369));
#1016=IFCPOLYLOOP((#1014,#1007,#1015));
#1017=IFCFACEOUTERBOUND(#1016,.T.);
#1018=IFCFACE((#1017));
#1019=IFCPOLYLOOP((#1014,#1006,#1007));
#1020=IFCFACEOUTERBOUND(#1019,.T.);
#1021=IFCFACE((#1020));
#1022=IFCCARTESIANPOINT((4.72999999999956,0.792096805137135,0.664807464184378));
#1023=IFCCARTESIANPOINT((4.5,0.792096805137135,0.664807464184378));
#1024=IFCPOLYLOOP((#1022,#1015,#1023));
#1025=IFCFACEOUTERBOUND(#1024,.T.);
#1026=IFCFACE((#1025));
#1027=IFCPOLYLOOP((#1022,#1014,#1015));
#1028=IFCFACEOUTERBOUND(#1027,.T.);
#1029=IFCFACE((#1028));
#1030=IFCCARTESIANPOINT((4.72999999999956,0.792096805137135,0.575192535815631));
#1031=IFCCARTESIANPOINT((4.5,0.792096805137135,0.575192535815631));
#1032=IFCPOLYLOOP((#1030,#1023,#1031));
#1033=IFCFACEOUTERBOUND(#1032,.T.);
#1034=IFCFACE((#1033));
#1035=IFCCARTESIANPOINT((4.5,0.844771138417514,0.50269253581564));
#1036=IFCPOLYLOOP((#1030,#1031,#1035));
#1037=IFCFACEOUTERBOUND(#1036,.T.);
#1038=IFCFACE((#1037));
#1039=IFCPOLYLOOP((#1030,#1022,#1023));
#1040=IFCFACEOUTERBOUND(#1039,.T.);
#1041=IFCFACE((#1040));
#1042=IFCCARTESIANPOINT((4.72999999999956,0.844771138417514,0.50269253581564));
#1043=IFCPOLYLOOP((#1042,#1030,#1035));
#1044=IFCFACEOUTERBOUND(#1043,.T.);
#1045=IFCFACE((#1044));
#1046=IFCPOLYLOOP((#973,#1035,#974));
#1047=IFCFACEOUTERBOUND(#1046,.T.);
#1048=IFCFACE((#1047));
#1049=IFCPOLYLOOP((#973,#1042,#1035));
#1050=IFCFACEOUTERBOUND(#1049,.T.);
#1051=IFCFACE((#1050));
#1052=IFCPOLYLOOP((#1042,#1014,#1022));
#1053=IFCFACEOUTERBOUND(#1052,.T.);
#1054=IFCFACE((#1053));
#1055=IFCPOLYLOOP((#1042,#1022,#1030));
#1056=IFCFACEOUTERBOUND(#1055,.T.);
#1057=IFCFACE((#1056));
#1058=IFCPOLYLOOP((#973,#1006,#1014));
#1059=IFCFACEOUTERBOUND(#1058,.T.);
#1060=IFCFACE((#1059));
#1061=IFCPOLYLOOP((#973,#1014,#1042));
#1062=IFCFACEOUTERBOUND(#1061,.T.);
#1063=IFCFACE((#1062));
#1064=IFCPOLYLOOP((#972,#982,#990));
#1065=IFCFACEOUTERBOUND(#1064,.T.);
#1066=IFCFACE((#1065));
#1067=IFCPOLYLOOP((#972,#990,#998));
#1068=IFCFACEOUTERBOUND(#1067,.T.);
#1069=IFCFACE((#1068));
#1070=IFCPOLYLOOP((#972,#998,#1006));
#1071=IFCFACEOUTERBOUND(#1070,.T.);
#1072=IFCFACE((#1071));
#1073=IFCPOLYLOOP((#972,#1006,#973));
#1074=IFCFACEOUTERBOUND(#1073,.T.);
#1075=IFCFACE((#1074));
#1076=IFCPOLYLOOP((#1015,#1035,#1023));
#1077=IFCFACEOUTERBOUND(#1076,.T.);
#1078=IFCFACE((#1077));
#1079=IFCPOLYLOOP((#1023,#1035,#1031));
#1080=IFCFACEOUTERBOUND(#1079,.T.);
#1081=IFCFACE((#1080));
#1082=IFCPOLYLOOP((#1007,#974,#1015));
#1083=IFCFACEOUTERBOUND(#1082,.T.);
#1084=IFCFACE((#1083));
#1085=IFCPOLYLOOP((#1015,#974,#1035));
#1086=IFCFACEOUTERBOUND(#1085,.T.);
#1087=IFCFACE((#1086));
#1088=IFCPOLYLOOP((#983,#978,#991));
#1089=IFCFACEOUTERBOUND(#1088,.T.);
#1090=IFCFACE((#1089));
#1091=IFCPOLYLOOP((#991,#978,#999));
#1092=IFCFACEOUTERBOUND(#1091,.T.);
#1093=IFCFACE((#1092));
#1094=IFCPOLYLOOP((#999,#978,#1007));
#1095=IFCFACEOUTERBOUND(#1094,.T.);
#1096=IFCFACE((#1095));
#1097=IFCPOLYLOOP((#1007,#978,#974));
#1098=IFCFACEOUTERBOUND(#1097,.T.);
#1099=IFCFACE((#1098));
#1100=IFCCLOSEDSHELL((#977,#981,#986,#989,#994,#997,#1002,#1005,#1010,#1013,#1018,#1021,#1026,#1029,#1034,#1038,#1041,#1045,#1048,#1051,#1054,#1057,#1060,#1063,#1066,#1069,#1072,#1075,#1078,#1081,#1084,#1087,#1090,#1093,#1096,#1099));
#1101=IFCFACETEDBREP(#1100);
#1102=IFCSHAPEREPRESENTATION(#22,'Body','Brep',(#1101));
#1103=IFCPRODUCTDEFINITIONSHAPE($,$,(#1102));
#1104=IFCFLOWMOVINGDEVICE('2YKIFuGxH01wbNCRkCBO68',#5,'Pump_Volute_01','',$,#51,#1103,$);
#1105=IFCCARTESIANPOINT((4.72999999999956,1.24522886158252,0.50269253581564));
#1106=IFCCARTESIANPOINT((4.72999999999956,1.16000000000008,0.475000000000023));
#1107=IFCCARTESIANPOINT((4.5,1.16000000000008,0.475000000000023));
#1108=IFCPOLYLOOP((#1105,#1106,#1107));
#1109=IFCFACEOUTERBOUND(#1108,.T.);
#1110=IFCFACE((#1109));
#1111=IFCCARTESIANPOINT((4.5,1.24522886158252,0.50269253581564));
#1112=IFCPOLYLOOP((#1105,#1107,#1111));
#1113=IFCFACEOUTERBOUND(#1112,.T.);
#1114=IFCFACE((#1113));
#1115=IFCCARTESIANPOINT((4.72999999999956,1.29790319486278,0.575192535815631));
#1116=IFCCARTESIANPOINT((4.5,1.29790319486278,0.575192535815631));
#1117=IFCPOLYLOOP((#1115,#1111,#1116));
#1118=IFCFACEOUTERBOUND(#1117,.T.);
#1119=IFCFACE((#1118));
#1120=IFCPOLYLOOP((#1115,#1105,#1111));
#1121=IFCFACEOUTERBOUND(#1120,.T.);
#1122=IFCFACE((#1121));
#1123=IFCCARTESIANPOINT((4.72999999999956,1.29790319486278,0.664807464184378));
#1124=IFCCARTESIANPOINT((4.5,1.29790319486278,0.664807464184378));
#1125=IFCPOLYLOOP((#1123,#1116,#1124));
#1126=IFCFACEOUTERBOUND(#1125,.T.);
#1127=IFCFACE((#1126));
#1128=IFCPOLYLOOP((#1123,#1115,#1116));
#1129=IFCFACEOUTERBOUND(#1128,.T.);
#1130=IFCFACE((#1129));
#1131=IFCCARTESIANPOINT((4.72999999999956,1.24522886158252,0.737307464184369));
#1132=IFCCARTESIANPOINT((4.5,1.24522886158252,0.737307464184369));
#1133=IFCPOLYLOOP((#1131,#1124,#1132));
#1134=IFCFACEOUTERBOUND(#1133,.T.);
#1135=IFCFACE((#1134));
#1136=IFCPOLYLOOP((#1131,#1123,#1124));
#1137=IFCFACEOUTERBOUND(#1136,.T.);
#1138=IFCFACE((#1137));
#1139=IFCCARTESIANPOINT((4.72999999999956,1.16000000000008,0.764999999999986));
#1140=IFCCARTESIANPOINT((4.5,1.16000000000008,0.764999999999986));
#1141=IFCPOLYLOOP((#1139,#1132,#1140));
#1142=IFCFACEOUTERBOUND(#1141,.T.);
#1143=IFCFACE((#1142));
#1144=IFCPOLYLOOP((#1139,#1131,#1132));
#1145=IFCFACEOUTERBOUND(#1144,.T.);
#1146=IFCFACE((#1145));
#1147=IFCCARTESIANPOINT((4.72999999999956,1.07477113841765,0.737307464184369));
#1148=IFCCARTESIANPOINT((4.5,1.07477113841765,0.737307464184369));
#1149=IFCPOLYLOOP((#1147,#1140,#1148));
#1150=IFCFACEOUTERBOUND(#1149,.T.);
#1151=IFCFACE((#1150));
#1152=IFCPOLYLOOP((#1147,#1139,#1140));
#1153=IFCFACEOUTERBOUND(#1152,.T.);
#1154=IFCFACE((#1153));
#1155=IFCCARTESIANPOINT((4.72999999999956,1.02209680513738,0.664807464184378));
#1156=IFCCARTESIANPOINT((4.5,1.02209680513738,0.664807464184378));
#1157=IFCPOLYLOOP((#1155,#1148,#1156));
#1158=IFCFACEOUTERBOUND(#1157,.T.);
#1159=IFCFACE((#1158));
#1160=IFCPOLYLOOP((#1155,#1147,#1148));
#1161=IFCFACEOUTERBOUND(#1160,.T.);
#1162=IFCFACE((#1161));
#1163=IFCCARTESIANPOINT((4.72999999999956,1.02209680513738,0.575192535815631));
#1164=IFCCARTESIANPOINT((4.5,1.02209680513738,0.575192535815631));
#1165=IFCPOLYLOOP((#1163,#1156,#1164));
#1166=IFCFACEOUTERBOUND(#1165,.T.);
#1167=IFCFACE((#1166));
#1168=IFCCARTESIANPOINT((4.5,1.07477113841765,0.50269253581564));
#1169=IFCPOLYLOOP((#1163,#1164,#1168));
#1170=IFCFACEOUTERBOUND(#1169,.T.);
#1171=IFCFACE((#1170));
#1172=IFCPOLYLOOP((#1163,#1155,#1156));
#1173=IFCFACEOUTERBOUND(#1172,.T.);
#1174=IFCFACE((#1173));
#1175=IFCCARTESIANPOINT((4.72999999999956,1.07477113841765,0.50269253581564));
#1176=IFCPOLYLOOP((#1175,#1163,#1168));
#1177=IFCFACEOUTERBOUND(#1176,.T.);
#1178=IFCFACE((#1177));
#1179=IFCPOLYLOOP((#1106,#1168,#1107));
#1180=IFCFACEOUTERBOUND(#1179,.T.);
#1181=IFCFACE((#1180));
#1182=IFCPOLYLOOP((#1106,#1175,#1168));
#1183=IFCFACEOUTERBOUND(#1182,.T.);
#1184=IFCFACE((#1183));
#1185=IFCPOLYLOOP((#1131,#1139,#1147));
#1186=IFCFACEOUTERBOUND(#1185,.T.);
#1187=IFCFACE((#1186));
#1188=IFCPOLYLOOP((#1123,#1147,#1155));
#1189=IFCFACEOUTERBOUND(#1188,.T.);
#1190=IFCFACE((#1189));
#1191=IFCPOLYLOOP((#1123,#1131,#1147));
#1192=IFCFACEOUTERBOUND(#1191,.T.);
#1193=IFCFACE((#1192));
#1194=IFCPOLYLOOP((#1115,#1155,#1163));
#1195=IFCFACEOUTERBOUND(#1194,.T.);
#1196=IFCFACE((#1195));
#1197=IFCPOLYLOOP((#1115,#1123,#1155));
#1198=IFCFACEOUTERBOUND(#1197,.T.);
#1199=IFCFACE((#1198));
#1200=IFCPOLYLOOP((#1105,#1163,#1175));
#1201=IFCFACEOUTERBOUND(#1200,.T.);
#1202=IFCFACE((#1201));
#1203=IFCPOLYLOOP((#1105,#1175,#1106));
#1204=IFCFACEOUTERBOUND(#1203,.T.);
#1205=IFCFACE((#1204));
#1206=IFCPOLYLOOP((#1105,#1115,#1163));
#1207=IFCFACEOUTERBOUND(#1206,.T.);
#1208=IFCFACE((#1207));
#1209=IFCPOLYLOOP((#1140,#1132,#1148));
#1210=IFCFACEOUTERBOUND(#1209,.T.);
#1211=IFCFACE((#1210));
#1212=IFCPOLYLOOP((#1148,#1124,#1156));
#1213=IFCFACEOUTERBOUND(#1212,.T.);
#1214=IFCFACE((#1213));
#1215=IFCPOLYLOOP((#1132,#1124,#1148));
#1216=IFCFACEOUTERBOUND(#1215,.T.);
#1217=IFCFACE((#1216));
#1218=IFCPOLYLOOP((#1156,#1116,#1164));
#1219=IFCFACEOUTERBOUND(#1218,.T.);
#1220=IFCFACE((#1219));
#1221=IFCPOLYLOOP((#1124,#1116,#1156));
#1222=IFCFACEOUTERBOUND(#1221,.T.);
#1223=IFCFACE((#1222));
#1224=IFCPOLYLOOP((#1164,#1111,#1168));
#1225=IFCFACEOUTERBOUND(#1224,.T.);
#1226=IFCFACE((#1225));
#1227=IFCPOLYLOOP((#1168,#1111,#1107));
#1228=IFCFACEOUTERBOUND(#1227,.T.);
#1229=IFCFACE((#1228));
#1230=IFCPOLYLOOP((#1116,#1111,#1164));
#1231=IFCFACEOUTERBOUND(#1230,.T.);
#1232=IFCFACE((#1231));
#1233=IFCCLOSEDSHELL((#1110,#1114,#1119,#1122,#1127,#1130,#1135,#1138,#1143,#1146,#1151,#1154,#1159,#1162,#1167,#1171,#1174,#1178,#1181,#1184,#1187,#1190,#1193,#1196,#1199,#1202,#1205,#1208,#1211,#1214,#1217,#1220,#1223,#1226,#1229,#1232));
#1234=IFCFACETEDBREP(#1233);
#1235=IFCSHAPEREPRESENTATION(#22,'Body','Brep',(#1234));
#1236=IFCPRODUCTDEFINITIONSHAPE($,$,(#1235));
#1237=IFCFLOWMOVINGDEVICE('0hOZtRYJz0$gthcFlqIfk3',#5,'Pump_Volute_02','',$,#51,#1236,$);
#1238=IFCCARTESIANPOINT((4.375,0.84,0.585));
#1239=IFCCARTESIANPOINT((4.375,0.84,0.715));
#1240=IFCCARTESIANPOINT((4.375,1.02,0.715));
#1241=IFCCARTESIANPOINT((4.375,1.02,0.585));
#1242=IFCPOLYLOOP((#1238,#1239,#1240,#1241));
#1243=IFCFACEOUTERBOUND(#1242,.T.);
#1244=IFCFACE((#1243));
#1245=IFCCARTESIANPOINT((4.535,0.84,0.715));
#1246=IFCCARTESIANPOINT((4.535,0.84,0.585));
#1247=IFCCARTESIANPOINT((4.535,1.02,0.585));
#1248=IFCCARTESIANPOINT((4.535,1.02,0.715));
#1249=IFCPOLYLOOP((#1245,#1246,#1247,#1248));
#1250=IFCFACEOUTERBOUND(#1249,.T.);
#1251=IFCFACE((#1250));
#1252=IFCPOLYLOOP((#1238,#1246,#1245,#1239));
#1253=IFCFACEOUTERBOUND(#1252,.T.);
#1254=IFCFACE((#1253));
#1255=IFCPOLYLOOP((#1247,#1241,#1240,#1248));
#1256=IFCFACEOUTERBOUND(#1255,.T.);
#1257=IFCFACE((#1256));
#1258=IFCPOLYLOOP((#1238,#1241,#1247,#1246));
#1259=IFCFACEOUTERBOUND(#1258,.T.);
#1260=IFCFACE((#1259));
#1261=IFCPOLYLOOP((#1240,#1239,#1245,#1248));
#1262=IFCFACEOUTERBOUND(#1261,.T.);
#1263=IFCFACE((#1262));
#1264=IFCCLOSEDSHELL((#1244,#1251,#1254,#1257,#1260,#1263));
#1265=IFCFACETEDBREP(#1264);
#1266=IFCSHAPEREPRESENTATION(#22,'Body','Brep',(#1265));
#1267=IFCPRODUCTDEFINITIONSHAPE($,$,(#1266));
#1268=IFCELEMENTASSEMBLY('0iPOrL9wDFyf7MZ9UCXvBo',#5,'Pump_CouplingGuard_01','',$,#51,#1267,$,$,$);
#1269=IFCCARTESIANPOINT((4.375,1.07,0.585));
#1270=IFCCARTESIANPOINT((4.375,1.07,0.715));
#1271=IFCCARTESIANPOINT((4.375,1.25,0.715));
#1272=IFCCARTESIANPOINT((4.375,1.25,0.585));
#1273=IFCPOLYLOOP((#1269,#1270,#1271,#1272));
#1274=IFCFACEOUTERBOUND(#1273,.T.);
#1275=IFCFACE((#1274));
#1276=IFCCARTESIANPOINT((4.535,1.07,0.715));
#1277=IFCCARTESIANPOINT((4.535,1.07,0.585));
#1278=IFCCARTESIANPOINT((4.535,1.25,0.585));
#1279=IFCCARTESIANPOINT((4.535,1.25,0.715));
#1280=IFCPOLYLOOP((#1276,#1277,#1278,#1279));
#1281=IFCFACEOUTERBOUND(#1280,.T.);
#1282=IFCFACE((#1281));
#1283=IFCPOLYLOOP((#1269,#1277,#1276,#1270));
#1284=IFCFACEOUTERBOUND(#1283,.T.);
#1285=IFCFACE((#1284));
#1286=IFCPOLYLOOP((#1278,#1272,#1271,#1279));
#1287=IFCFACEOUTERBOUND(#1286,.T.);
#1288=IFCFACE((#1287));
#1289=IFCPOLYLOOP((#1269,#1272,#1278,#1277));
#1290=IFCFACEOUTERBOUND(#1289,.T.);
#1291=IFCFACE((#1290));
#1292=IFCPOLYLOOP((#1271,#1270,#1276,#1279));
#1293=IFCFACEOUTERBOUND(#1292,.T.);
#1294=IFCFACE((#1293));
#1295=IFCCLOSEDSHELL((#1275,#1282,#1285,#1288,#1291,#1294));
#1296=IFCFACETEDBREP(#1295);
#1297=IFCSHAPEREPRESENTATION(#22,'Body','Brep',(#1296));
#1298=IFCPRODUCTDEFINITIONSHAPE($,$,(#1297));
#1299=IFCELEMENTASSEMBLY('2PwWEZN9nAM9ewmyXs3okV',#5,'Pump_CouplingGuard_02','',$,#51,#1298,$,$,$);
#1300=IFCCARTESIANPOINT((4.5,2.90000000000009,1.79999999999995));
#1301=IFCCARTESIANPOINT((4.5,2.86000000000013,1.75999999999999));
#1302=IFCCARTESIANPOINT((0.899999999999977,2.86000000000013,1.75999999999999));
#1303=IFCPOLYLOOP((#1300,#1301,#1302));
#1304=IFCFACEOUTERBOUND(#1303,.T.);
#1305=IFCFACE((#1304));
#1306=IFCCARTESIANPOINT((0.899999999999977,2.90000000000009,1.79999999999995));
#1307=IFCPOLYLOOP((#1300,#1302,#1306));
#1308=IFCFACEOUTERBOUND(#1307,.T.);
#1309=IFCFACE((#1308));
#1310=IFCCARTESIANPOINT((4.5,2.86000000000013,1.83999999999992));
#1311=IFCCARTESIANPOINT((0.899999999999977,2.86000000000013,1.83999999999992));
#1312=IFCPOLYLOOP((#1310,#1306,#1311));
#1313=IFCFACEOUTERBOUND(#1312,.T.);
#1314=IFCFACE((#1313));
#1315=IFCPOLYLOOP((#1310,#1300,#1306));
#1316=IFCFACEOUTERBOUND(#1315,.T.);
#1317=IFCFACE((#1316));
#1318=IFCCARTESIANPOINT((4.5,2.82000000000016,1.79999999999995));
#1319=IFCCARTESIANPOINT((0.899999999999977,2.82000000000016,1.79999999999995));
#1320=IFCPOLYLOOP((#1318,#1311,#1319));
#1321=IFCFACEOUTERBOUND(#1320,.T.);
#1322=IFCFACE((#1321));
#1323=IFCPOLYLOOP((#1318,#1310,#1311));
#1324=IFCFACEOUTERBOUND(#1323,.T.);
#1325=IFCFACE((#1324));
#1326=IFCPOLYLOOP((#1301,#1319,#1302));
#1327=IFCFACEOUTERBOUND(#1326,.T.);
#1328=IFCFACE((#1327));
#1329=IFCPOLYLOOP((#1301,#1318,#1319));
#1330=IFCFACEOUTERBOUND(#1329,.T.);
#1331=IFCFACE((#1330));
#1332=IFCPOLYLOOP((#1300,#1310,#1318));
#1333=IFCFACEOUTERBOUND(#1332,.T.);
#1334=IFCFACE((#1333));
#1335=IFCPOLYLOOP((#1300,#1318,#1301));
#1336=IFCFACEOUTERBOUND(#1335,.T.);
#1337=IFCFACE((#1336));
#1338=IFCPOLYLOOP((#1311,#1306,#1319));
#1339=IFCFACEOUTERBOUND(#1338,.T.);
#1340=IFCFACE((#1339));
#1341=IFCPOLYLOOP((#1319,#1306,#1302));
#1342=IFCFACEOUTERBOUND(#1341,.T.);
#1343=IFCFACE((#1342));
#1344=IFCCLOSEDSHELL((#1305,#1309,#1314,#1317,#1322,#1325,#1328,#1331,#1334,#1337,#1340,#1343));
#1345=IFCFACETEDBREP(#1344);
#1346=IFCSHAPEREPRESENTATION(#22,'Body','Brep',(#1345));
#1347=IFCPRODUCTDEFINITIONSHAPE($,$,(#1346));
#1348=IFCFLOWSEGMENT('09F8i4LSH44fLVP9CVMPKq',#5,'Pipe_Supply_01','',$,#51,#1347,$);
#1349=IFCCARTESIANPOINT((4.5,3.09999999999991,1.61999999999989));
#1350=IFCCARTESIANPOINT((4.5,3.05999999999995,1.57999999999993));
#1351=IFCCARTESIANPOINT((0.899999999999977,3.05999999999995,1.57999999999993));
#1352=IFCPOLYLOOP((#1349,#1350,#1351));
#1353=IFCFACEOUTERBOUND(#1352,.T.);
#1354=IFCFACE((#1353));
#1355=IFCCARTESIANPOINT((0.899999999999977,3.09999999999991,1.61999999999989));
#1356=IFCPOLYLOOP((#1349,#1351,#1355));
#1357=IFCFACEOUTERBOUND(#1356,.T.);
#1358=IFCFACE((#1357));
#1359=IFCCARTESIANPOINT((4.5,3.05999999999995,1.65999999999985));
#1360=IFCCARTESIANPOINT((0.899999999999977,3.05999999999995,1.65999999999985));
#1361=IFCPOLYLOOP((#1359,#1355,#1360));
#1362=IFCFACEOUTERBOUND(#1361,.T.);
#1363=IFCFACE((#1362));
#1364=IFCPOLYLOOP((#1359,#1349,#1355));
#1365=IFCFACEOUTERBOUND(#1364,.T.);
#1366=IFCFACE((#1365));
#1367=IFCCARTESIANPOINT((4.5,3.01999999999998,1.61999999999989));
#1368=IFCCARTESIANPOINT((0.899999999999977,3.01999999999998,1.61999999999989));
#1369=IFCPOLYLOOP((#1367,#1360,#1368));
#1370=IFCFACEOUTERBOUND(#1369,.T.);
#1371=IFCFACE((#1370));
#1372=IFCPOLYLOOP((#1367,#1359,#1360));
#1373=IFCFACEOUTERBOUND(#1372,.T.);
#1374=IFCFACE((#1373));
#1375=IFCPOLYLOOP((#1350,#1368,#1351));
#1376=IFCFACEOUTERBOUND(#1375,.T.);
#1377=IFCFACE((#1376));
#1378=IFCPOLYLOOP((#1350,#1367,#1368));
#1379=IFCFACEOUTERBOUND(#1378,.T.);
#1380=IFCFACE((#1379));
#1381=IFCPOLYLOOP((#1349,#1359,#1367));
#1382=IFCFACEOUTERBOUND(#1381,.T.);
#1383=IFCFACE((#1382));
#1384=IFCPOLYLOOP((#1349,#1367,#1350));
#1385=IFCFACEOUTERBOUND(#1384,.T.);
#1386=IFCFACE((#1385));
#1387=IFCPOLYLOOP((#1360,#1355,#1368));
#1388=IFCFACEOUTERBOUND(#1387,.T.);
#1389=IFCFACE((#1388));
#1390=IFCPOLYLOOP((#1368,#1355,#1351));
#1391=IFCFACEOUTERBOUND(#1390,.T.);
#1392=IFCFACE((#1391));
#1393=IFCCLOSEDSHELL((#1354,#1358,#1363,#1366,#1371,#1374,#1377,#1380,#1383,#1386,#1389,#1392));
#1394=IFCFACETEDBREP(#1393);
#1395=IFCSHAPEREPRESENTATION(#22,'Body','Brep',(#1394));
#1396=IFCPRODUCTDEFINITIONSHAPE($,$,(#1395));
#1397=IFCFLOWSEGMENT('0UQ3GD_Z1BzA_c1Zm9gP6Y',#5,'Pipe_Return_01','',$,#51,#1396,$);
#1398=IFCCARTESIANPOINT((4.5,1.96000000000004,0.939999999999941));
#1399=IFCCARTESIANPOINT((4.53999999999996,1.96000000000004,0.899999999999977));
#1400=IFCCARTESIANPOINT((4.53999999999996,2.86000000000013,0.899999999999977));
#1401=IFCPOLYLOOP((#1398,#1399,#1400));
#1402=IFCFACEOUTERBOUND(#1401,.T.);
#1403=IFCFACE((#1402));
#1404=IFCCARTESIANPOINT((4.5,2.86000000000013,0.939999999999941));
#1405=IFCPOLYLOOP((#1398,#1400,#1404));
#1406=IFCFACEOUTERBOUND(#1405,.T.);
#1407=IFCFACE((#1406));
#1408=IFCCARTESIANPOINT((4.46000000000004,1.96000000000004,0.899999999999977));
#1409=IFCCARTESIANPOINT((4.46000000000004,2.86000000000013,0.899999999999977));
#1410=IFCPOLYLOOP((#1408,#1404,#1409));
#1411=IFCFACEOUTERBOUND(#1410,.T.);
#1412=IFCFACE((#1411));
#1413=IFCPOLYLOOP((#1408,#1398,#1404));
#1414=IFCFACEOUTERBOUND(#1413,.T.);
#1415=IFCFACE((#1414));
#1416=IFCCARTESIANPOINT((4.5,1.96000000000004,0.860000000000014));
#1417=IFCCARTESIANPOINT((4.5,2.86000000000013,0.860000000000014));
#1418=IFCPOLYLOOP((#1416,#1409,#1417));
#1419=IFCFACEOUTERBOUND(#1418,.T.);
#1420=IFCFACE((#1419));
#1421=IFCPOLYLOOP((#1416,#1408,#1409));
#1422=IFCFACEOUTERBOUND(#1421,.T.);
#1423=IFCFACE((#1422));
#1424=IFCPOLYLOOP((#1399,#1417,#1400));
#1425=IFCFACEOUTERBOUND(#1424,.T.);
#1426=IFCFACE((#1425));
#1427=IFCPOLYLOOP((#1399,#1416,#1417));
#1428=IFCFACEOUTERBOUND(#1427,.T.);
#1429=IFCFACE((#1428));
#1430=IFCPOLYLOOP((#1398,#1408,#1416));
#1431=IFCFACEOUTERBOUND(#1430,.T.);
#1432=IFCFACE((#1431));
#1433=IFCPOLYLOOP((#1398,#1416,#1399));
#1434=IFCFACEOUTERBOUND(#1433,.T.);
#1435=IFCFACE((#1434));
#1436=IFCPOLYLOOP((#1409,#1404,#1417));
#1437=IFCFACEOUTERBOUND(#1436,.T.);
#1438=IFCFACE((#1437));
#1439=IFCPOLYLOOP((#1417,#1404,#1400));
#1440=IFCFACEOUTERBOUND(#1439,.T.);
#1441=IFCFACE((#1440));
#1442=IFCCLOSEDSHELL((#1403,#1407,#1412,#1415,#1420,#1423,#1426,#1429,#1432,#1435,#1438,#1441));
#1443=IFCFACETEDBREP(#1442);
#1444=IFCSHAPEREPRESENTATION(#22,'Body','Brep',(#1443));
#1445=IFCPRODUCTDEFINITIONSHAPE($,$,(#1444));
#1446=IFCFLOWFITTING('3sWxeWcZn6Hh8tcsNcc90H',#5,'Pipe_Elbow_Drop_01','',$,#51,#1445,$);
#1447=IFCCARTESIANPOINT((1.28,2.898,1.8));
#1448=IFCCARTESIANPOINT((1.318,2.86,1.8));
#1449=IFCCARTESIANPOINT((1.318,2.86,0.88));
#1450=IFCPOLYLOOP((#1447,#1448,#1449));
#1451=IFCFACEOUTERBOUND(#1450,.T.);
#1452=IFCFACE((#1451));
#1453=IFCCARTESIANPOINT((1.28,2.898,0.88));
#1454=IFCPOLYLOOP((#1447,#1449,#1453));
#1455=IFCFACEOUTERBOUND(#1454,.T.);
#1456=IFCFACE((#1455));
#1457=IFCCARTESIANPOINT((1.242,2.86,1.8));
#1458=IFCCARTESIANPOINT((1.242,2.86,0.88));
#1459=IFCPOLYLOOP((#1457,#1453,#1458));
#1460=IFCFACEOUTERBOUND(#1459,.T.);
#1461=IFCFACE((#1460));
#1462=IFCPOLYLOOP((#1457,#1447,#1453));
#1463=IFCFACEOUTERBOUND(#1462,.T.);
#1464=IFCFACE((#1463));
#1465=IFCCARTESIANPOINT((1.28,2.822,1.8));
#1466=IFCCARTESIANPOINT((1.28,2.822,0.88));
#1467=IFCPOLYLOOP((#1465,#1458,#1466));
#1468=IFCFACEOUTERBOUND(#1467,.T.);
#1469=IFCFACE((#1468));
#1470=IFCPOLYLOOP((#1465,#1457,#1458));
#1471=IFCFACEOUTERBOUND(#1470,.T.);
#1472=IFCFACE((#1471));
#1473=IFCPOLYLOOP((#1448,#1466,#1449));
#1474=IFCFACEOUTERBOUND(#1473,.T.);
#1475=IFCFACE((#1474));
#1476=IFCPOLYLOOP((#1448,#1465,#1466));
#1477=IFCFACEOUTERBOUND(#1476,.T.);
#1478=IFCFACE((#1477));
#1479=IFCPOLYLOOP((#1447,#1457,#1465));
#1480=IFCFACEOUTERBOUND(#1479,.T.);
#1481=IFCFACE((#1480));
#1482=IFCPOLYLOOP((#1447,#1465,#1448));
#1483=IFCFACEOUTERBOUND(#1482,.T.);
#1484=IFCFACE((#1483));
#1485=IFCPOLYLOOP((#1458,#1453,#1466));
#1486=IFCFACEOUTERBOUND(#1485,.T.);
#1487=IFCFACE((#1486));
#1488=IFCPOLYLOOP((#1466,#1453,#1449));
#1489=IFCFACEOUTERBOUND(#1488,.T.);
#1490=IFCFACE((#1489));
#1491=IFCCLOSEDSHELL((#1452,#1456,#1461,#1464,#1469,#1472,#1475,#1478,#1481,#1484,#1487,#1490));
#1492=IFCFACETEDBREP(#1491);
#1493=IFCSHAPEREPRESENTATION(#22,'Body','Brep',(#1492));
#1494=IFCPRODUCTDEFINITIONSHAPE($,$,(#1493));
#1495=IFCFLOWSEGMENT('11gJVecJ531wka0ZXOWIcj',#5,'Pipe_Supply_Drop_AHU_01','',$,#51,#1494,$);
#1496=IFCCARTESIANPOINT((1.54,3.098,1.62));
#1497=IFCCARTESIANPOINT((1.578,3.06,1.62));
#1498=IFCCARTESIANPOINT((1.578,3.06,0.88));
#1499=IFCPOLYLOOP((#1496,#1497,#1498));
#1500=IFCFACEOUTERBOUND(#1499,.T.);
#1501=IFCFACE((#1500));
#1502=IFCCARTESIANPOINT((1.54,3.098,0.88));
#1503=IFCPOLYLOOP((#1496,#1498,#1502));
#1504=IFCFACEOUTERBOUND(#1503,.T.);
#1505=IFCFACE((#1504));
#1506=IFCCARTESIANPOINT((1.502,3.06,1.62));
#1507=IFCCARTESIANPOINT((1.502,3.06,0.88));
#1508=IFCPOLYLOOP((#1506,#1502,#1507));
#1509=IFCFACEOUTERBOUND(#1508,.T.);
#1510=IFCFACE((#1509));
#1511=IFCPOLYLOOP((#1506,#1496,#1502));
#1512=IFCFACEOUTERBOUND(#1511,.T.);
#1513=IFCFACE((#1512));
#1514=IFCCARTESIANPOINT((1.54,3.022,1.62));
#1515=IFCCARTESIANPOINT((1.54,3.022,0.88));
#1516=IFCPOLYLOOP((#1514,#1507,#1515));
#1517=IFCFACEOUTERBOUND(#1516,.T.);
#1518=IFCFACE((#1517));
#1519=IFCPOLYLOOP((#1514,#1506,#1507));
#1520=IFCFACEOUTERBOUND(#1519,.T.);
#1521=IFCFACE((#1520));
#1522=IFCPOLYLOOP((#1497,#1515,#1498));
#1523=IFCFACEOUTERBOUND(#1522,.T.);
#1524=IFCFACE((#1523));
#1525=IFCPOLYLOOP((#1497,#1514,#1515));
#1526=IFCFACEOUTERBOUND(#1525,.T.);
#1527=IFCFACE((#1526));
#1528=IFCPOLYLOOP((#1496,#1506,#1514));
#1529=IFCFACEOUTERBOUND(#1528,.T.);
#1530=IFCFACE((#1529));
#1531=IFCPOLYLOOP((#1496,#1514,#1497));
#1532=IFCFACEOUTERBOUND(#1531,.T.);
#1533=IFCFACE((#1532));
#1534=IFCPOLYLOOP((#1507,#1502,#1515));
#1535=IFCFACEOUTERBOUND(#1534,.T.);
#1536=IFCFACE((#1535));
#1537=IFCPOLYLOOP((#1515,#1502,#1498));
#1538=IFCFACEOUTERBOUND(#1537,.T.);
#1539=IFCFACE((#1538));
#1540=IFCCLOSEDSHELL((#1501,#1505,#1510,#1513,#1518,#1521,#1524,#1527,#1530,#1533,#1536,#1539));
#1541=IFCFACETEDBREP(#1540);
#1542=IFCSHAPEREPRESENTATION(#22,'Body','Brep',(#1541));
#1543=IFCPRODUCTDEFINITIONSHAPE($,$,(#1542));
#1544=IFCFLOWSEGMENT('38oiRw2zHCbA3_HMtiasYX',#5,'Pipe_Return_Drop_AHU_01','',$,#51,#1543,$);
#1545=IFCCARTESIANPOINT((4.61999999999989,-0.0600000000001728,0.795999999999935));
#1546=IFCCARTESIANPOINT((4.65599999999995,-0.0599999999999454,0.759999999999991));
#1547=IFCCARTESIANPOINT((4.65599999999995,1.31999999999994,0.759999999999991));
#1548=IFCPOLYLOOP((#1545,#1546,#1547));
#1549=IFCFACEOUTERBOUND(#1548,.T.);
#1550=IFCFACE((#1549));
#1551=IFCCARTESIANPOINT((4.61999999999989,1.31999999999994,0.795999999999935));
#1552=IFCPOLYLOOP((#1545,#1547,#1551));
#1553=IFCFACEOUTERBOUND(#1552,.T.);
#1554=IFCFACE((#1553));
#1555=IFCCARTESIANPOINT((4.58399999999983,-0.0600000000001728,0.759999999999991));
#1556=IFCCARTESIANPOINT((4.58399999999983,1.31999999999994,0.759999999999991));
#1557=IFCPOLYLOOP((#1555,#1551,#1556));
#1558=IFCFACEOUTERBOUND(#1557,.T.);
#1559=IFCFACE((#1558));
#1560=IFCPOLYLOOP((#1555,#1545,#1551));
#1561=IFCFACEOUTERBOUND(#1560,.T.);
#1562=IFCFACE((#1561));
#1563=IFCCARTESIANPOINT((4.61999999999989,-0.0600000000001728,0.724000000000046));
#1564=IFCCARTESIANPOINT((4.61999999999989,1.31999999999994,0.724000000000046));
#1565=IFCPOLYLOOP((#1563,#1556,#1564));
#1566=IFCFACEOUTERBOUND(#1565,.T.);
#1567=IFCFACE((#1566));
#1568=IFCPOLYLOOP((#1563,#1555,#1556));
#1569=IFCFACEOUTERBOUND(#1568,.T.);
#1570=IFCFACE((#1569));
#1571=IFCPOLYLOOP((#1546,#1564,#1547));
#1572=IFCFACEOUTERBOUND(#1571,.T.);
#1573=IFCFACE((#1572));
#1574=IFCPOLYLOOP((#1546,#1563,#1564));
#1575=IFCFACEOUTERBOUND(#1574,.T.);
#1576=IFCFACE((#1575));
#1577=IFCPOLYLOOP((#1545,#1555,#1563));
#1578=IFCFACEOUTERBOUND(#1577,.T.);
#1579=IFCFACE((#1578));
#1580=IFCPOLYLOOP((#1545,#1563,#1546));
#1581=IFCFACEOUTERBOUND(#1580,.T.);
#1582=IFCFACE((#1581));
#1583=IFCPOLYLOOP((#1556,#1551,#1564));
#1584=IFCFACEOUTERBOUND(#1583,.T.);
#1585=IFCFACE((#1584));
#1586=IFCPOLYLOOP((#1564,#1551,#1547));
#1587=IFCFACEOUTERBOUND(#1586,.T.);
#1588=IFCFACE((#1587));
#1589=IFCCLOSEDSHELL((#1550,#1554,#1559,#1562,#1567,#1570,#1573,#1576,#1579,#1582,#1585,#1588));
#1590=IFCFACETEDBREP(#1589);
#1591=IFCSHAPEREPRESENTATION(#22,'Body','Brep',(#1590));
#1592=IFCPRODUCTDEFINITIONSHAPE($,$,(#1591));
#1593=IFCFLOWSEGMENT('0rqgmd3qn1YAncr3tKpXoS',#5,'Pipe_Supply_ToPump_01','',$,#51,#1592,$);
#1594=IFCCARTESIANPOINT((4.81999999999971,-0.279999999999973,0.635999999999967));
#1595=IFCCARTESIANPOINT((4.85599999999977,-0.279999999999973,0.600000000000023));
#1596=IFCCARTESIANPOINT((4.85599999999977,1.31999999999994,0.600000000000023));
#1597=IFCPOLYLOOP((#1594,#1595,#1596));
#1598=IFCFACEOUTERBOUND(#1597,.T.);
#1599=IFCFACE((#1598));
#1600=IFCCARTESIANPOINT((4.81999999999971,1.31999999999994,0.635999999999967));
#1601=IFCPOLYLOOP((#1594,#1596,#1600));
#1602=IFCFACEOUTERBOUND(#1601,.T.);
#1603=IFCFACE((#1602));
#1604=IFCCARTESIANPOINT((4.78399999999965,-0.279999999999973,0.600000000000023));
#1605=IFCCARTESIANPOINT((4.78399999999965,1.31999999999994,0.600000000000023));
#1606=IFCPOLYLOOP((#1604,#1600,#1605));
#1607=IFCFACEOUTERBOUND(#1606,.T.);
#1608=IFCFACE((#1607));
#1609=IFCPOLYLOOP((#1604,#1594,#1600));
#1610=IFCFACEOUTERBOUND(#1609,.T.);
#1611=IFCFACE((#1610));
#1612=IFCCARTESIANPOINT((4.81999999999971,-0.279999999999973,0.564000000000078));
#1613=IFCCARTESIANPOINT((4.81999999999971,1.31999999999994,0.564000000000078));
#1614=IFCPOLYLOOP((#1612,#1605,#1613));
#1615=IFCFACEOUTERBOUND(#1614,.T.);
#1616=IFCFACE((#1615));
#1617=IFCPOLYLOOP((#1612,#1604,#1605));
#1618=IFCFACEOUTERBOUND(#1617,.T.);
#1619=IFCFACE((#1618));
#1620=IFCPOLYLOOP((#1595,#1613,#1596));
#1621=IFCFACEOUTERBOUND(#1620,.T.);
#1622=IFCFACE((#1621));
#1623=IFCPOLYLOOP((#1595,#1612,#1613));
#1624=IFCFACEOUTERBOUND(#1623,.T.);
#1625=IFCFACE((#1624));
#1626=IFCPOLYLOOP((#1594,#1604,#1612));
#1627=IFCFACEOUTERBOUND(#1626,.T.);
#1628=IFCFACE((#1627));
#1629=IFCPOLYLOOP((#1594,#1612,#1595));
#1630=IFCFACEOUTERBOUND(#1629,.T.);
#1631=IFCFACE((#1630));
#1632=IFCPOLYLOOP((#1605,#1600,#1613));
#1633=IFCFACEOUTERBOUND(#1632,.T.);
#1634=IFCFACE((#1633));
#1635=IFCPOLYLOOP((#1613,#1600,#1596));
#1636=IFCFACEOUTERBOUND(#1635,.T.);
#1637=IFCFACE((#1636));
#1638=IFCCLOSEDSHELL((#1599,#1603,#1608,#1611,#1616,#1619,#1622,#1625,#1628,#1631,#1634,#1637));
#1639=IFCFACETEDBREP(#1638);
#1640=IFCSHAPEREPRESENTATION(#22,'Body','Brep',(#1639));
#1641=IFCPRODUCTDEFINITIONSHAPE($,$,(#1640));
#1642=IFCFLOWSEGMENT('3NZhqW3sX30v4DgLHGr5AU',#5,'Pipe_Return_FromPump_01','',$,#51,#1641,$);
#1643=IFCCARTESIANPOINT((2.55,2.8,1.725));
#1644=IFCCARTESIANPOINT((2.55,2.8,1.875));
#1645=IFCCARTESIANPOINT((2.55,2.92,1.875));
#1646=IFCCARTESIANPOINT((2.55,2.92,1.725));
#1647=IFCPOLYLOOP((#1643,#1644,#1645,#1646));
#1648=IFCFACEOUTERBOUND(#1647,.T.);
#1649=IFCFACE((#1648));
#1650=IFCCARTESIANPOINT((2.73,2.8,1.875));
#1651=IFCCARTESIANPOINT((2.73,2.8,1.725));
#1652=IFCCARTESIANPOINT((2.73,2.92,1.725));
#1653=IFCCARTESIANPOINT((2.73,2.92,1.875));
#1654=IFCPOLYLOOP((#1650,#1651,#1652,#1653));
#1655=IFCFACEOUTERBOUND(#1654,.T.);
#1656=IFCFACE((#1655));
#1657=IFCPOLYLOOP((#1643,#1651,#1650,#1644));
#1658=IFCFACEOUTERBOUND(#1657,.T.);
#1659=IFCFACE((#1658));
#1660=IFCPOLYLOOP((#1652,#1646,#1645,#1653));
#1661=IFCFACEOUTERBOUND(#1660,.T.);
#1662=IFCFACE((#1661));
#1663=IFCPOLYLOOP((#1643,#1646,#1652,#1651));
#1664=IFCFACEOUTERBOUND(#1663,.T.);
#1665=IFCFACE((#1664));
#1666=IFCPOLYLOOP((#1645,#1644,#1650,#1653));
#1667=IFCFACEOUTERBOUND(#1666,.T.);
#1668=IFCFACE((#1667));
#1669=IFCCLOSEDSHELL((#1649,#1656,#1659,#1662,#1665,#1668));
#1670=IFCFACETEDBREP(#1669);
#1671=IFCSHAPEREPRESENTATION(#22,'Body','Brep',(#1670));
#1672=IFCPRODUCTDEFINITIONSHAPE($,$,(#1671));
#1673=IFCFLOWCONTROLLER('3tfKV$0p58Ff66daPidv0P',#5,'Valve_Isolation_Supply_01','',$,#51,#1672,$);
#1674=IFCCARTESIANPOINT((3.02,3.,1.545));
#1675=IFCCARTESIANPOINT((3.02,3.,1.695));
#1676=IFCCARTESIANPOINT((3.02,3.12,1.695));
#1677=IFCCARTESIANPOINT((3.02,3.12,1.545));
#1678=IFCPOLYLOOP((#1674,#1675,#1676,#1677));
#1679=IFCFACEOUTERBOUND(#1678,.T.);
#1680=IFCFACE((#1679));
#1681=IFCCARTESIANPOINT((3.2,3.,1.695));
#1682=IFCCARTESIANPOINT((3.2,3.,1.545));
#1683=IFCCARTESIANPOINT((3.2,3.12,1.545));
#1684=IFCCARTESIANPOINT((3.2,3.12,1.695));
#1685=IFCPOLYLOOP((#1681,#1682,#1683,#1684));
#1686=IFCFACEOUTERBOUND(#1685,.T.);
#1687=IFCFACE((#1686));
#1688=IFCPOLYLOOP((#1674,#1682,#1681,#1675));
#1689=IFCFACEOUTERBOUND(#1688,.T.);
#1690=IFCFACE((#1689));
#1691=IFCPOLYLOOP((#1683,#1677,#1676,#1684));
#1692=IFCFACEOUTERBOUND(#1691,.T.);
#1693=IFCFACE((#1692));
#1694=IFCPOLYLOOP((#1674,#1677,#1683,#1682));
#1695=IFCFACEOUTERBOUND(#1694,.T.);
#1696=IFCFACE((#1695));
#1697=IFCPOLYLOOP((#1676,#1675,#1681,#1684));
#1698=IFCFACEOUTERBOUND(#1697,.T.);
#1699=IFCFACE((#1698));
#1700=IFCCLOSEDSHELL((#1680,#1687,#1690,#1693,#1696,#1699));
#1701=IFCFACETEDBREP(#1700);
#1702=IFCSHAPEREPRESENTATION(#22,'Body','Brep',(#1701));
#1703=IFCPRODUCTDEFINITIONSHAPE($,$,(#1702));
#1704=IFCFLOWCONTROLLER('30n4YOfDz4gBoSKgfnCGKs',#5,'Valve_Isolation_Return_01','',$,#51,#1703,$);
#1705=IFCCARTESIANPOINT((1.272,2.805,1.8));
#1706=IFCCARTESIANPOINT((1.272,2.86,1.855));
#1707=IFCCARTESIANPOINT((1.265,2.86,1.862));
#1708=IFCPOLYLOOP((#1705,#1706,#1707));
#1709=IFCFACEOUTERBOUND(#1708,.T.);
#1710=IFCFACE((#1709));
#1711=IFCCARTESIANPOINT((1.265,2.798,1.8));
#1712=IFCPOLYLOOP((#1705,#1707,#1711));
#1713=IFCFACEOUTERBOUND(#1712,.T.);
#1714=IFCFACE((#1713));
#1715=IFCCARTESIANPOINT((1.265,2.812,1.8));
#1716=IFCCARTESIANPOINT((1.265,2.86,1.848));
#1717=IFCPOLYLOOP((#1715,#1716,#1706));
#1718=IFCFACEOUTERBOUND(#1717,.T.);
#1719=IFCFACE((#1718));
#1720=IFCPOLYLOOP((#1715,#1706,#1705));
#1721=IFCFACEOUTERBOUND(#1720,.T.);
#1722=IFCFACE((#1721));
#1723=IFCCARTESIANPOINT((1.258,2.805,1.8));
#1724=IFCPOLYLOOP((#1723,#1711,#1707));
#1725=IFCFACEOUTERBOUND(#1724,.T.);
#1726=IFCFACE((#1725));
#1727=IFCCARTESIANPOINT((1.258,2.86,1.855));
#1728=IFCPOLYLOOP((#1723,#1727,#1716));
#1729=IFCFACEOUTERBOUND(#1728,.T.);
#1730=IFCFACE((#1729));
#1731=IFCPOLYLOOP((#1723,#1707,#1727));
#1732=IFCFACEOUTERBOUND(#1731,.T.);
#1733=IFCFACE((#1732));
#1734=IFCPOLYLOOP((#1723,#1716,#1715));
#1735=IFCFACEOUTERBOUND(#1734,.T.);
#1736=IFCFACE((#1735));
#1737=IFCCARTESIANPOINT((1.272,2.86,1.745));
#1738=IFCCARTESIANPOINT((1.265,2.86,1.738));
#1739=IFCPOLYLOOP((#1737,#1711,#1738));
#1740=IFCFACEOUTERBOUND(#1739,.T.);
#1741=IFCFACE((#1740));
#1742=IFCPOLYLOOP((#1737,#1705,#1711));
#1743=IFCFACEOUTERBOUND(#1742,.T.);
#1744=IFCFACE((#1743));
#1745=IFCCARTESIANPOINT((1.265,2.86,1.752));
#1746=IFCPOLYLOOP((#1745,#1715,#1705));
#1747=IFCFACEOUTERBOUND(#1746,.T.);
#1748=IFCFACE((#1747));
#1749=IFCPOLYLOOP((#1745,#1705,#1737));
#1750=IFCFACEOUTERBOUND(#1749,.T.);
#1751=IFCFACE((#1750));
#1752=IFCCARTESIANPOINT((1.258,2.86,1.745));
#1753=IFCPOLYLOOP((#1752,#1738,#1711));
#1754=IFCFACEOUTERBOUND(#1753,.T.);
#1755=IFCFACE((#1754));
#1756=IFCPOLYLOOP((#1752,#1711,#1723));
#1757=IFCFACEOUTERBOUND(#1756,.T.);
#1758=IFCFACE((#1757));
#1759=IFCPOLYLOOP((#1752,#1715,#1745));
#1760=IFCFACEOUTERBOUND(#1759,.T.);
#1761=IFCFACE((#1760));
#1762=IFCPOLYLOOP((#1752,#1723,#1715));
#1763=IFCFACEOUTERBOUND(#1762,.T.);
#1764=IFCFACE((#1763));
#1765=IFCCARTESIANPOINT((1.272,2.915,1.8));
#1766=IFCCARTESIANPOINT((1.265,2.922,1.8));
#1767=IFCPOLYLOOP((#1765,#1738,#1766));
#1768=IFCFACEOUTERBOUND(#1767,.T.);
#1769=IFCFACE((#1768));
#1770=IFCPOLYLOOP((#1765,#1766,#1707));
#1771=IFCFACEOUTERBOUND(#1770,.T.);
#1772=IFCFACE((#1771));
#1773=IFCPOLYLOOP((#1765,#1707,#1706));
#1774=IFCFACEOUTERBOUND(#1773,.T.);
#1775=IFCFACE((#1774));
#1776=IFCPOLYLOOP((#1765,#1737,#1738));
#1777=IFCFACEOUTERBOUND(#1776,.T.);
#1778=IFCFACE((#1777));
#1779=IFCCARTESIANPOINT((1.265,2.908,1.8));
#1780=IFCPOLYLOOP((#1779,#1706,#1716));
#1781=IFCFACEOUTERBOUND(#1780,.T.);
#1782=IFCFACE((#1781));
#1783=IFCPOLYLOOP((#1779,#1765,#1706));
#1784=IFCFACEOUTERBOUND(#1783,.T.);
#1785=IFCFACE((#1784));
#1786=IFCPOLYLOOP((#1779,#1745,#1737));
#1787=IFCFACEOUTERBOUND(#1786,.T.);
#1788=IFCFACE((#1787));
#1789=IFCPOLYLOOP((#1779,#1737,#1765));
#1790=IFCFACEOUTERBOUND(#1789,.T.);
#1791=IFCFACE((#1790));
#1792=IFCCARTESIANPOINT((1.258,2.915,1.8));
#1793=IFCPOLYLOOP((#1792,#1766,#1738));
#1794=IFCFACEOUTERBOUND(#1793,.T.);
#1795=IFCFACE((#1794));
#1796=IFCPOLYLOOP((#1792,#1707,#1766));
#1797=IFCFACEOUTERBOUND(#1796,.T.);
#1798=IFCFACE((#1797));
#1799=IFCPOLYLOOP((#1792,#1716,#1727));
#1800=IFCFACEOUTERBOUND(#1799,.T.);
#1801=IFCFACE((#1800));
#1802=IFCPOLYLOOP((#1792,#1727,#1707));
#1803=IFCFACEOUTERBOUND(#1802,.T.);
#1804=IFCFACE((#1803));
#1805=IFCPOLYLOOP((#1792,#1738,#1752));
#1806=IFCFACEOUTERBOUND(#1805,.T.);
#1807=IFCFACE((#1806));
#1808=IFCPOLYLOOP((#1792,#1752,#1745));
#1809=IFCFACEOUTERBOUND(#1808,.T.);
#1810=IFCFACE((#1809));
#1811=IFCPOLYLOOP((#1792,#1745,#1779));
#1812=IFCFACEOUTERBOUND(#1811,.T.);
#1813=IFCFACE((#1812));
#1814=IFCPOLYLOOP((#1792,#1779,#1716));
#1815=IFCFACEOUTERBOUND(#1814,.T.);
#1816=IFCFACE((#1815));
#1817=IFCCLOSEDSHELL((#1710,#1714,#1719,#1722,#1726,#1730,#1733,#1736,#1741,#1744,#1748,#1751,#1755,#1758,#1761,#1764,#1769,#1772,#1775,#1778,#1782,#1785,#1788,#1791,#1795,#1798,#1801,#1804,#1807,#1810,#1813,#1816));
#1818=IFCFACETEDBREP(#1817);
#1819=IFCSHAPEREPRESENTATION(#22,'Body','Brep',(#1818));
#1820=IFCPRODUCTDEFINITIONSHAPE($,$,(#1819));
#1821=IFCFLOWFITTING('0mD_gms2fFAO8ZRpXOH9bV',#5,'Flange_Supply_01','',$,#51,#1820,$);
#1822=IFCCARTESIANPOINT((1.522,3.005,1.62));
#1823=IFCCARTESIANPOINT((1.522,3.06,1.675));
#1824=IFCCARTESIANPOINT((1.515,3.06,1.682));
#1825=IFCPOLYLOOP((#1822,#1823,#1824));
#1826=IFCFACEOUTERBOUND(#1825,.T.);
#1827=IFCFACE((#1826));
#1828=IFCCARTESIANPOINT((1.515,2.998,1.62));
#1829=IFCPOLYLOOP((#1822,#1824,#1828));
#1830=IFCFACEOUTERBOUND(#1829,.T.);
#1831=IFCFACE((#1830));
#1832=IFCCARTESIANPOINT((1.515,3.012,1.62));
#1833=IFCCARTESIANPOINT((1.515,3.06,1.668));
#1834=IFCPOLYLOOP((#1832,#1833,#1823));
#1835=IFCFACEOUTERBOUND(#1834,.T.);
#1836=IFCFACE((#1835));
#1837=IFCPOLYLOOP((#1832,#1823,#1822));
#1838=IFCFACEOUTERBOUND(#1837,.T.);
#1839=IFCFACE((#1838));
#1840=IFCCARTESIANPOINT((1.508,3.005,1.62));
#1841=IFCPOLYLOOP((#1840,#1828,#1824));
#1842=IFCFACEOUTERBOUND(#1841,.T.);
#1843=IFCFACE((#1842));
#1844=IFCCARTESIANPOINT((1.508,3.06,1.675));
#1845=IFCPOLYLOOP((#1840,#1844,#1833));
#1846=IFCFACEOUTERBOUND(#1845,.T.);
#1847=IFCFACE((#1846));
#1848=IFCPOLYLOOP((#1840,#1824,#1844));
#1849=IFCFACEOUTERBOUND(#1848,.T.);
#1850=IFCFACE((#1849));
#1851=IFCPOLYLOOP((#1840,#1833,#1832));
#1852=IFCFACEOUTERBOUND(#1851,.T.);
#1853=IFCFACE((#1852));
#1854=IFCCARTESIANPOINT((1.522,3.06,1.565));
#1855=IFCCARTESIANPOINT((1.515,3.06,1.558));
#1856=IFCPOLYLOOP((#1854,#1828,#1855));
#1857=IFCFACEOUTERBOUND(#1856,.T.);
#1858=IFCFACE((#1857));
#1859=IFCPOLYLOOP((#1854,#1822,#1828));
#1860=IFCFACEOUTERBOUND(#1859,.T.);
#1861=IFCFACE((#1860));
#1862=IFCCARTESIANPOINT((1.515,3.06,1.572));
#1863=IFCPOLYLOOP((#1862,#1832,#1822));
#1864=IFCFACEOUTERBOUND(#1863,.T.);
#1865=IFCFACE((#1864));
#1866=IFCPOLYLOOP((#1862,#1822,#1854));
#1867=IFCFACEOUTERBOUND(#1866,.T.);
#1868=IFCFACE((#1867));
#1869=IFCCARTESIANPOINT((1.508,3.06,1.565));
#1870=IFCPOLYLOOP((#1869,#1855,#1828));
#1871=IFCFACEOUTERBOUND(#1870,.T.);
#1872=IFCFACE((#1871));
#1873=IFCPOLYLOOP((#1869,#1828,#1840));
#1874=IFCFACEOUTERBOUND(#1873,.T.);
#1875=IFCFACE((#1874));
#1876=IFCPOLYLOOP((#1869,#1832,#1862));
#1877=IFCFACEOUTERBOUND(#1876,.T.);
#1878=IFCFACE((#1877));
#1879=IFCPOLYLOOP((#1869,#1840,#1832));
#1880=IFCFACEOUTERBOUND(#1879,.T.);
#1881=IFCFACE((#1880));
#1882=IFCCARTESIANPOINT((1.522,3.115,1.62));
#1883=IFCCARTESIANPOINT((1.515,3.122,1.62));
#1884=IFCPOLYLOOP((#1882,#1855,#1883));
#1885=IFCFACEOUTERBOUND(#1884,.T.);
#1886=IFCFACE((#1885));
#1887=IFCPOLYLOOP((#1882,#1883,#1824));
#1888=IFCFACEOUTERBOUND(#1887,.T.);
#1889=IFCFACE((#1888));
#1890=IFCPOLYLOOP((#1882,#1824,#1823));
#1891=IFCFACEOUTERBOUND(#1890,.T.);
#1892=IFCFACE((#1891));
#1893=IFCPOLYLOOP((#1882,#1854,#1855));
#1894=IFCFACEOUTERBOUND(#1893,.T.);
#1895=IFCFACE((#1894));
#1896=IFCCARTESIANPOINT((1.515,3.108,1.62));
#1897=IFCPOLYLOOP((#1896,#1823,#1833));
#1898=IFCFACEOUTERBOUND(#1897,.T.);
#1899=IFCFACE((#1898));
#1900=IFCPOLYLOOP((#1896,#1882,#1823));
#1901=IFCFACEOUTERBOUND(#1900,.T.);
#1902=IFCFACE((#1901));
#1903=IFCPOLYLOOP((#1896,#1862,#1854));
#1904=IFCFACEOUTERBOUND(#1903,.T.);
#1905=IFCFACE((#1904));
#1906=IFCPOLYLOOP((#1896,#1854,#1882));
#1907=IFCFACEOUTERBOUND(#1906,.T.);
#1908=IFCFACE((#1907));
#1909=IFCCARTESIANPOINT((1.508,3.115,1.62));
#1910=IFCPOLYLOOP((#1909,#1883,#1855));
#1911=IFCFACEOUTERBOUND(#1910,.T.);
#1912=IFCFACE((#1911));
#1913=IFCPOLYLOOP((#1909,#1824,#1883));
#1914=IFCFACEOUTERBOUND(#1913,.T.);
#1915=IFCFACE((#1914));
#1916=IFCPOLYLOOP((#1909,#1833,#1844));
#1917=IFCFACEOUTERBOUND(#1916,.T.);
#1918=IFCFACE((#1917));
#1919=IFCPOLYLOOP((#1909,#1844,#1824));
#1920=IFCFACEOUTERBOUND(#1919,.T.);
#1921=IFCFACE((#1920));
#1922=IFCPOLYLOOP((#1909,#1855,#1869));
#1923=IFCFACEOUTERBOUND(#1922,.T.);
#1924=IFCFACE((#1923));
#1925=IFCPOLYLOOP((#1909,#1869,#1862));
#1926=IFCFACEOUTERBOUND(#1925,.T.);
#1927=IFCFACE((#1926));
#1928=IFCPOLYLOOP((#1909,#1862,#1896));
#1929=IFCFACEOUTERBOUND(#1928,.T.);
#1930=IFCFACE((#1929));
#1931=IFCPOLYLOOP((#1909,#1896,#1833));
#1932=IFCFACEOUTERBOUND(#1931,.T.);
#1933=IFCFACE((#1932));
#1934=IFCCLOSEDSHELL((#1827,#1831,#1836,#1839,#1843,#1847,#1850,#1853,#1858,#1861,#1865,#1868,#1872,#1875,#1878,#1881,#1886,#1889,#1892,#1895,#1899,#1902,#1905,#1908,#1912,#1915,#1918,#1921,#1924,#1927,#1930,#1933));
#1935=IFCFACETEDBREP(#1934);
#1936=IFCSHAPEREPRESENTATION(#22,'Body','Brep',(#1935));
#1937=IFCPRODUCTDEFINITIONSHAPE($,$,(#1936));
#1938=IFCFLOWFITTING('1VOP8sqOzFY8wbwTN82kte',#5,'Flange_Return_01','',$,#51,#1937,$);
#1939=IFCCARTESIANPOINT((2.84,2.894,1.93));
#1940=IFCCARTESIANPOINT((2.874,2.86,1.93));
#1941=IFCCARTESIANPOINT((2.874,2.86,1.85));
#1942=IFCPOLYLOOP((#1939,#1940,#1941));
#1943=IFCFACEOUTERBOUND(#1942,.T.);
#1944=IFCFACE((#1943));
#1945=IFCCARTESIANPOINT((2.84,2.894,1.85));
#1946=IFCPOLYLOOP((#1939,#1941,#1945));
#1947=IFCFACEOUTERBOUND(#1946,.T.);
#1948=IFCFACE((#1947));
#1949=IFCCARTESIANPOINT((2.806,2.86,1.93));
#1950=IFCCARTESIANPOINT((2.806,2.86,1.85));
#1951=IFCPOLYLOOP((#1949,#1945,#1950));
#1952=IFCFACEOUTERBOUND(#1951,.T.);
#1953=IFCFACE((#1952));
#1954=IFCPOLYLOOP((#1949,#1939,#1945));
#1955=IFCFACEOUTERBOUND(#1954,.T.);
#1956=IFCFACE((#1955));
#1957=IFCCARTESIANPOINT((2.84,2.826,1.93));
#1958=IFCCARTESIANPOINT((2.84,2.826,1.85));
#1959=IFCPOLYLOOP((#1957,#1950,#1958));
#1960=IFCFACEOUTERBOUND(#1959,.T.);
#1961=IFCFACE((#1960));
#1962=IFCPOLYLOOP((#1957,#1949,#1950));
#1963=IFCFACEOUTERBOUND(#1962,.T.);
#1964=IFCFACE((#1963));
#1965=IFCPOLYLOOP((#1940,#1958,#1941));
#1966=IFCFACEOUTERBOUND(#1965,.T.);
#1967=IFCFACE((#1966));
#1968=IFCPOLYLOOP((#1940,#1957,#1958));
#1969=IFCFACEOUTERBOUND(#1968,.T.);
#1970=IFCFACE((#1969));
#1971=IFCPOLYLOOP((#1939,#1949,#1957));
#1972=IFCFACEOUTERBOUND(#1971,.T.);
#1973=IFCFACE((#1972));
#1974=IFCPOLYLOOP((#1939,#1957,#1940));
#1975=IFCFACEOUTERBOUND(#1974,.T.);
#1976=IFCFACE((#1975));
#1977=IFCPOLYLOOP((#1950,#1945,#1958));
#1978=IFCFACEOUTERBOUND(#1977,.T.);
#1979=IFCFACE((#1978));
#1980=IFCPOLYLOOP((#1958,#1945,#1941));
#1981=IFCFACEOUTERBOUND(#1980,.T.);
#1982=IFCFACE((#1981));
#1983=IFCCLOSEDSHELL((#1944,#1948,#1953,#1956,#1961,#1964,#1967,#1970,#1973,#1976,#1979,#1982));
#1984=IFCFACETEDBREP(#1983);
#1985=IFCSHAPEREPRESENTATION(#22,'Body','Brep',(#1984));
#1986=IFCPRODUCTDEFINITIONSHAPE($,$,(#1985));
#1987=IFCFLOWINSTRUMENT('27FGmIye1EAv7oK1U4EHat',#5,'Gauge_Pressure_01','',$,#51,#1986,$,$);
#1988=IFCCARTESIANPOINT((0.9,3.3,2.45));
#1989=IFCCARTESIANPOINT((0.9,3.3,2.67));
#1990=IFCCARTESIANPOINT((0.9,3.72,2.67));
#1991=IFCCARTESIANPOINT((0.9,3.72,2.45));
#1992=IFCPOLYLOOP((#1988,#1989,#1990,#1991));
#1993=IFCFACEOUTERBOUND(#1992,.T.);
#1994=IFCFACE((#1993));
#1995=IFCCARTESIANPOINT((4.5,3.3,2.67));
#1996=IFCCARTESIANPOINT((4.5,3.3,2.45));
#1997=IFCCARTESIANPOINT((4.5,3.72,2.45));
#1998=IFCCARTESIANPOINT((4.5,3.72,2.67));
#1999=IFCPOLYLOOP((#1995,#1996,#1997,#1998));
#2000=IFCFACEOUTERBOUND(#1999,.T.);
#2001=IFCFACE((#2000));
#2002=IFCPOLYLOOP((#1988,#1996,#1995,#1989));
#2003=IFCFACEOUTERBOUND(#2002,.T.);
#2004=IFCFACE((#2003));
#2005=IFCPOLYLOOP((#1997,#1991,#1990,#1998));
#2006=IFCFACEOUTERBOUND(#2005,.T.);
#2007=IFCFACE((#2006));
#2008=IFCPOLYLOOP((#1988,#1991,#1997,#1996));
#2009=IFCFACEOUTERBOUND(#2008,.T.);
#2010=IFCFACE((#2009));
#2011=IFCPOLYLOOP((#1990,#1989,#1995,#1998));
#2012=IFCFACEOUTERBOUND(#2011,.T.);
#2013=IFCFACE((#2012));
#2014=IFCCLOSEDSHELL((#1994,#2001,#2004,#2007,#2010,#2013));
#2015=IFCFACETEDBREP(#2014);
#2016=IFCSHAPEREPRESENTATION(#22,'Body','Brep',(#2015));
#2017=IFCPRODUCTDEFINITIONSHAPE($,$,(#2016));
#2018=IFCFLOWSEGMENT('2SAQ$S5952lQsXIdHzs8ta',#5,'Duct_Main_01','',$,#51,#2017,$);
#2019=IFCCARTESIANPOINT((2.55,2.92,2.36));
#2020=IFCCARTESIANPOINT((2.55,2.92,2.54));
#2021=IFCCARTESIANPOINT((2.55,3.28,2.54));
#2022=IFCCARTESIANPOINT((2.55,3.28,2.36));
#2023=IFCPOLYLOOP((#2019,#2020,#2021,#2022));
#2024=IFCFACEOUTERBOUND(#2023,.T.);
#2025=IFCFACE((#2024));
#2026=IFCCARTESIANPOINT((3.2,2.92,2.54));
#2027=IFCCARTESIANPOINT((3.2,2.92,2.36));
#2028=IFCCARTESIANPOINT((3.2,3.28,2.36));
#2029=IFCCARTESIANPOINT((3.2,3.28,2.54));
#2030=IFCPOLYLOOP((#2026,#2027,#2028,#2029));
#2031=IFCFACEOUTERBOUND(#2030,.T.);
#2032=IFCFACE((#2031));
#2033=IFCPOLYLOOP((#2019,#2027,#2026,#2020));
#2034=IFCFACEOUTERBOUND(#2033,.T.);
#2035=IFCFACE((#2034));
#2036=IFCPOLYLOOP((#2028,#2022,#2021,#2029));
#2037=IFCFACEOUTERBOUND(#2036,.T.);
#2038=IFCFACE((#2037));
#2039=IFCPOLYLOOP((#2019,#2022,#2028,#2027));
#2040=IFCFACEOUTERBOUND(#2039,.T.);
#2041=IFCFACE((#2040));
#2042=IFCPOLYLOOP((#2021,#2020,#2026,#2029));
#2043=IFCFACEOUTERBOUND(#2042,.T.);
#2044=IFCFACE((#2043));
#2045=IFCCLOSEDSHELL((#2025,#2032,#2035,#2038,#2041,#2044));
#2046=IFCFACETEDBREP(#2045);
#2047=IFCSHAPEREPRESENTATION(#22,'Body','Brep',(#2046));
#2048=IFCPRODUCTDEFINITIONSHAPE($,$,(#2047));
#2049=IFCFLOWSEGMENT('0TNOIeGQT6nwtck93V6qMS',#5,'Duct_Return_Branch_01','',$,#51,#2048,$);
#2050=IFCCARTESIANPOINT((2.44,1.54,1.46));
#2051=IFCCARTESIANPOINT((2.44,1.54,2.49));
#2052=IFCCARTESIANPOINT((2.44,1.84,2.49));
#2053=IFCCARTESIANPOINT((2.44,1.84,1.46));
#2054=IFCPOLYLOOP((#2050,#2051,#2052,#2053));
#2055=IFCFACEOUTERBOUND(#2054,.T.);
#2056=IFCFACE((#2055));
#2057=IFCCARTESIANPOINT((2.8,1.54,2.49));
#2058=IFCCARTESIANPOINT((2.8,1.54,1.46));
#2059=IFCCARTESIANPOINT((2.8,1.84,1.46));
#2060=IFCCARTESIANPOINT((2.8,1.84,2.49));
#2061=IFCPOLYLOOP((#2057,#2058,#2059,#2060));
#2062=IFCFACEOUTERBOUND(#2061,.T.);
#2063=IFCFACE((#2062));
#2064=IFCPOLYLOOP((#2050,#2058,#2057,#2051));
#2065=IFCFACEOUTERBOUND(#2064,.T.);
#2066=IFCFACE((#2065));
#2067=IFCPOLYLOOP((#2059,#2053,#2052,#2060));
#2068=IFCFACEOUTERBOUND(#2067,.T.);
#2069=IFCFACE((#2068));
#2070=IFCPOLYLOOP((#2050,#2053,#2059,#2058));
#2071=IFCFACEOUTERBOUND(#2070,.T.);
#2072=IFCFACE((#2071));
#2073=IFCPOLYLOOP((#2052,#2051,#2057,#2060));
#2074=IFCFACEOUTERBOUND(#2073,.T.);
#2075=IFCFACE((#2074));
#2076=IFCCLOSEDSHELL((#2056,#2063,#2066,#2069,#2072,#2075));
#2077=IFCFACETEDBREP(#2076);
#2078=IFCSHAPEREPRESENTATION(#22,'Body','Brep',(#2077));
#2079=IFCPRODUCTDEFINITIONSHAPE($,$,(#2078));
#2080=IFCFLOWSEGMENT('2o116uJCT7OfB9_E4lbO7V',#5,'Duct_Supply_Drop_01','',$,#51,#2079,$);
#2081=IFCCARTESIANPOINT((3.12,3.28,2.41));
#2082=IFCCARTESIANPOINT((3.12,3.28,2.72));
#2083=IFCCARTESIANPOINT((3.12,3.74,2.72));
#2084=IFCCARTESIANPOINT((3.12,3.74,2.41));
#2085=IFCPOLYLOOP((#2081,#2082,#2083,#2084));
#2086=IFCFACEOUTERBOUND(#2085,.T.);
#2087=IFCFACE((#2086));
#2088=IFCCARTESIANPOINT((3.2,3.28,2.72));
#2089=IFCCARTESIANPOINT((3.2,3.28,2.41));
#2090=IFCCARTESIANPOINT((3.2,3.74,2.41));
#2091=IFCCARTESIANPOINT((3.2,3.74,2.72));
#2092=IFCPOLYLOOP((#2088,#2089,#2090,#2091));
#2093=IFCFACEOUTERBOUND(#2092,.T.);
#2094=IFCFACE((#2093));
#2095=IFCPOLYLOOP((#2081,#2089,#2088,#2082));
#2096=IFCFACEOUTERBOUND(#2095,.T.);
#2097=IFCFACE((#2096));
#2098=IFCPOLYLOOP((#2090,#2084,#2083,#2091));
#2099=IFCFACEOUTERBOUND(#2098,.T.);
#2100=IFCFACE((#2099));
#2101=IFCPOLYLOOP((#2081,#2084,#2090,#2089));
#2102=IFCFACEOUTERBOUND(#2101,.T.);
#2103=IFCFACE((#2102));
#2104=IFCPOLYLOOP((#2083,#2082,#2088,#2091));
#2105=IFCFACEOUTERBOUND(#2104,.T.);
#2106=IFCFACE((#2105));
#2107=IFCCLOSEDSHELL((#2087,#2094,#2097,#2100,#2103,#2106));
#2108=IFCFACETEDBREP(#2107);
#2109=IFCSHAPEREPRESENTATION(#22,'Body','Brep',(#2108));
#2110=IFCPRODUCTDEFINITIONSHAPE($,$,(#2109));
#2111=IFCFLOWCONTROLLER('1idihx7jn3PPRiiPz$cNWP',#5,'Duct_FireDamper_01','',$,#51,#2110,$);
#2112=IFCCARTESIANPOINT((2.36,1.48,1.35));
#2113=IFCCARTESIANPOINT((2.36,1.48,1.41));
#2114=IFCCARTESIANPOINT((2.36,1.9,1.41));
#2115=IFCCARTESIANPOINT((2.36,1.9,1.35));
#2116=IFCPOLYLOOP((#2112,#2113,#2114,#2115));
#2117=IFCFACEOUTERBOUND(#2116,.T.);
#2118=IFCFACE((#2117));
#2119=IFCCARTESIANPOINT((2.88,1.48,1.41));
#2120=IFCCARTESIANPOINT((2.88,1.48,1.35));
#2121=IFCCARTESIANPOINT((2.88,1.9,1.35));
#2122=IFCCARTESIANPOINT((2.88,1.9,1.41));
#2123=IFCPOLYLOOP((#2119,#2120,#2121,#2122));
#2124=IFCFACEOUTERBOUND(#2123,.T.);
#2125=IFCFACE((#2124));
#2126=IFCPOLYLOOP((#2112,#2120,#2119,#2113));
#2127=IFCFACEOUTERBOUND(#2126,.T.);
#2128=IFCFACE((#2127));
#2129=IFCPOLYLOOP((#2121,#2115,#2114,#2122));
#2130=IFCFACEOUTERBOUND(#2129,.T.);
#2131=IFCFACE((#2130));
#2132=IFCPOLYLOOP((#2112,#2115,#2121,#2120));
#2133=IFCFACEOUTERBOUND(#2132,.T.);
#2134=IFCFACE((#2133));
#2135=IFCPOLYLOOP((#2114,#2113,#2119,#2122));
#2136=IFCFACEOUTERBOUND(#2135,.T.);
#2137=IFCFACE((#2136));
#2138=IFCCLOSEDSHELL((#2118,#2125,#2128,#2131,#2134,#2137));
#2139=IFCFACETEDBREP(#2138);
#2140=IFCSHAPEREPRESENTATION(#22,'Body','Brep',(#2139));
#2141=IFCPRODUCTDEFINITIONSHAPE($,$,(#2140));
#2142=IFCFLOWTERMINAL('3NODHzrSH0nR2RPILEVLfv',#5,'Diffuser_Supply_01','',$,#51,#2141,$);
#2143=IFCCARTESIANPOINT((1.2,2.2,2.85));
#2144=IFCCARTESIANPOINT((1.2,2.2,2.93));
#2145=IFCCARTESIANPOINT((1.2,2.42,2.93));
#2146=IFCCARTESIANPOINT((1.2,2.42,2.85));
#2147=IFCPOLYLOOP((#2143,#2144,#2145,#2146));
#2148=IFCFACEOUTERBOUND(#2147,.T.);
#2149=IFCFACE((#2148));
#2150=IFCCARTESIANPOINT((4.4,2.2,2.93));
#2151=IFCCARTESIANPOINT((4.4,2.2,2.85));
#2152=IFCCARTESIANPOINT((4.4,2.42,2.85));
#2153=IFCCARTESIANPOINT((4.4,2.42,2.93));
#2154=IFCPOLYLOOP((#2150,#2151,#2152,#2153));
#2155=IFCFACEOUTERBOUND(#2154,.T.);
#2156=IFCFACE((#2155));
#2157=IFCPOLYLOOP((#2143,#2151,#2150,#2144));
#2158=IFCFACEOUTERBOUND(#2157,.T.);
#2159=IFCFACE((#2158));
#2160=IFCPOLYLOOP((#2152,#2146,#2145,#2153));
#2161=IFCFACEOUTERBOUND(#2160,.T.);
#2162=IFCFACE((#2161));
#2163=IFCPOLYLOOP((#2143,#2146,#2152,#2151));
#2164=IFCFACEOUTERBOUND(#2163,.T.);
#2165=IFCFACE((#2164));
#2166=IFCPOLYLOOP((#2145,#2144,#2150,#2153));
#2167=IFCFACEOUTERBOUND(#2166,.T.);
#2168=IFCFACE((#2167));
#2169=IFCCLOSEDSHELL((#2149,#2156,#2159,#2162,#2165,#2168));
#2170=IFCFACETEDBREP(#2169);
#2171=IFCSHAPEREPRESENTATION(#22,'Body','Brep',(#2170));
#2172=IFCPRODUCTDEFINITIONSHAPE($,$,(#2171));
#2173=IFCDISTRIBUTIONELEMENT('1T0l69HzfEOOi3cNinjbbC',#5,'CableTray_Overhead_01','',$,#51,#2172,$);
#2174=IFCCARTESIANPOINT((1.55,2.19,2.925));
#2175=IFCCARTESIANPOINT((1.55,2.19,2.953));
#2176=IFCCARTESIANPOINT((1.55,2.43,2.953));
#2177=IFCCARTESIANPOINT((1.55,2.43,2.925));
#2178=IFCPOLYLOOP((#2174,#2175,#2176,#2177));
#2179=IFCFACEOUTERBOUND(#2178,.T.);
#2180=IFCFACE((#2179));
#2181=IFCCARTESIANPOINT((1.582,2.19,2.953));
#2182=IFCCARTESIANPOINT((1.582,2.19,2.925));
#2183=IFCCARTESIANPOINT((1.582,2.43,2.925));
#2184=IFCCARTESIANPOINT((1.582,2.43,2.953));
#2185=IFCPOLYLOOP((#2181,#2182,#2183,#2184));
#2186=IFCFACEOUTERBOUND(#2185,.T.);
#2187=IFCFACE((#2186));
#2188=IFCPOLYLOOP((#2174,#2182,#2181,#2175));
#2189=IFCFACEOUTERBOUND(#2188,.T.);
#2190=IFCFACE((#2189));
#2191=IFCPOLYLOOP((#2183,#2177,#2176,#2184));
#2192=IFCFACEOUTERBOUND(#2191,.T.);
#2193=IFCFACE((#2192));
#2194=IFCPOLYLOOP((#2174,#2177,#2183,#2182));
#2195=IFCFACEOUTERBOUND(#2194,.T.);
#2196=IFCFACE((#2195));
#2197=IFCPOLYLOOP((#2176,#2175,#2181,#2184));
#2198=IFCFACEOUTERBOUND(#2197,.T.);
#2199=IFCFACE((#2198));
#2200=IFCCLOSEDSHELL((#2180,#2187,#2190,#2193,#2196,#2199));
#2201=IFCFACETEDBREP(#2200);
#2202=IFCSHAPEREPRESENTATION(#22,'Body','Brep',(#2201));
#2203=IFCPRODUCTDEFINITIONSHAPE($,$,(#2202));
#2204=IFCDISTRIBUTIONELEMENT('3yeZG6tgHByuqnB5CvKerN',#5,'CableTray_Rung_01','',$,#51,#2203,$);
#2205=IFCCARTESIANPOINT((2.2,2.19,2.925));
#2206=IFCCARTESIANPOINT((2.2,2.19,2.953));
#2207=IFCCARTESIANPOINT((2.2,2.43,2.953));
#2208=IFCCARTESIANPOINT((2.2,2.43,2.925));
#2209=IFCPOLYLOOP((#2205,#2206,#2207,#2208));
#2210=IFCFACEOUTERBOUND(#2209,.T.);
#2211=IFCFACE((#2210));
#2212=IFCCARTESIANPOINT((2.232,2.19,2.953));
#2213=IFCCARTESIANPOINT((2.232,2.19,2.925));
#2214=IFCCARTESIANPOINT((2.232,2.43,2.925));
#2215=IFCCARTESIANPOINT((2.232,2.43,2.953));
#2216=IFCPOLYLOOP((#2212,#2213,#2214,#2215));
#2217=IFCFACEOUTERBOUND(#2216,.T.);
#2218=IFCFACE((#2217));
#2219=IFCPOLYLOOP((#2205,#2213,#2212,#2206));
#2220=IFCFACEOUTERBOUND(#2219,.T.);
#2221=IFCFACE((#2220));
#2222=IFCPOLYLOOP((#2214,#2208,#2207,#2215));
#2223=IFCFACEOUTERBOUND(#2222,.T.);
#2224=IFCFACE((#2223));
#2225=IFCPOLYLOOP((#2205,#2208,#2214,#2213));
#2226=IFCFACEOUTERBOUND(#2225,.T.);
#2227=IFCFACE((#2226));
#2228=IFCPOLYLOOP((#2207,#2206,#2212,#2215));
#2229=IFCFACEOUTERBOUND(#2228,.T.);
#2230=IFCFACE((#2229));
#2231=IFCCLOSEDSHELL((#2211,#2218,#2221,#2224,#2227,#2230));
#2232=IFCFACETEDBREP(#2231);
#2233=IFCSHAPEREPRESENTATION(#22,'Body','Brep',(#2232));
#2234=IFCPRODUCTDEFINITIONSHAPE($,$,(#2233));
#2235=IFCDISTRIBUTIONELEMENT('1dso6nWq966Rxk8Gn8jFx1',#5,'CableTray_Rung_02','',$,#51,#2234,$);
#2236=IFCCARTESIANPOINT((2.85,2.19,2.925));
#2237=IFCCARTESIANPOINT((2.85,2.19,2.953));
#2238=IFCCARTESIANPOINT((2.85,2.43,2.953));
#2239=IFCCARTESIANPOINT((2.85,2.43,2.925));
#2240=IFCPOLYLOOP((#2236,#2237,#2238,#2239));
#2241=IFCFACEOUTERBOUND(#2240,.T.);
#2242=IFCFACE((#2241));
#2243=IFCCARTESIANPOINT((2.882,2.19,2.953));
#2244=IFCCARTESIANPOINT((2.882,2.19,2.925));
#2245=IFCCARTESIANPOINT((2.882,2.43,2.925));
#2246=IFCCARTESIANPOINT((2.882,2.43,2.953));
#2247=IFCPOLYLOOP((#2243,#2244,#2245,#2246));
#2248=IFCFACEOUTERBOUND(#2247,.T.);
#2249=IFCFACE((#2248));
#2250=IFCPOLYLOOP((#2236,#2244,#2243,#2237));
#2251=IFCFACEOUTERBOUND(#2250,.T.);
#2252=IFCFACE((#2251));
#2253=IFCPOLYLOOP((#2245,#2239,#2238,#2246));
#2254=IFCFACEOUTERBOUND(#2253,.T.);
#2255=IFCFACE((#2254));
#2256=IFCPOLYLOOP((#2236,#2239,#2245,#2244));
#2257=IFCFACEOUTERBOUND(#2256,.T.);
#2258=IFCFACE((#2257));
#2259=IFCPOLYLOOP((#2238,#2237,#2243,#2246));
#2260=IFCFACEOUTERBOUND(#2259,.T.);
#2261=IFCFACE((#2260));
#2262=IFCCLOSEDSHELL((#2242,#2249,#2252,#2255,#2258,#2261));
#2263=IFCFACETEDBREP(#2262);
#2264=IFCSHAPEREPRESENTATION(#22,'Body','Brep',(#2263));
#2265=IFCPRODUCTDEFINITIONSHAPE($,$,(#2264));
#2266=IFCDISTRIBUTIONELEMENT('1BUYdy0B15TO_nLbHR4fw2',#5,'CableTray_Rung_03','',$,#51,#2265,$);
#2267=IFCCARTESIANPOINT((3.5,2.19,2.925));
#2268=IFCCARTESIANPOINT((3.5,2.19,2.953));
#2269=IFCCARTESIANPOINT((3.5,2.43,2.953));
#2270=IFCCARTESIANPOINT((3.5,2.43,2.925));
#2271=IFCPOLYLOOP((#2267,#2268,#2269,#2270));
#2272=IFCFACEOUTERBOUND(#2271,.T.);
#2273=IFCFACE((#2272));
#2274=IFCCARTESIANPOINT((3.532,2.19,2.953));
#2275=IFCCARTESIANPOINT((3.532,2.19,2.925));
#2276=IFCCARTESIANPOINT((3.532,2.43,2.925));
#2277=IFCCARTESIANPOINT((3.532,2.43,2.953));
#2278=IFCPOLYLOOP((#2274,#2275,#2276,#2277));
#2279=IFCFACEOUTERBOUND(#2278,.T.);
#2280=IFCFACE((#2279));
#2281=IFCPOLYLOOP((#2267,#2275,#2274,#2268));
#2282=IFCFACEOUTERBOUND(#2281,.T.);
#2283=IFCFACE((#2282));
#2284=IFCPOLYLOOP((#2276,#2270,#2269,#2277));
#2285=IFCFACEOUTERBOUND(#2284,.T.);
#2286=IFCFACE((#2285));
#2287=IFCPOLYLOOP((#2267,#2270,#2276,#2275));
#2288=IFCFACEOUTERBOUND(#2287,.T.);
#2289=IFCFACE((#2288));
#2290=IFCPOLYLOOP((#2269,#2268,#2274,#2277));
#2291=IFCFACEOUTERBOUND(#2290,.T.);
#2292=IFCFACE((#2291));
#2293=IFCCLOSEDSHELL((#2273,#2280,#2283,#2286,#2289,#2292));
#2294=IFCFACETEDBREP(#2293);
#2295=IFCSHAPEREPRESENTATION(#22,'Body','Brep',(#2294));
#2296=IFCPRODUCTDEFINITIONSHAPE($,$,(#2295));
#2297=IFCDISTRIBUTIONELEMENT('3coJtVAKjD$POnrt1cayKF',#5,'CableTray_Rung_04','',$,#51,#2296,$);
#2298=IFCCARTESIANPOINT((4.32,2.14,2.18));
#2299=IFCCARTESIANPOINT((4.32,2.14,2.88));
#2300=IFCCARTESIANPOINT((4.32,2.26,2.88));
#2301=IFCCARTESIANPOINT((4.32,2.26,2.18));
#2302=IFCPOLYLOOP((#2298,#2299,#2300,#2301));
#2303=IFCFACEOUTERBOUND(#2302,.T.);
#2304=IFCFACE((#2303));
#2305=IFCCARTESIANPOINT((4.44,2.14,2.88));
#2306=IFCCARTESIANPOINT((4.44,2.14,2.18));
#2307=IFCCARTESIANPOINT((4.44,2.26,2.18));
#2308=IFCCARTESIANPOINT((4.44,2.26,2.88));
#2309=IFCPOLYLOOP((#2305,#2306,#2307,#2308));
#2310=IFCFACEOUTERBOUND(#2309,.T.);
#2311=IFCFACE((#2310));
#2312=IFCPOLYLOOP((#2298,#2306,#2305,#2299));
#2313=IFCFACEOUTERBOUND(#2312,.T.);
#2314=IFCFACE((#2313));
#2315=IFCPOLYLOOP((#2307,#2301,#2300,#2308));
#2316=IFCFACEOUTERBOUND(#2315,.T.);
#2317=IFCFACE((#2316));
#2318=IFCPOLYLOOP((#2298,#2301,#2307,#2306));
#2319=IFCFACEOUTERBOUND(#2318,.T.);
#2320=IFCFACE((#2319));
#2321=IFCPOLYLOOP((#2300,#2299,#2305,#2308));
#2322=IFCFACEOUTERBOUND(#2321,.T.);
#2323=IFCFACE((#2322));
#2324=IFCCLOSEDSHELL((#2304,#2311,#2314,#2317,#2320,#2323));
#2325=IFCFACETEDBREP(#2324);
#2326=IFCSHAPEREPRESENTATION(#22,'Body','Brep',(#2325));
#2327=IFCPRODUCTDEFINITIONSHAPE($,$,(#2326));
#2328=IFCDISTRIBUTIONELEMENT('1vL$Ai9aj7DgU0aBwWmEiQ',#5,'CableTray_Drop_01','',$,#51,#2327,$);
#2329=IFCCARTESIANPOINT((1.8,2.78,0.2));
#2330=IFCCARTESIANPOINT((1.8,2.78,0.5));
#2331=IFCCARTESIANPOINT((1.8,2.9,0.5));
#2332=IFCCARTESIANPOINT((1.8,2.9,0.2));
#2333=IFCPOLYLOOP((#2329,#2330,#2331,#2332));
#2334=IFCFACEOUTERBOUND(#2333,.T.);
#2335=IFCFACE((#2334));
#2336=IFCCARTESIANPOINT((2.02,2.78,0.5));
#2337=IFCCARTESIANPOINT((2.02,2.78,0.2));
#2338=IFCCARTESIANPOINT((2.02,2.9,0.2));
#2339=IFCCARTESIANPOINT((2.02,2.9,0.5));
#2340=IFCPOLYLOOP((#2336,#2337,#2338,#2339));
#2341=IFCFACEOUTERBOUND(#2340,.T.);
#2342=IFCFACE((#2341));
#2343=IFCPOLYLOOP((#2329,#2337,#2336,#2330));
#2344=IFCFACEOUTERBOUND(#2343,.T.);
#2345=IFCFACE((#2344));
#2346=IFCPOLYLOOP((#2338,#2332,#2331,#2339));
#2347=IFCFACEOUTERBOUND(#2346,.T.);
#2348=IFCFACE((#2347));
#2349=IFCPOLYLOOP((#2329,#2332,#2338,#2337));
#2350=IFCFACEOUTERBOUND(#2349,.T.);
#2351=IFCFACE((#2350));
#2352=IFCPOLYLOOP((#2331,#2330,#2336,#2339));
#2353=IFCFACEOUTERBOUND(#2352,.T.);
#2354=IFCFACE((#2353));
#2355=IFCCLOSEDSHELL((#2335,#2342,#2345,#2348,#2351,#2354));
#2356=IFCFACETEDBREP(#2355);
#2357=IFCSHAPEREPRESENTATION(#22,'Body','Brep',(#2356));
#2358=IFCPRODUCTDEFINITIONSHAPE($,$,(#2357));
#2359=IFCMECHANICALFASTENER('0_9bwS$qT9Au4t3M2VFsKV',#5,'Support_PipeBracket_01','',$,#51,#2358,$,$,$,$);
#2360=IFCCARTESIANPOINT((3.3,2.78,0.2));
#2361=IFCCARTESIANPOINT((3.3,2.78,0.5));
#2362=IFCCARTESIANPOINT((3.3,2.9,0.5));
#2363=IFCCARTESIANPOINT((3.3,2.9,0.2));
#2364=IFCPOLYLOOP((#2360,#2361,#2362,#2363));
#2365=IFCFACEOUTERBOUND(#2364,.T.);
#2366=IFCFACE((#2365));
#2367=IFCCARTESIANPOINT((3.52,2.78,0.5));
#2368=IFCCARTESIANPOINT((3.52,2.78,0.2));
#2369=IFCCARTESIANPOINT((3.52,2.9,0.2));
#2370=IFCCARTESIANPOINT((3.52,2.9,0.5));
#2371=IFCPOLYLOOP((#2367,#2368,#2369,#2370));
#2372=IFCFACEOUTERBOUND(#2371,.T.);
#2373=IFCFACE((#2372));
#2374=IFCPOLYLOOP((#2360,#2368,#2367,#2361));
#2375=IFCFACEOUTERBOUND(#2374,.T.);
#2376=IFCFACE((#2375));
#2377=IFCPOLYLOOP((#2369,#2363,#2362,#2370));
#2378=IFCFACEOUTERBOUND(#2377,.T.);
#2379=IFCFACE((#2378));
#2380=IFCPOLYLOOP((#2360,#2363,#2369,#2368));
#2381=IFCFACEOUTERBOUND(#2380,.T.);
#2382=IFCFACE((#2381));
#2383=IFCPOLYLOOP((#2362,#2361,#2367,#2370));
#2384=IFCFACEOUTERBOUND(#2383,.T.);
#2385=IFCFACE((#2384));
#2386=IFCCLOSEDSHELL((#2366,#2373,#2376,#2379,#2382,#2385));
#2387=IFCFACETEDBREP(#2386);
#2388=IFCSHAPEREPRESENTATION(#22,'Body','Brep',(#2387));
#2389=IFCPRODUCTDEFINITIONSHAPE($,$,(#2388));
#2390=IFCMECHANICALFASTENER('2gr1JRXWv9$AVZpoFz7JiM',#5,'Support_PipeBracket_02','',$,#51,#2389,$,$,$,$);
#2391=IFCCARTESIANPOINT((4.45,2.78,0.2));
#2392=IFCCARTESIANPOINT((4.45,2.78,0.5));
#2393=IFCCARTESIANPOINT((4.45,2.9,0.5));
#2394=IFCCARTESIANPOINT((4.45,2.9,0.2));
#2395=IFCPOLYLOOP((#2391,#2392,#2393,#2394));
#2396=IFCFACEOUTERBOUND(#2395,.T.);
#2397=IFCFACE((#2396));
#2398=IFCCARTESIANPOINT((4.67,2.78,0.5));
#2399=IFCCARTESIANPOINT((4.67,2.78,0.2));
#2400=IFCCARTESIANPOINT((4.67,2.9,0.2));
#2401=IFCCARTESIANPOINT((4.67,2.9,0.5));
#2402=IFCPOLYLOOP((#2398,#2399,#2400,#2401));
#2403=IFCFACEOUTERBOUND(#2402,.T.);
#2404=IFCFACE((#2403));
#2405=IFCPOLYLOOP((#2391,#2399,#2398,#2392));
#2406=IFCFACEOUTERBOUND(#2405,.T.);
#2407=IFCFACE((#2406));
#2408=IFCPOLYLOOP((#2400,#2394,#2393,#2401));
#2409=IFCFACEOUTERBOUND(#2408,.T.);
#2410=IFCFACE((#2409));
#2411=IFCPOLYLOOP((#2391,#2394,#2400,#2399));
#2412=IFCFACEOUTERBOUND(#2411,.T.);
#2413=IFCFACE((#2412));
#2414=IFCPOLYLOOP((#2393,#2392,#2398,#2401));
#2415=IFCFACEOUTERBOUND(#2414,.T.);
#2416=IFCFACE((#2415));
#2417=IFCCLOSEDSHELL((#2397,#2404,#2407,#2410,#2413,#2416));
#2418=IFCFACETEDBREP(#2417);
#2419=IFCSHAPEREPRESENTATION(#22,'Body','Brep',(#2418));
#2420=IFCPRODUCTDEFINITIONSHAPE($,$,(#2419));
#2421=IFCMECHANICALFASTENER('0xYaXE5RH9mPUJWadM77ka',#5,'Support_PipeBracket_03','',$,#51,#2420,$,$,$,$);
#2422=IFCCARTESIANPOINT((1.95,3.26,2.2));
#2423=IFCCARTESIANPOINT((1.95,3.26,2.72));
#2424=IFCCARTESIANPOINT((1.95,3.32,2.72));
#2425=IFCCARTESIANPOINT((1.95,3.32,2.2));
#2426=IFCPOLYLOOP((#2422,#2423,#2424,#2425));
#2427=IFCFACEOUTERBOUND(#2426,.T.);
#2428=IFCFACE((#2427));
#2429=IFCCARTESIANPOINT((2.47,3.26,2.72));
#2430=IFCCARTESIANPOINT((2.47,3.26,2.2));
#2431=IFCCARTESIANPOINT((2.47,3.32,2.2));
#2432=IFCCARTESIANPOINT((2.47,3.32,2.72));
#2433=IFCPOLYLOOP((#2429,#2430,#2431,#2432));
#2434=IFCFACEOUTERBOUND(#2433,.T.);
#2435=IFCFACE((#2434));
#2436=IFCPOLYLOOP((#2422,#2430,#2429,#2423));
#2437=IFCFACEOUTERBOUND(#2436,.T.);
#2438=IFCFACE((#2437));
#2439=IFCPOLYLOOP((#2431,#2425,#2424,#2432));
#2440=IFCFACEOUTERBOUND(#2439,.T.);
#2441=IFCFACE((#2440));
#2442=IFCPOLYLOOP((#2422,#2425,#2431,#2430));
#2443=IFCFACEOUTERBOUND(#2442,.T.);
#2444=IFCFACE((#2443));
#2445=IFCPOLYLOOP((#2424,#2423,#2429,#2432));
#2446=IFCFACEOUTERBOUND(#2445,.T.);
#2447=IFCFACE((#2446));
#2448=IFCCLOSEDSHELL((#2428,#2435,#2438,#2441,#2444,#2447));
#2449=IFCFACETEDBREP(#2448);
#2450=IFCSHAPEREPRESENTATION(#22,'Body','Brep',(#2449));
#2451=IFCPRODUCTDEFINITIONSHAPE($,$,(#2450));
#2452=IFCMECHANICALFASTENER('23x1mDpxH1fwFsVWgUu_yH',#5,'Support_DuctHanger_01','',$,#51,#2451,$,$,$,$);
#2453=IFCCARTESIANPOINT((3.45,3.26,2.2));
#2454=IFCCARTESIANPOINT((3.45,3.26,2.72));
#2455=IFCCARTESIANPOINT((3.45,3.32,2.72));
#2456=IFCCARTESIANPOINT((3.45,3.32,2.2));
#2457=IFCPOLYLOOP((#2453,#2454,#2455,#2456));
#2458=IFCFACEOUTERBOUND(#2457,.T.);
#2459=IFCFACE((#2458));
#2460=IFCCARTESIANPOINT((3.97,3.26,2.72));
#2461=IFCCARTESIANPOINT((3.97,3.26,2.2));
#2462=IFCCARTESIANPOINT((3.97,3.32,2.2));
#2463=IFCCARTESIANPOINT((3.97,3.32,2.72));
#2464=IFCPOLYLOOP((#2460,#2461,#2462,#2463));
#2465=IFCFACEOUTERBOUND(#2464,.T.);
#2466=IFCFACE((#2465));
#2467=IFCPOLYLOOP((#2453,#2461,#2460,#2454));
#2468=IFCFACEOUTERBOUND(#2467,.T.);
#2469=IFCFACE((#2468));
#2470=IFCPOLYLOOP((#2462,#2456,#2455,#2463));
#2471=IFCFACEOUTERBOUND(#2470,.T.);
#2472=IFCFACE((#2471));
#2473=IFCPOLYLOOP((#2453,#2456,#2462,#2461));
#2474=IFCFACEOUTERBOUND(#2473,.T.);
#2475=IFCFACE((#2474));
#2476=IFCPOLYLOOP((#2455,#2454,#2460,#2463));
#2477=IFCFACEOUTERBOUND(#2476,.T.);
#2478=IFCFACE((#2477));
#2479=IFCCLOSEDSHELL((#2459,#2466,#2469,#2472,#2475,#2478));
#2480=IFCFACETEDBREP(#2479);
#2481=IFCSHAPEREPRESENTATION(#22,'Body','Brep',(#2480));
#2482=IFCPRODUCTDEFINITIONSHAPE($,$,(#2481));
#2483=IFCMECHANICALFASTENER('0Ojk$ffr99mP09B17qgHFA',#5,'Support_DuctHanger_02','',$,#51,#2482,$,$,$,$);
#2484=IFCCARTESIANPOINT((4.3,3.26,2.2));
#2485=IFCCARTESIANPOINT((4.3,3.26,2.72));
#2486=IFCCARTESIANPOINT((4.3,3.32,2.72));
#2487=IFCCARTESIANPOINT((4.3,3.32,2.2));
#2488=IFCPOLYLOOP((#2484,#2485,#2486,#2487));
#2489=IFCFACEOUTERBOUND(#2488,.T.);
#2490=IFCFACE((#2489));
#2491=IFCCARTESIANPOINT((4.82,3.26,2.72));
#2492=IFCCARTESIANPOINT((4.82,3.26,2.2));
#2493=IFCCARTESIANPOINT((4.82,3.32,2.2));
#2494=IFCCARTESIANPOINT((4.82,3.32,2.72));
#2495=IFCPOLYLOOP((#2491,#2492,#2493,#2494));
#2496=IFCFACEOUTERBOUND(#2495,.T.);
#2497=IFCFACE((#2496));
#2498=IFCPOLYLOOP((#2484,#2492,#2491,#2485));
#2499=IFCFACEOUTERBOUND(#2498,.T.);
#2500=IFCFACE((#2499));
#2501=IFCPOLYLOOP((#2493,#2487,#2486,#2494));
#2502=IFCFACEOUTERBOUND(#2501,.T.);
#2503=IFCFACE((#2502));
#2504=IFCPOLYLOOP((#2484,#2487,#2493,#2492));
#2505=IFCFACEOUTERBOUND(#2504,.T.);
#2506=IFCFACE((#2505));
#2507=IFCPOLYLOOP((#2486,#2485,#2491,#2494));
#2508=IFCFACEOUTERBOUND(#2507,.T.);
#2509=IFCFACE((#2508));
#2510=IFCCLOSEDSHELL((#2490,#2497,#2500,#2503,#2506,#2509));
#2511=IFCFACETEDBREP(#2510);
#2512=IFCSHAPEREPRESENTATION(#22,'Body','Brep',(#2511));
#2513=IFCPRODUCTDEFINITIONSHAPE($,$,(#2512));
#2514=IFCMECHANICALFASTENER('06y1HrVcDAZ9zex_yzKdn3',#5,'Support_DuctHanger_03','',$,#51,#2513,$,$,$,$);
#2515=IFCCARTESIANPOINT((2.1,2.17,2.68));
#2516=IFCCARTESIANPOINT((2.1,2.17,2.94));
#2517=IFCCARTESIANPOINT((2.1,2.47,2.94));
#2518=IFCCARTESIANPOINT((2.1,2.47,2.68));
#2519=IFCPOLYLOOP((#2515,#2516,#2517,#2518));
#2520=IFCFACEOUTERBOUND(#2519,.T.);
#2521=IFCFACE((#2520));
#2522=IFCCARTESIANPOINT((2.16,2.17,2.94));
#2523=IFCCARTESIANPOINT((2.16,2.17,2.68));
#2524=IFCCARTESIANPOINT((2.16,2.47,2.68));
#2525=IFCCARTESIANPOINT((2.16,2.47,2.94));
#2526=IFCPOLYLOOP((#2522,#2523,#2524,#2525));
#2527=IFCFACEOUTERBOUND(#2526,.T.);
#2528=IFCFACE((#2527));
#2529=IFCPOLYLOOP((#2515,#2523,#2522,#2516));
#2530=IFCFACEOUTERBOUND(#2529,.T.);
#2531=IFCFACE((#2530));
#2532=IFCPOLYLOOP((#2524,#2518,#2517,#2525));
#2533=IFCFACEOUTERBOUND(#2532,.T.);
#2534=IFCFACE((#2533));
#2535=IFCPOLYLOOP((#2515,#2518,#2524,#2523));
#2536=IFCFACEOUTERBOUND(#2535,.T.);
#2537=IFCFACE((#2536));
#2538=IFCPOLYLOOP((#2517,#2516,#2522,#2525));
#2539=IFCFACEOUTERBOUND(#2538,.T.);
#2540=IFCFACE((#2539));
#2541=IFCCLOSEDSHELL((#2521,#2528,#2531,#2534,#2537,#2540));
#2542=IFCFACETEDBREP(#2541);
#2543=IFCSHAPEREPRESENTATION(#22,'Body','Brep',(#2542));
#2544=IFCPRODUCTDEFINITIONSHAPE($,$,(#2543));
#2545=IFCMECHANICALFASTENER('1Xc2wmHq11gwf_wIoXZ35C',#5,'Support_CableTrayHanger_01','',$,#51,#2544,$,$,$,$);
#2546=IFCCARTESIANPOINT((3.65,2.17,2.68));
#2547=IFCCARTESIANPOINT((3.65,2.17,2.94));
#2548=IFCCARTESIANPOINT((3.65,2.47,2.94));
#2549=IFCCARTESIANPOINT((3.65,2.47,2.68));
#2550=IFCPOLYLOOP((#2546,#2547,#2548,#2549));
#2551=IFCFACEOUTERBOUND(#2550,.T.);
#2552=IFCFACE((#2551));
#2553=IFCCARTESIANPOINT((3.71,2.17,2.94));
#2554=IFCCARTESIANPOINT((3.71,2.17,2.68));
#2555=IFCCARTESIANPOINT((3.71,2.47,2.68));
#2556=IFCCARTESIANPOINT((3.71,2.47,2.94));
#2557=IFCPOLYLOOP((#2553,#2554,#2555,#2556));
#2558=IFCFACEOUTERBOUND(#2557,.T.);
#2559=IFCFACE((#2558));
#2560=IFCPOLYLOOP((#2546,#2554,#2553,#2547));
#2561=IFCFACEOUTERBOUND(#2560,.T.);
#2562=IFCFACE((#2561));
#2563=IFCPOLYLOOP((#2555,#2549,#2548,#2556));
#2564=IFCFACEOUTERBOUND(#2563,.T.);
#2565=IFCFACE((#2564));
#2566=IFCPOLYLOOP((#2546,#2549,#2555,#2554));
#2567=IFCFACEOUTERBOUND(#2566,.T.);
#2568=IFCFACE((#2567));
#2569=IFCPOLYLOOP((#2548,#2547,#2553,#2556));
#2570=IFCFACEOUTERBOUND(#2569,.T.);
#2571=IFCFACE((#2570));
#2572=IFCCLOSEDSHELL((#2552,#2559,#2562,#2565,#2568,#2571));
#2573=IFCFACETEDBREP(#2572);
#2574=IFCSHAPEREPRESENTATION(#22,'Body','Brep',(#2573));
#2575=IFCPRODUCTDEFINITIONSHAPE($,$,(#2574));
#2576=IFCMECHANICALFASTENER('3cxgSxPTnAyhyVut3uX1UU',#5,'Support_CableTrayHanger_02','',$,#51,#2575,$,$,$,$);
#2577=IFCCARTESIANPOINT((1.906,2.82,1.8));
#2578=IFCCARTESIANPOINT((1.906,2.86,1.84));
#2579=IFCCARTESIANPOINT((1.9,2.86,1.846));
#2580=IFCPOLYLOOP((#2577,#2578,#2579));
#2581=IFCFACEOUTERBOUND(#2580,.T.);
#2582=IFCFACE((#2581));
#2583=IFCCARTESIANPOINT((1.9,2.814,1.8));
#2584=IFCPOLYLOOP((#2577,#2579,#2583));
#2585=IFCFACEOUTERBOUND(#2584,.T.);
#2586=IFCFACE((#2585));
#2587=IFCCARTESIANPOINT((1.9,2.826,1.8));
#2588=IFCCARTESIANPOINT((1.9,2.86,1.834));
#2589=IFCPOLYLOOP((#2587,#2588,#2578));
#2590=IFCFACEOUTERBOUND(#2589,.T.);
#2591=IFCFACE((#2590));
#2592=IFCPOLYLOOP((#2587,#2578,#2577));
#2593=IFCFACEOUTERBOUND(#2592,.T.);
#2594=IFCFACE((#2593));
#2595=IFCCARTESIANPOINT((1.894,2.82,1.8));
#2596=IFCPOLYLOOP((#2595,#2583,#2579));
#2597=IFCFACEOUTERBOUND(#2596,.T.);
#2598=IFCFACE((#2597));
#2599=IFCCARTESIANPOINT((1.894,2.86,1.84));
#2600=IFCPOLYLOOP((#2595,#2599,#2588));
#2601=IFCFACEOUTERBOUND(#2600,.T.);
#2602=IFCFACE((#2601));
#2603=IFCPOLYLOOP((#2595,#2579,#2599));
#2604=IFCFACEOUTERBOUND(#2603,.T.);
#2605=IFCFACE((#2604));
#2606=IFCPOLYLOOP((#2595,#2588,#2587));
#2607=IFCFACEOUTERBOUND(#2606,.T.);
#2608=IFCFACE((#2607));
#2609=IFCCARTESIANPOINT((1.906,2.86,1.76));
#2610=IFCCARTESIANPOINT((1.9,2.86,1.754));
#2611=IFCPOLYLOOP((#2609,#2583,#2610));
#2612=IFCFACEOUTERBOUND(#2611,.T.);
#2613=IFCFACE((#2612));
#2614=IFCPOLYLOOP((#2609,#2577,#2583));
#2615=IFCFACEOUTERBOUND(#2614,.T.);
#2616=IFCFACE((#2615));
#2617=IFCCARTESIANPOINT((1.9,2.86,1.766));
#2618=IFCPOLYLOOP((#2617,#2587,#2577));
#2619=IFCFACEOUTERBOUND(#2618,.T.);
#2620=IFCFACE((#2619));
#2621=IFCPOLYLOOP((#2617,#2577,#2609));
#2622=IFCFACEOUTERBOUND(#2621,.T.);
#2623=IFCFACE((#2622));
#2624=IFCCARTESIANPOINT((1.894,2.86,1.76));
#2625=IFCPOLYLOOP((#2624,#2610,#2583));
#2626=IFCFACEOUTERBOUND(#2625,.T.);
#2627=IFCFACE((#2626));
#2628=IFCPOLYLOOP((#2624,#2583,#2595));
#2629=IFCFACEOUTERBOUND(#2628,.T.);
#2630=IFCFACE((#2629));
#2631=IFCPOLYLOOP((#2624,#2587,#2617));
#2632=IFCFACEOUTERBOUND(#2631,.T.);
#2633=IFCFACE((#2632));
#2634=IFCPOLYLOOP((#2624,#2595,#2587));
#2635=IFCFACEOUTERBOUND(#2634,.T.);
#2636=IFCFACE((#2635));
#2637=IFCCARTESIANPOINT((1.906,2.9,1.8));
#2638=IFCCARTESIANPOINT((1.9,2.906,1.8));
#2639=IFCPOLYLOOP((#2637,#2610,#2638));
#2640=IFCFACEOUTERBOUND(#2639,.T.);
#2641=IFCFACE((#2640));
#2642=IFCPOLYLOOP((#2637,#2638,#2579));
#2643=IFCFACEOUTERBOUND(#2642,.T.);
#2644=IFCFACE((#2643));
#2645=IFCPOLYLOOP((#2637,#2579,#2578));
#2646=IFCFACEOUTERBOUND(#2645,.T.);
#2647=IFCFACE((#2646));
#2648=IFCPOLYLOOP((#2637,#2609,#2610));
#2649=IFCFACEOUTERBOUND(#2648,.T.);
#2650=IFCFACE((#2649));
#2651=IFCCARTESIANPOINT((1.9,2.894,1.8));
#2652=IFCPOLYLOOP((#2651,#2578,#2588));
#2653=IFCFACEOUTERBOUND(#2652,.T.);
#2654=IFCFACE((#2653));
#2655=IFCPOLYLOOP((#2651,#2637,#2578));
#2656=IFCFACEOUTERBOUND(#2655,.T.);
#2657=IFCFACE((#2656));
#2658=IFCPOLYLOOP((#2651,#2617,#2609));
#2659=IFCFACEOUTERBOUND(#2658,.T.);
#2660=IFCFACE((#2659));
#2661=IFCPOLYLOOP((#2651,#2609,#2637));
#2662=IFCFACEOUTERBOUND(#2661,.T.);
#2663=IFCFACE((#2662));
#2664=IFCCARTESIANPOINT((1.894,2.9,1.8));
#2665=IFCPOLYLOOP((#2664,#2638,#2610));
#2666=IFCFACEOUTERBOUND(#2665,.T.);
#2667=IFCFACE((#2666));
#2668=IFCPOLYLOOP((#2664,#2579,#2638));
#2669=IFCFACEOUTERBOUND(#2668,.T.);
#2670=IFCFACE((#2669));
#2671=IFCPOLYLOOP((#2664,#2588,#2599));
#2672=IFCFACEOUTERBOUND(#2671,.T.);
#2673=IFCFACE((#2672));
#2674=IFCPOLYLOOP((#2664,#2599,#2579));
#2675=IFCFACEOUTERBOUND(#2674,.T.);
#2676=IFCFACE((#2675));
#2677=IFCPOLYLOOP((#2664,#2610,#2624));
#2678=IFCFACEOUTERBOUND(#2677,.T.);
#2679=IFCFACE((#2678));
#2680=IFCPOLYLOOP((#2664,#2624,#2617));
#2681=IFCFACEOUTERBOUND(#2680,.T.);
#2682=IFCFACE((#2681));
#2683=IFCPOLYLOOP((#2664,#2617,#2651));
#2684=IFCFACEOUTERBOUND(#2683,.T.);
#2685=IFCFACE((#2684));
#2686=IFCPOLYLOOP((#2664,#2651,#2588));
#2687=IFCFACEOUTERBOUND(#2686,.T.);
#2688=IFCFACE((#2687));
#2689=IFCCLOSEDSHELL((#2582,#2586,#2591,#2594,#2598,#2602,#2605,#2608,#2613,#2616,#2620,#2623,#2627,#2630,#2633,#2636,#2641,#2644,#2647,#2650,#2654,#2657,#2660,#2663,#2667,#2670,#2673,#2676,#2679,#2682,#2685,#2688));
#2690=IFCFACETEDBREP(#2689);
#2691=IFCSHAPEREPRESENTATION(#22,'Body','Brep',(#2690));
#2692=IFCPRODUCTDEFINITIONSHAPE($,$,(#2691));
#2693=IFCMECHANICALFASTENER('2q9$YSaVbB5hrp6Wv5wzNG',#5,'PipeClamp_TypeA_01','',$,#51,#2692,$,$,$,$);
#2694=IFCCARTESIANPOINT((1.76,2.76,0.2));
#2695=IFCCARTESIANPOINT((1.76,2.76,0.212));
#2696=IFCCARTESIANPOINT((1.76,2.92,0.212));
#2697=IFCCARTESIANPOINT((1.76,2.92,0.2));
#2698=IFCPOLYLOOP((#2694,#2695,#2696,#2697));
#2699=IFCFACEOUTERBOUND(#2698,.T.);
#2700=IFCFACE((#2699));
#2701=IFCCARTESIANPOINT((2.02,2.76,0.212));
#2702=IFCCARTESIANPOINT((2.02,2.76,0.2));
#2703=IFCCARTESIANPOINT((2.02,2.92,0.2));
#2704=IFCCARTESIANPOINT((2.02,2.92,0.212));
#2705=IFCPOLYLOOP((#2701,#2702,#2703,#2704));
#2706=IFCFACEOUTERBOUND(#2705,.T.);
#2707=IFCFACE((#2706));
#2708=IFCPOLYLOOP((#2694,#2702,#2701,#2695));
#2709=IFCFACEOUTERBOUND(#2708,.T.);
#2710=IFCFACE((#2709));
#2711=IFCPOLYLOOP((#2703,#2697,#2696,#2704));
#2712=IFCFACEOUTERBOUND(#2711,.T.);
#2713=IFCFACE((#2712));
#2714=IFCPOLYLOOP((#2694,#2697,#2703,#2702));
#2715=IFCFACEOUTERBOUND(#2714,.T.);
#2716=IFCFACE((#2715));
#2717=IFCPOLYLOOP((#2696,#2695,#2701,#2704));
#2718=IFCFACEOUTERBOUND(#2717,.T.);
#2719=IFCFACE((#2718));
#2720=IFCCLOSEDSHELL((#2700,#2707,#2710,#2713,#2716,#2719));
#2721=IFCFACETEDBREP(#2720);
#2722=IFCSHAPEREPRESENTATION(#22,'Body','Brep',(#2721));
#2723=IFCPRODUCTDEFINITIONSHAPE($,$,(#2722));
#2724=IFCMECHANICALFASTENER('2zfbtLVVj5HwWBZ9Zorlqj',#5,'Plate_Mounting_01','',$,#51,#2723,$,$,$,$);
#2725=IFCCARTESIANPOINT((5.9399999999996,2.88227241335971,1.75250000000005));
#2726=IFCCARTESIANPOINT((5.9399999999996,2.80000000000018,1.70499999999993));
#2727=IFCCARTESIANPOINT((5.69999999999982,2.80000000000018,1.70499999999993));
#2728=IFCPOLYLOOP((#2725,#2726,#2727));
#2729=IFCFACEOUTERBOUND(#2728,.T.);
#2730=IFCFACE((#2729));
#2731=IFCCARTESIANPOINT((5.69999999999982,2.88227241335971,1.75250000000005));
#2732=IFCPOLYLOOP((#2725,#2727,#2731));
#2733=IFCFACEOUTERBOUND(#2732,.T.);
#2734=IFCFACE((#2733));
#2735=IFCCARTESIANPOINT((5.9399999999996,2.88227241335971,1.84749999999985));
#2736=IFCCARTESIANPOINT((5.69999999999982,2.88227241335971,1.84749999999985));
#2737=IFCPOLYLOOP((#2735,#2731,#2736));
#2738=IFCFACEOUTERBOUND(#2737,.T.);
#2739=IFCFACE((#2738));
#2740=IFCPOLYLOOP((#2735,#2725,#2731));
#2741=IFCFACEOUTERBOUND(#2740,.T.);
#2742=IFCFACE((#2741));
#2743=IFCCARTESIANPOINT((5.9399999999996,2.80000000000018,1.89499999999998));
#2744=IFCCARTESIANPOINT((5.69999999999982,2.80000000000018,1.89499999999998));
#2745=IFCPOLYLOOP((#2743,#2736,#2744));
#2746=IFCFACEOUTERBOUND(#2745,.T.);
#2747=IFCFACE((#2746));
#2748=IFCPOLYLOOP((#2743,#2735,#2736));
#2749=IFCFACEOUTERBOUND(#2748,.T.);
#2750=IFCFACE((#2749));
#2751=IFCCARTESIANPOINT((5.9399999999996,2.71772758664065,1.84749999999985));
#2752=IFCCARTESIANPOINT((5.69999999999982,2.71772758664065,1.84749999999985));
#2753=IFCPOLYLOOP((#2751,#2744,#2752));
#2754=IFCFACEOUTERBOUND(#2753,.T.);
#2755=IFCFACE((#2754));
#2756=IFCPOLYLOOP((#2751,#2743,#2744));
#2757=IFCFACEOUTERBOUND(#2756,.T.);
#2758=IFCFACE((#2757));
#2759=IFCCARTESIANPOINT((5.9399999999996,2.71772758664065,1.75250000000005));
#2760=IFCCARTESIANPOINT((5.69999999999982,2.71772758664065,1.75250000000005));
#2761=IFCPOLYLOOP((#2759,#2752,#2760));
#2762=IFCFACEOUTERBOUND(#2761,.T.);
#2763=IFCFACE((#2762));
#2764=IFCPOLYLOOP((#2759,#2751,#2752));
#2765=IFCFACEOUTERBOUND(#2764,.T.);
#2766=IFCFACE((#2765));
#2767=IFCPOLYLOOP((#2726,#2760,#2727));
#2768=IFCFACEOUTERBOUND(#2767,.T.);
#2769=IFCFACE((#2768));
#2770=IFCPOLYLOOP((#2726,#2759,#2760));
#2771=IFCFACEOUTERBOUND(#2770,.T.);
#2772=IFCFACE((#2771));
#2773=IFCCARTESIANPOINT((5.9399999999996,2.75885503233985,1.85663118960611));
#2774=IFCPOLYLOOP((#2743,#2751,#2773));
#2775=IFCFACEOUTERBOUND(#2774,.T.);
#2776=IFCFACE((#2775));
#2777=IFCCARTESIANPOINT((5.9399999999996,2.73342604385971,1.77836881039366));
#2778=IFCPOLYLOOP((#2777,#2773,#2751));
#2779=IFCFACEOUTERBOUND(#2778,.T.);
#2780=IFCFACE((#2779));
#2781=IFCPOLYLOOP((#2759,#2777,#2751));
#2782=IFCFACEOUTERBOUND(#2781,.T.);
#2783=IFCFACE((#2782));
#2784=IFCCARTESIANPOINT((5.9399999999996,2.84114496766051,1.85663118960611));
#2785=IFCPOLYLOOP((#2784,#2743,#2773));
#2786=IFCFACEOUTERBOUND(#2785,.T.);
#2787=IFCFACE((#2786));
#2788=IFCPOLYLOOP((#2735,#2743,#2784));
#2789=IFCFACEOUTERBOUND(#2788,.T.);
#2790=IFCFACE((#2789));
#2791=IFCCARTESIANPOINT((5.9399999999996,2.80000000000018,1.73000000000002));
#2792=IFCPOLYLOOP((#2791,#2777,#2759));
#2793=IFCFACEOUTERBOUND(#2792,.T.);
#2794=IFCFACE((#2793));
#2795=IFCCARTESIANPOINT((5.9399999999996,2.86657395614066,1.77836881039366));
#2796=IFCPOLYLOOP((#2795,#2735,#2784));
#2797=IFCFACEOUTERBOUND(#2796,.T.);
#2798=IFCFACE((#2797));
#2799=IFCPOLYLOOP((#2726,#2791,#2759));
#2800=IFCFACEOUTERBOUND(#2799,.T.);
#2801=IFCFACE((#2800));
#2802=IFCPOLYLOOP((#2725,#2795,#2791));
#2803=IFCFACEOUTERBOUND(#2802,.T.);
#2804=IFCFACE((#2803));
#2805=IFCPOLYLOOP((#2725,#2791,#2726));
#2806=IFCFACEOUTERBOUND(#2805,.T.);
#2807=IFCFACE((#2806));
#2808=IFCPOLYLOOP((#2725,#2735,#2795));
#2809=IFCFACEOUTERBOUND(#2808,.T.);
#2810=IFCFACE((#2809));
#2811=IFCCARTESIANPOINT((5.69999999999982,2.75885503233985,1.85663118960611));
#2812=IFCPOLYLOOP((#2752,#2744,#2811));
#2813=IFCFACEOUTERBOUND(#2812,.T.);
#2814=IFCFACE((#2813));
#2815=IFCCARTESIANPOINT((5.69999999999982,2.73342604385971,1.77836881039366));
#2816=IFCPOLYLOOP((#2811,#2815,#2752));
#2817=IFCFACEOUTERBOUND(#2816,.T.);
#2818=IFCFACE((#2817));
#2819=IFCPOLYLOOP((#2815,#2760,#2752));
#2820=IFCFACEOUTERBOUND(#2819,.T.);
#2821=IFCFACE((#2820));
#2822=IFCCARTESIANPOINT((5.69999999999982,2.84114496766051,1.85663118960611));
#2823=IFCPOLYLOOP((#2744,#2822,#2811));
#2824=IFCFACEOUTERBOUND(#2823,.T.);
#2825=IFCFACE((#2824));
#2826=IFCPOLYLOOP((#2744,#2736,#2822));
#2827=IFCFACEOUTERBOUND(#2826,.T.);
#2828=IFCFACE((#2827));
#2829=IFCCARTESIANPOINT((5.69999999999982,2.80000000000018,1.73000000000002));
#2830=IFCPOLYLOOP((#2815,#2829,#2760));
#2831=IFCFACEOUTERBOUND(#2830,.T.);
#2832=IFCFACE((#2831));
#2833=IFCCARTESIANPOINT((5.69999999999982,2.86657395614066,1.77836881039366));
#2834=IFCPOLYLOOP((#2736,#2833,#2822));
#2835=IFCFACEOUTERBOUND(#2834,.T.);
#2836=IFCFACE((#2835));
#2837=IFCPOLYLOOP((#2829,#2727,#2760));
#2838=IFCFACEOUTERBOUND(#2837,.T.);
#2839=IFCFACE((#2838));
#2840=IFCPOLYLOOP((#2833,#2731,#2829));
#2841=IFCFACEOUTERBOUND(#2840,.T.);
#2842=IFCFACE((#2841));
#2843=IFCPOLYLOOP((#2829,#2731,#2727));
#2844=IFCFACEOUTERBOUND(#2843,.T.);
#2845=IFCFACE((#2844));
#2846=IFCPOLYLOOP((#2736,#2731,#2833));
#2847=IFCFACEOUTERBOUND(#2846,.T.);
#2848=IFCFACE((#2847));
#2849=IFCPOLYLOOP((#2791,#2795,#2829));
#2850=IFCFACEOUTERBOUND(#2849,.T.);
#2851=IFCFACE((#2850));
#2852=IFCPOLYLOOP((#2829,#2795,#2833));
#2853=IFCFACEOUTERBOUND(#2852,.T.);
#2854=IFCFACE((#2853));
#2855=IFCPOLYLOOP((#2833,#2784,#2822));
#2856=IFCFACEOUTERBOUND(#2855,.T.);
#2857=IFCFACE((#2856));
#2858=IFCPOLYLOOP((#2795,#2784,#2833));
#2859=IFCFACEOUTERBOUND(#2858,.T.);
#2860=IFCFACE((#2859));
#2861=IFCPOLYLOOP((#2822,#2773,#2811));
#2862=IFCFACEOUTERBOUND(#2861,.T.);
#2863=IFCFACE((#2862));
#2864=IFCPOLYLOOP((#2784,#2773,#2822));
#2865=IFCFACEOUTERBOUND(#2864,.T.);
#2866=IFCFACE((#2865));
#2867=IFCPOLYLOOP((#2811,#2777,#2815));
#2868=IFCFACEOUTERBOUND(#2867,.T.);
#2869=IFCFACE((#2868));
#2870=IFCPOLYLOOP((#2773,#2777,#2811));
#2871=IFCFACEOUTERBOUND(#2870,.T.);
#2872=IFCFACE((#2871));
#2873=IFCPOLYLOOP((#2815,#2791,#2829));
#2874=IFCFACEOUTERBOUND(#2873,.T.);
#2875=IFCFACE((#2874));
#2876=IFCPOLYLOOP((#2777,#2791,#2815));
#2877=IFCFACEOUTERBOUND(#2876,.T.);
#2878=IFCFACE((#2877));
#2879=IFCCLOSEDSHELL((#2730,#2734,#2739,#2742,#2747,#2750,#2755,#2758,#2763,#2766,#2769,#2772,#2776,#2780,#2783,#2787,#2790,#2794,#2798,#2801,#2804,#2807,#2810,#2814,#2818,#2821,#2825,#2828,#2832,#2836,#2839,#2842,#2845,#2848,#2851,#2854,#2857,#2860,#2863,#2866,#2869,#2872,#2875,#2878));
#2880=IFCFACETEDBREP(#2879);
#2881=IFCSHAPEREPRESENTATION(#22,'Body','Brep',(#2880));
#2882=IFCPRODUCTDEFINITIONSHAPE($,$,(#2881));
#2883=IFCBUILDINGELEMENTPART('3wC6Enkj50ne3aAe6Q7Ou4',#5,'Sleeve_WallPenetration_01','',$,#51,#2882,$,$);
#2884=IFCCARTESIANPOINT((0.65,1.7,0.2));
#2885=IFCCARTESIANPOINT((0.65,1.7,2.1));
#2886=IFCCARTESIANPOINT((0.65,2.7,2.1));
#2887=IFCCARTESIANPOINT((0.65,2.7,0.2));
#2888=IFCPOLYLOOP((#2884,#2885,#2886,#2887));
#2889=IFCFACEOUTERBOUND(#2888,.T.);
#2890=IFCFACE((#2889));
#2891=IFCCARTESIANPOINT((2.45,1.7,2.1));
#2892=IFCCARTESIANPOINT((2.45,1.7,0.2));
#2893=IFCCARTESIANPOINT((2.45,2.7,0.2));
#2894=IFCCARTESIANPOINT((2.45,2.7,2.1));
#2895=IFCPOLYLOOP((#2891,#2892,#2893,#2894));
#2896=IFCFACEOUTERBOUND(#2895,.T.);
#2897=IFCFACE((#2896));
#2898=IFCPOLYLOOP((#2884,#2892,#2891,#2885));
#2899=IFCFACEOUTERBOUND(#2898,.T.);
#2900=IFCFACE((#2899));
#2901=IFCPOLYLOOP((#2893,#2887,#2886,#2894));
#2902=IFCFACEOUTERBOUND(#2901,.T.);
#2903=IFCFACE((#2902));
#2904=IFCPOLYLOOP((#2884,#2887,#2893,#2892));
#2905=IFCFACEOUTERBOUND(#2904,.T.);
#2906=IFCFACE((#2905));
#2907=IFCPOLYLOOP((#2886,#2885,#2891,#2894));
#2908=IFCFACEOUTERBOUND(#2907,.T.);
#2909=IFCFACE((#2908));
#2910=IFCCLOSEDSHELL((#2890,#2897,#2900,#2903,#2906,#2909));
#2911=IFCFACETEDBREP(#2910);
#2912=IFCSHAPEREPRESENTATION(#22,'Body','Brep',(#2911));
#2913=IFCPRODUCTDEFINITIONSHAPE($,$,(#2912));
#2914=IFCVIRTUALELEMENT('3MVWa$hUb66ALkFzRvGwLi',#5,'Clearance_ServiceZone_AHU_01','',$,#51,#2913,$);
#2915=IFCSITE('3MhBYoqHTDYB9KWXdmDNc_',#5,'Site_OpenBIM_Testbed','',$,$,$,'Site_OpenBIM_Testbed',.ELEMENT.,(0,0,0),(0,0,0),0.,$,$);
#2916=IFCBUILDING('0oDprQVST9XRaw_39fppNC',#5,'Building_MechanicalLab','',$,$,$,'Building_MechanicalLab',.ELEMENT.,$,$,$);
#2917=IFCBUILDINGSTOREY('2p8u6VGJD3tgLK2xenzyju',#5,'Storey_MechanicalLevel_01','',$,$,$,'Storey_MechanicalLevel_01',.ELEMENT.,$);
#2918=IFCSPACE('0GEDtfyV1DARygYAJHqvHo',#5,'Space_MechanicalRoom_001','',$,$,$,'Space_MechanicalRoom_001',.COMPLEX.,.SPACE.,1.79769313486232E+305);
#2919=IFCRELAGGREGATES('2FfzIWIwbCUfvWVE$kpYnG',#5,'StoreyLink','',#2917,(#2918));
#2920=IFCRELAGGREGATES('1X$cziqGj8zPywXw3Q0cQX',#5,'BuildingLink','',#2916,(#2917));
#2921=IFCRELAGGREGATES('3qixapWfz1lPuAVZidwPyB',#5,'ProjectLink','',#23,(#2915));
#2922=IFCRELAGGREGATES('2wQTr_iNj9QALhcSj42cTQ',#5,'BuildingLink','',#2916,(#2917));
#2923=IFCRELAGGREGATES('1PkbSNxVj4lhiDcK6uRn7j',#5,'SiteLink','',#2915,(#2916));
#2924=IFCRELCONTAINEDINSPATIALSTRUCTURE('2IAM$PRQLCWAuOz1b9iS38',#5,'UnassignedObjectsLink','',(#54,#83,#113,#143,#170,#197,#228,#259,#290,#321,#352,#513,#544,#575,#606,#637,#668,#699,#730,#761,#866,#971,#1104,#1237,#1268,#1299,#1348,#1397,#1446,#1495,#1544,#1593,#1642,#1673,#1704,#1821,#1938,#1987,#2018,#2049,#2080,#2111,#2142,#2173,#2204,#2235,#2266,#2297,#2328,#2359,#2390,#2421,#2452,#2483,#2514,#2545,#2576,#2693,#2724,#2883,#2914),#2917);
ENDSEC;
END-ISO-10303-21;
